rule_idx,rule_name,rule_group,step,n_runs,turnout_mean,turnout_q25,turnout_q75,gini_assets_mean,gini_assets_q25,gini_assets_q75,collective_assets_mean,collective_assets_q25,collective_assets_q75,gini_dissatisfaction_mean,gini_dissatisfaction_q25,gini_dissatisfaction_q75,mean_dissatisfaction_mean,mean_dissatisfaction_q25,mean_dissatisfaction_q75,quality_distance_mean,quality_distance_q25,quality_distance_q75
0,plurality,reference,1,200,67.12,64.75,70.0,3.655,3.0,5.0,10348.062270507813,9145.520751953125,11390.660400390625,20.415,18.0,22.0,0.3271015299856663,0.2988799437880516,0.34749750792980194,0.49375,0.25,0.75
0,plurality,reference,2,200,67.56,65.0,71.0,5.955,3.0,8.0,10783.109274902345,8947.19970703125,12767.57666015625,22.33,20.0,24.0,0.302068397924304,0.28312911838293076,0.31945300847291946,0.50875,0.25,0.75
0,plurality,reference,3,200,68.04,65.0,71.0,7.935,5.0,10.25,11368.063549804687,8770.360595703125,14039.889892578125,24.12,21.0,27.0,0.28707324512302873,0.26401325315237045,0.3087061867117882,0.46375,0.25,0.75
0,plurality,reference,4,200,67.77,64.0,71.0,9.15,6.0,12.0,11919.537109375,8575.102294921875,15250.732666015625,25.055,22.0,28.0,0.28285402119159697,0.2557011544704437,0.3047950193285942,0.465,0.25,0.75
0,plurality,reference,5,200,68.18,64.75,71.25,11.035,8.0,14.0,12510.94037109375,8277.0673828125,15977.642822265625,25.14,22.0,27.0,0.27991722524166107,0.2551158592104912,0.30537983775138855,0.50625,0.25,0.75
0,plurality,reference,6,200,68.425,65.0,72.0,11.975,8.0,16.0,13325.521262207032,8080.20947265625,17538.68994140625,25.66,22.0,28.0,0.2782143598794937,0.25334683805704117,0.30367694050073624,0.4125,0.0,0.75
0,plurality,reference,7,200,68.695,66.0,72.0,13.13,9.0,18.0,14183.605823974609,8214.022827148438,19109.5126953125,25.225,22.0,28.0,0.2797413581609726,0.25389137119054794,0.30329030007123947,0.4825,0.25,0.75
0,plurality,reference,8,200,68.025,65.0,71.0,14.51,10.0,19.25,15253.60787109375,7995.06005859375,20125.2802734375,25.195,22.0,28.25,0.27883121810853484,0.2518984228372574,0.30696092545986176,0.455,0.25,0.75
0,plurality,reference,9,200,68.685,65.0,72.0,15.675,11.0,21.0,16437.544210205077,8083.7059326171875,22498.72900390625,25.465,22.0,29.0,0.27802341014146803,0.25274763256311417,0.3024507537484169,0.49,0.25,0.75
0,plurality,reference,10,200,68.565,65.0,72.0,16.83,11.0,22.0,17853.996220703124,8132.146728515625,25383.4580078125,25.745,22.0,29.0,0.27589838437736036,0.2522744908928871,0.301655150949955,0.4475,0.25,0.75
0,plurality,reference,11,200,69.1,65.0,72.25,17.625,12.0,23.25,19358.888203125,7922.7073974609375,27690.1591796875,25.47,22.0,29.0,0.27671673059463503,0.2509138658642769,0.30444732308387756,0.45,0.25,0.75
0,plurality,reference,12,200,69.09,66.0,72.0,18.88,13.0,25.0,21157.352598876954,7748.3399658203125,28408.9345703125,25.44,21.75,29.0,0.2759600149840116,0.24812979251146317,0.3009740561246872,0.44625,0.25,0.75
0,plurality,reference,13,200,69.035,65.0,73.0,20.02,14.75,25.25,23353.33224243164,8024.18408203125,31050.6923828125,25.77,22.0,30.0,0.2755325811356306,0.2526279389858246,0.29940029233694077,0.43125,0.25,0.75
0,plurality,reference,14,200,69.375,66.0,72.25,20.885,14.75,27.0,25543.2394140625,7770.9049072265625,31415.0751953125,25.66,22.0,29.0,0.2756852349638939,0.24986688792705536,0.30090996623039246,0.445,0.25,0.75
0,plurality,reference,15,200,69.23,66.0,73.0,22.005,16.0,29.0,28124.744595947264,8265.502075195312,35153.271484375,25.775,22.0,29.0,0.2756512804329395,0.2483539655804634,0.30035966634750366,0.44875,0.25,0.75
0,plurality,reference,16,200,69.665,66.75,73.0,22.925,17.0,30.0,30868.47519897461,8657.36279296875,38276.0703125,26.15,22.0,30.0,0.27557125441730024,0.2490316815674305,0.3030971884727478,0.4225,0.0,0.75
0,plurality,reference,17,200,69.51,65.0,73.0,23.745,17.0,31.0,34314.73478881836,9327.235107421875,44842.1279296875,26.08,22.0,30.0,0.2761455499380827,0.252148374915123,0.3007986322045326,0.44625,0.25,0.75
0,plurality,reference,18,200,69.44,65.0,74.0,24.505,17.75,31.0,37700.77379760742,9884.679931640625,48356.7919921875,26.425,22.0,30.0,0.2741239470243454,0.2491113394498825,0.29888373613357544,0.4675,0.25,0.75
0,plurality,reference,19,200,70.145,66.0,74.0,25.225,19.0,32.25,41074.575063476565,9400.16455078125,52279.1708984375,26.385,23.0,30.0,0.27344303667545317,0.2487930916249752,0.29846862703561783,0.47,0.25,0.75
0,plurality,reference,20,200,70.125,66.0,74.25,26.005,19.0,33.25,45048.98944091797,10094.285888671875,55075.5361328125,26.395,22.75,30.0,0.27365020640194415,0.24962462857365608,0.30126409977674484,0.4725,0.25,0.75
0,plurality,reference,21,200,70.065,66.0,74.0,26.875,20.0,34.0,50385.00833984375,10071.520263671875,57122.328125,26.145,22.0,30.0,0.2736307721585035,0.24756356701254845,0.30054719001054764,0.42625,0.25,0.75
0,plurality,reference,22,200,69.62,66.0,74.0,27.69,20.0,35.0,56196.459379882814,10572.154296875,64862.63671875,26.27,23.0,30.0,0.2751025414466858,0.24887659773230553,0.3021012395620346,0.46375,0.25,0.75
0,plurality,reference,23,200,70.015,66.0,74.0,28.295,20.0,37.0,61839.42588256836,10756.060546875,71201.431640625,26.605,22.0,30.0,0.27504178509116173,0.2475772686302662,0.30263935029506683,0.45375,0.1875,0.75
0,plurality,reference,24,200,70.16,67.0,74.0,28.685,21.0,37.0,67271.29174499512,11247.142822265625,73485.525390625,26.135,22.0,30.0,0.2762616042047739,0.24854826182127,0.3038155436515808,0.4525,0.25,0.75
0,plurality,reference,25,200,69.945,66.0,74.0,29.165,20.75,37.25,74903.85385620117,11805.25732421875,79160.962890625,25.695,22.0,30.0,0.2771494936197996,0.2537621334195137,0.3045572489500046,0.47,0.25,0.75
0,plurality,reference,26,200,70.375,67.0,74.0,30.065,21.0,38.0,81656.26309936523,11772.484375,88779.32421875,26.045,22.0,29.25,0.27559733964502814,0.2478875368833542,0.3013428822159767,0.4625,0.25,0.75
0,plurality,reference,27,200,70.7,67.0,74.0,30.48,22.0,39.0,91618.93592529297,12050.652587890625,93758.71875,26.075,22.0,30.0,0.2756614541262388,0.2503386326134205,0.3013676777482033,0.51625,0.25,0.75
0,plurality,reference,28,200,70.175,66.0,74.0,31.22,23.0,39.25,101728.75623596192,12826.17138671875,90632.859375,26.04,22.0,30.0,0.2738099742680788,0.24851740151643753,0.3032938167452812,0.47375,0.25,0.75
0,plurality,reference,29,200,70.12,65.0,74.0,31.83,23.0,40.0,113938.55333190918,13211.21533203125,103632.130859375,26.18,23.0,30.0,0.27433615013957025,0.25050797313451767,0.3001864105463028,0.46875,0.25,0.75
0,plurality,reference,30,200,70.305,66.0,74.0,32.255,24.0,41.0,127744.72774536134,12630.96484375,117830.7734375,26.125,22.0,29.25,0.2763621573895216,0.2511492818593979,0.3018488436937332,0.50875,0.25,0.75
0,plurality,reference,31,200,70.68,66.0,74.0,32.74,24.0,41.25,145570.9532348633,13350.6220703125,129078.0234375,26.075,22.0,30.0,0.2738632797449827,0.2474328763782978,0.30146192014217377,0.46,0.25,0.75
0,plurality,reference,32,200,71.14,66.0,75.0,33.37,24.0,42.0,167158.69263214112,13367.333740234375,136900.265625,25.995,22.0,30.0,0.2743996482342482,0.2474835403263569,0.30083758383989334,0.475,0.25,0.75
0,plurality,reference,33,200,70.59,66.0,74.0,33.68,25.0,42.25,193761.54631347657,13581.12451171875,152206.66796875,26.025,22.0,30.0,0.2752348416298628,0.2489401400089264,0.29935818165540695,0.49125,0.25,0.75
0,plurality,reference,34,200,71.67,67.75,75.0,34.205,26.0,44.0,217572.57618469239,13834.87744140625,169829.10546875,25.725,22.0,30.0,0.2749298402667046,0.2483946904540062,0.30212628841400146,0.5025,0.25,0.75
0,plurality,reference,35,200,70.325,66.0,74.0,34.355,26.0,44.0,245191.75796295167,14212.94921875,185560.5859375,26.115,22.0,30.0,0.2735652306675911,0.2485940046608448,0.3010176122188568,0.455,0.25,0.75
0,plurality,reference,36,200,71.115,66.0,75.0,35.005,27.0,44.25,276833.07616058347,13692.59130859375,205818.3984375,25.825,21.0,30.0,0.27549572139978407,0.25184600055217743,0.3014339357614517,0.50125,0.25,0.75
0,plurality,reference,37,200,70.185,65.0,75.0,35.37,27.0,44.0,307039.2753405762,14270.8916015625,202671.4453125,26.27,22.0,31.0,0.274065722450614,0.250086423009634,0.29995810240507126,0.47625,0.25,0.75
0,plurality,reference,38,200,71.455,67.0,76.0,35.555,27.75,45.0,341424.22274261474,15783.681396484375,217895.671875,26.37,22.0,30.25,0.2744426520913839,0.24762623384594917,0.3019067272543907,0.48875,0.25,0.75
0,plurality,reference,39,200,71.075,67.0,74.0,35.83,27.75,45.0,387210.5484692383,16531.37109375,228919.4921875,26.23,22.0,31.0,0.2757600016891956,0.24905721098184586,0.3055279552936554,0.46,0.25,0.75
0,plurality,reference,40,200,70.84,66.0,75.0,36.4,28.0,46.0,444633.40138641355,18234.15234375,271521.6796875,26.5,22.0,30.25,0.2750877707451582,0.2528175115585327,0.30077068507671356,0.47,0.25,0.75
0,plurality,reference,41,200,71.895,67.0,77.0,36.645,28.0,45.25,513098.1314871216,17771.38720703125,310634.8046875,26.475,23.0,30.0,0.2758962466567755,0.25291989743709564,0.30161914974451065,0.48875,0.25,0.75
0,plurality,reference,42,200,71.14,66.75,75.25,37.27,29.0,47.0,601630.7417666626,17618.03515625,326344.421875,26.795,23.0,31.0,0.2731676338613033,0.24647505581378937,0.30095401406288147,0.46625,0.25,0.75
0,plurality,reference,43,200,71.52,67.0,76.0,37.635,29.75,47.0,705597.8910443116,17640.771484375,358795.1953125,27.175,23.0,31.0,0.2719336781650782,0.24481991305947304,0.2993274927139282,0.4875,0.25,0.75
0,plurality,reference,44,200,71.115,66.0,76.25,37.945,30.0,47.0,808914.9569924927,18433.75244140625,379148.3828125,27.335,22.75,32.0,0.27237057395279407,0.24505239725112915,0.30177193880081177,0.485,0.25,0.75
0,plurality,reference,45,200,71.21,66.0,76.0,38.405,31.0,47.0,934697.1790826416,18444.04833984375,392394.2265625,27.055,23.0,31.0,0.2714674133807421,0.24317502602934837,0.3013708218932152,0.4925,0.25,0.75
0,plurality,reference,46,200,71.145,66.0,76.0,38.45,30.0,47.0,1032979.7435003662,18109.29736328125,415290.0625,27.03,23.0,31.0,0.2724671905487776,0.24389321729540825,0.29991424083709717,0.47125,0.25,0.75
0,plurality,reference,47,200,71.09,66.0,76.0,38.785,31.0,48.0,1169658.318309021,17772.31787109375,434671.921875,26.87,23.0,31.0,0.2738691628724337,0.24743160977959633,0.30166348069906235,0.4875,0.25,0.75
0,plurality,reference,48,200,70.54,66.0,75.0,39.055,31.0,47.25,1309318.2143099976,17675.82568359375,491246.7265625,26.84,23.0,30.25,0.27334699779748917,0.24985205754637718,0.3000990077853203,0.495,0.25,0.75
0,plurality,reference,49,200,70.775,66.0,76.0,39.375,31.0,48.25,1428695.6595077515,20024.779296875,518017.4140625,26.77,23.0,30.0,0.27380566418170926,0.24801114946603775,0.30169807374477386,0.52,0.25,0.75
0,plurality,reference,50,200,71.525,66.0,77.0,39.78,32.0,48.25,1614017.4602789306,20730.03271484375,517256.2421875,27.165,23.0,31.0,0.2729326242208481,0.2467375509440899,0.3000529184937477,0.52625,0.25,0.75
0,plurality,reference,51,200,70.845,65.0,77.0,40.105,32.0,49.0,1819741.6308743285,21374.5556640625,525812.3828125,27.465,23.0,31.25,0.27275167845189574,0.25012487918138504,0.30079691857099533,0.4875,0.25,0.75
0,plurality,reference,52,200,71.35,67.0,76.0,40.225,32.0,49.0,2016835.7071902466,21092.87451171875,621870.3125,27.24,23.0,32.0,0.2752853201329708,0.249336376786232,0.3017185851931572,0.50125,0.25,0.75
0,plurality,reference,53,200,71.16,65.75,76.0,40.405,32.0,49.0,2269115.2395922854,22655.50537109375,694425.375,27.29,23.0,31.0,0.27321194030344487,0.24961861968040466,0.29877927154302597,0.48375,0.25,0.75
0,plurality,reference,54,200,70.965,66.0,76.0,40.745,32.0,49.0,2609179.8752709962,22956.5810546875,682468.71875,27.31,23.0,32.0,0.27343436174094676,0.24777104333043098,0.30162079632282257,0.525,0.25,0.75
0,plurality,reference,55,200,71.47,66.0,77.0,40.81,32.0,50.0,2802674.5410650633,24775.9287109375,723098.265625,27.56,23.75,31.0,0.27246994905173777,0.24883191287517548,0.2976655438542366,0.47625,0.25,0.75
0,plurality,reference,56,200,70.845,65.0,76.0,40.895,32.0,50.25,3108572.6425907896,25473.82275390625,744513.796875,27.42,24.0,31.0,0.2725028943270445,0.24960003420710564,0.2994924932718277,0.48,0.25,0.75
0,plurality,reference,57,200,70.365,65.0,75.0,41.245,32.0,51.0,3254337.380656128,24998.96826171875,758919.671875,27.15,23.0,31.0,0.2733134624361992,0.250442449003458,0.29990648478269577,0.48125,0.25,0.75
0,plurality,reference,58,200,71.74,67.0,76.0,41.655,34.0,51.0,3695089.0342008974,26709.599609375,821531.203125,27.2,23.0,31.0,0.2737271200865507,0.247075155377388,0.3018794283270836,0.49625,0.25,0.75
0,plurality,reference,59,200,70.455,65.0,74.25,41.95,34.0,51.0,4150977.7055493165,25702.8388671875,930122.96875,26.91,23.0,31.0,0.2739047949016094,0.24765616655349731,0.30115359276533127,0.4725,0.25,0.75
0,plurality,reference,60,200,70.195,65.0,75.25,41.99,34.0,51.0,4327528.862809906,26687.75341796875,1034092.609375,27.1,23.0,31.0,0.2737698655575514,0.2442779503762722,0.2994248643517494,0.47,0.25,0.75
0,plurality,reference,61,200,71.16,66.0,76.0,42.165,34.0,51.0,4924889.646273498,29723.732421875,1204171.21875,26.825,23.0,31.0,0.2739886359125376,0.24748175591230392,0.3031443879008293,0.4875,0.25,0.75
0,plurality,reference,62,200,70.795,66.0,77.0,42.27,34.0,52.0,5645438.837129669,29417.6064453125,1342509.84375,27.265,23.0,31.0,0.2726382030546665,0.24868237972259521,0.3011958971619606,0.4825,0.25,0.75
0,plurality,reference,63,200,71.075,66.0,77.0,42.585,35.0,52.0,6297461.427598114,32114.59521484375,1526136.15625,27.085,23.0,31.0,0.2740958707779646,0.2506624683737755,0.29927588254213333,0.48875,0.25,0.75
0,plurality,reference,64,200,70.62,64.0,76.25,42.7,35.0,52.0,6647769.739450837,32076.76318359375,1574499.875,27.39,23.0,31.0,0.27211486153304576,0.2477317489683628,0.2997339516878128,0.495,0.25,0.75
0,plurality,reference,65,200,70.995,66.0,76.0,42.815,35.0,52.0,7306935.9980090335,33207.89990234375,1861269.90625,27.43,23.0,31.0,0.2731150498986244,0.24790463596582413,0.3039427250623703,0.47875,0.25,0.75
0,plurality,reference,66,200,70.705,64.0,76.0,42.98,35.0,52.0,7978412.614647293,36845.2470703125,2295702.375,27.33,23.0,32.0,0.27354893580079076,0.2473190277814865,0.3000524938106537,0.48625,0.25,0.75
0,plurality,reference,67,200,70.68,65.0,76.0,43.285,35.0,52.25,8588503.885849304,40417.4169921875,2466680.625,27.58,23.0,32.0,0.2721230622380972,0.24438196048140526,0.30148157477378845,0.49,0.25,0.75
0,plurality,reference,68,200,70.69,65.0,76.0,43.415,36.0,53.0,9351304.44339531,41979.6435546875,2899319.0,27.625,23.0,32.0,0.2728725676983595,0.24512909352779388,0.30076704174280167,0.49875,0.25,0.75
0,plurality,reference,69,200,70.47,64.75,76.0,43.555,36.0,52.25,10519093.42767975,45172.6064453125,3131335.0,27.725,23.0,32.0,0.27185584776103494,0.24642914161086082,0.29775119572877884,0.47125,0.25,0.75
0,plurality,reference,70,200,71.02,65.0,76.25,43.71,35.75,53.0,12354840.12684433,46980.3857421875,3418953.875,27.775,24.0,32.0,0.27257708735764025,0.2481253817677498,0.3001025542616844,0.45375,0.25,0.75
0,plurality,reference,71,200,70.215,64.0,76.0,43.73,36.0,53.0,13706301.325420227,46232.7783203125,3649734.8125,27.58,23.0,31.0,0.2717461901158094,0.24637174233794212,0.29902728646993637,0.465,0.25,0.75
0,plurality,reference,72,200,70.7,65.0,75.0,43.86,37.0,53.0,15389244.522929078,51790.34375,3814906.9375,27.76,23.0,32.0,0.2723027041554451,0.24468564242124557,0.29993730783462524,0.52125,0.25,0.75
0,plurality,reference,73,200,70.245,65.0,75.0,44.045,36.0,53.0,17693351.149638213,57953.5419921875,4435646.75,28.11,24.0,32.0,0.270537510663271,0.2436804696917534,0.299283042550087,0.51,0.25,0.75
0,plurality,reference,74,200,70.965,66.0,75.0,44.205,37.0,53.0,20790722.572921295,56661.912109375,4557720.5,27.96,23.0,32.0,0.26997705176472664,0.24390239268541336,0.2987797036767006,0.4675,0.25,0.75
0,plurality,reference,75,200,70.715,65.0,75.25,44.3,36.75,53.0,24131182.38698471,55169.9912109375,4715401.375,27.63,23.0,32.0,0.2712880462408066,0.24668336659669876,0.299012154340744,0.4825,0.25,0.75
0,plurality,reference,76,200,70.705,65.75,76.0,44.41,37.0,53.25,28540257.120481264,55825.35546875,5116715.75,27.795,24.0,31.0,0.27096681483089924,0.24821072071790695,0.29906731098890305,0.4675,0.25,0.75
0,plurality,reference,77,200,70.14,63.75,75.0,44.64,37.0,54.0,33038162.517201692,58984.185546875,6000431.5,27.77,23.0,32.0,0.2721514054387808,0.2452276609838009,0.30041124671697617,0.515,0.25,0.75
0,plurality,reference,78,200,70.605,65.0,76.0,44.715,38.0,54.0,39433726.4731575,57804.5615234375,6860862.5,27.575,23.0,31.0,0.27146136201918125,0.2454896830022335,0.29999876022338867,0.47875,0.25,0.75
0,plurality,reference,79,200,70.88,65.0,76.0,44.8,37.0,54.0,46628459.96464722,59104.80078125,7404626.25,27.62,23.0,32.0,0.2727499710768461,0.24839003011584282,0.29909683763980865,0.49875,0.25,0.75
0,plurality,reference,80,200,70.48,64.0,76.0,44.965,38.0,54.0,53788926.06915146,58886.1044921875,8685890.25,27.525,24.0,31.25,0.2734802898019552,0.2457144632935524,0.30308837443590164,0.48,0.25,0.75
0,plurality,reference,81,200,70.175,65.0,75.25,45.07,38.75,54.0,62198487.11683594,60675.4052734375,9587627.25,27.58,23.0,32.0,0.27390992917120455,0.2481926530599594,0.30305254459381104,0.4925,0.25,0.75
0,plurality,reference,82,200,70.32,64.0,76.0,45.025,39.0,54.0,72562907.4772641,59429.2841796875,10884305.25,27.35,23.75,31.0,0.2721273185312748,0.2488419972360134,0.2981526553630829,0.5275,0.25,0.75
0,plurality,reference,83,200,70.245,65.0,76.0,45.25,38.75,54.0,82678143.74682602,59975.1630859375,10839740.75,27.145,22.75,30.0,0.271271962672472,0.24770722165703773,0.2998998984694481,0.475,0.25,0.75
0,plurality,reference,84,200,70.35,64.0,76.0,45.24,38.75,54.0,95615280.82988206,54343.6904296875,10806234.0,27.285,23.0,31.0,0.271763901039958,0.24639899656176567,0.30125779658555984,0.50375,0.25,0.75
0,plurality,reference,85,200,69.935,64.0,75.0,45.46,39.0,54.0,111241038.96718583,62893.4423828125,11037159.75,27.34,23.0,31.0,0.27187106251716614,0.24744996428489685,0.2999575063586235,0.525,0.25,0.75
0,plurality,reference,86,200,70.51,64.75,76.0,45.475,38.75,54.0,128375931.68573791,64485.8974609375,11763612.5,28.035,24.0,33.0,0.2703238374739885,0.2455570064485073,0.2998567074537277,0.53,0.25,0.75
0,plurality,reference,87,200,70.36,65.0,76.0,45.635,39.0,54.25,150524881.39201173,63663.6083984375,12674912.75,28.165,24.0,32.0,0.2703613193333149,0.2425868958234787,0.2986993044614792,0.505,0.25,0.75
0,plurality,reference,88,200,70.215,64.0,76.0,45.735,39.0,54.25,178654867.53854638,68327.94140625,12876327.0,28.105,24.0,32.0,0.26966258145868777,0.24389807879924774,0.2973969578742981,0.46125,0.25,0.75
0,plurality,reference,89,200,70.085,64.0,76.0,45.835,39.75,55.0,213401560.91948333,73616.576171875,15012785.5,28.165,24.0,32.0,0.26953491151332853,0.2417926900088787,0.29751282185316086,0.4525,0.25,0.75
0,plurality,reference,90,200,69.94,64.0,76.0,45.825,39.0,55.0,256898039.93201995,87655.0625,14953459.5,27.795,23.0,31.0,0.2718594225496054,0.2468409575521946,0.29811230301856995,0.47625,0.25,0.75
0,plurality,reference,91,200,70.39,64.0,76.0,46.005,40.0,55.0,309852670.9737584,83509.85546875,16101926.25,28.21,24.0,32.0,0.2718665840476751,0.24839137122035027,0.29555001109838486,0.48625,0.25,0.75
0,plurality,reference,92,200,69.83,64.0,75.0,46.105,39.0,55.0,374478561.95133364,94018.619140625,17070995.0,28.3,24.0,32.0,0.2714641562849283,0.24441470578312874,0.29787082225084305,0.48375,0.25,0.75
0,plurality,reference,93,200,69.83,63.0,75.0,46.205,39.75,55.0,415782282.26823974,99580.23046875,18575939.0,28.405,25.0,31.25,0.27082705616950986,0.24341856688261032,0.29990627616643906,0.475,0.25,0.75
0,plurality,reference,94,200,69.915,64.0,75.0,46.215,39.75,55.0,490712130.41944426,106969.44921875,20366413.5,28.485,24.0,32.0,0.27048361591994763,0.24453150108456612,0.29679638892412186,0.48375,0.25,0.75
0,plurality,reference,95,200,69.81,63.0,75.0,46.345,40.0,55.0,595698302.4047915,116575.71875,23705692.5,28.44,24.75,32.0,0.2704490967094898,0.2436542995274067,0.2966884449124336,0.45875,0.25,0.75
0,plurality,reference,96,200,69.96,64.0,75.0,46.455,40.0,55.0,711202231.8394959,132657.580078125,25571580.0,28.32,24.0,32.0,0.2719793528318405,0.24652357399463654,0.3016432821750641,0.46125,0.25,0.75
0,plurality,reference,97,200,70.135,63.0,76.0,46.565,40.0,55.0,851532347.1320062,137900.08984375,27231887.0,27.985,24.0,32.0,0.27112817473709583,0.24121224880218506,0.29957569390535355,0.485,0.25,0.75
0,plurality,reference,98,200,69.405,63.0,75.0,46.735,40.0,55.0,1022149743.8655804,139335.65234375,28800405.0,28.05,24.0,31.25,0.27000194244086745,0.24143002554774284,0.2985074520111084,0.4825,0.25,0.75
0,plurality,reference,99,200,70.21,64.0,77.0,46.775,40.0,55.0,1240854388.122694,136145.09375,35082159.0,28.225,24.0,32.0,0.2706612745672464,0.24055104330182076,0.29974735528230667,0.495,0.25,0.75
0,plurality,reference,100,200,70.07,63.0,76.0,46.88,40.0,55.0,1362037314.2189126,133818.28515625,39701317.0,28.08,24.0,32.0,0.26977947749197484,0.2443263977766037,0.29747580736875534,0.4875,0.25,0.75
0,plurality,reference,101,200,69.41,63.0,75.0,46.98,40.0,55.0,1565882798.578847,140026.40625,47537186.0,28.13,24.0,32.0,0.27198415748775007,0.24413806572556496,0.3010016977787018,0.50125,0.25,0.75
0,plurality,reference,102,200,69.535,63.0,76.0,46.94,40.0,55.0,1790022514.837448,149551.51171875,46968265.0,28.265,24.0,32.0,0.27147670432925225,0.24555272981524467,0.2987728789448738,0.44625,0.25,0.75
0,plurality,reference,103,200,69.3,63.0,75.0,47.065,40.0,55.25,2162201055.7343683,153156.30078125,46774549.0,27.72,24.0,32.0,0.2728131558001041,0.24635491520166397,0.30149396508932114,0.48375,0.25,0.75
0,plurality,reference,104,200,69.545,63.0,75.0,47.15,40.0,56.0,2599038921.685564,157582.10546875,48362978.0,28.055,24.0,32.0,0.2720214195549488,0.2457760013639927,0.3013264313340187,0.4875,0.25,0.75
0,plurality,reference,105,200,69.35,63.0,75.0,47.185,40.0,56.0,2949923151.936312,158994.4296875,48497100.0,28.03,24.0,32.0,0.2717338410764933,0.24588459730148315,0.2991584911942482,0.49375,0.25,0.75
0,plurality,reference,106,200,69.055,62.0,76.0,47.29,40.0,56.0,3327652542.40693,184139.734375,53738735.0,28.17,24.0,32.0,0.2716196009516716,0.2455075867474079,0.30109046399593353,0.46625,0.25,0.75
0,plurality,reference,107,200,69.375,62.75,76.0,47.305,40.0,56.0,3960140487.9182353,170754.2109375,64021191.0,27.82,24.0,31.25,0.2741181575506926,0.24890202656388283,0.3025573566555977,0.49125,0.25,0.75
0,plurality,reference,108,200,69.66,63.0,77.0,47.48,40.0,56.0,4707099893.333517,202709.625,73451062.0,27.71,23.0,31.25,0.27419033654034136,0.2482551895081997,0.3022007495164871,0.47875,0.25,0.75
0,plurality,reference,109,200,69.495,63.75,76.25,47.555,41.0,56.0,5233601158.419801,209816.79296875,85048298.0,27.885,23.75,32.0,0.2740344299376011,0.24888086691498756,0.30259930342435837,0.54,0.25,0.75
0,plurality,reference,110,200,69.565,62.75,76.0,47.655,40.75,56.0,6233124842.6228075,186803.2734375,102478728.0,28.095,24.0,32.0,0.2723912805318832,0.24915553629398346,0.29728975892066956,0.505,0.25,0.75
0,plurality,reference,111,200,68.895,62.0,74.0,47.65,41.0,56.0,7412079813.329901,220168.140625,100242918.0,28.29,24.0,32.0,0.27064655631780626,0.2462104745209217,0.2982218489050865,0.47875,0.25,0.75
0,plurality,reference,112,200,69.405,62.75,75.25,47.69,41.75,56.25,8969416328.229546,222330.16796875,101258292.0,27.69,23.0,32.0,0.27271987035870554,0.2486368864774704,0.3005886897444725,0.52375,0.25,0.75
0,plurality,reference,113,200,69.145,62.0,75.25,47.645,41.0,57.0,10784644927.718264,246288.6953125,108282626.0,28.17,24.0,32.0,0.2719074931740761,0.24647928774356842,0.29825132340192795,0.54625,0.25,0.75
0,plurality,reference,114,200,69.07,62.0,76.0,47.935,41.0,57.0,11574883843.042309,244097.25,110643370.0,28.145,24.0,32.0,0.27075113244354726,0.2486674301326275,0.296556793153286,0.50375,0.25,0.75
0,plurality,reference,115,200,69.05,61.0,76.0,48.04,41.0,57.0,13824597971.69848,226396.53125,107337224.0,28.065,24.0,32.0,0.2716053611040115,0.2446395792067051,0.298383504152298,0.51,0.25,0.75
0,plurality,reference,116,200,69.345,62.0,76.0,48.025,41.0,57.0,16411444736.269302,227497.30859375,119646570.0,27.995,24.75,32.0,0.2712649217993021,0.2438187412917614,0.296755388379097,0.52125,0.25,0.75
0,plurality,reference,117,200,68.975,62.0,75.0,48.11,41.0,57.0,19812575284.03657,246443.9375,132093720.0,27.72,23.0,32.0,0.27157804422080517,0.24727705493569374,0.2984563410282135,0.515,0.25,0.75
0,plurality,reference,118,200,69.1,61.0,77.0,48.085,41.75,57.0,23736088474.685566,272565.078125,145256660.0,28.02,24.0,32.0,0.2715432620793581,0.24463613703846931,0.30046209692955017,0.50625,0.25,0.75
0,plurality,reference,119,200,69.095,62.0,76.0,48.125,41.0,57.0,28780373762.146713,298352.6328125,153776036.0,28.205,24.0,33.0,0.2728008459508419,0.24431205913424492,0.301260270178318,0.47625,0.25,0.75
0,plurality,reference,120,200,69.13,61.0,76.0,48.22,42.0,57.0,34982180961.264496,320770.28125,172621796.0,28.395,24.75,33.0,0.27186342656612394,0.24453258886933327,0.29963257163763046,0.51875,0.25,0.75
0,plurality,reference,121,200,68.945,62.0,75.0,48.34,43.0,57.0,42584412795.40489,348992.5859375,203935260.0,28.625,25.0,32.0,0.2716957554966211,0.24368569254875183,0.2999701276421547,0.47125,0.25,0.75
0,plurality,reference,122,200,68.915,61.0,76.0,48.36,42.0,56.25,52083805806.05353,334579.8515625,215019036.0,28.565,24.0,32.0,0.2729639158397913,0.24495967477560043,0.3001020923256874,0.49125,0.25,0.75
0,plurality,reference,123,200,68.875,62.0,76.0,48.41,42.0,57.0,63390642897.5511,350036.9140625,265056460.0,28.815,25.0,33.0,0.27448138788342474,0.24616429954767227,0.3011249378323555,0.525,0.25,0.75
0,plurality,reference,124,200,68.815,61.75,76.0,48.43,42.0,56.25,77824357186.88803,351996.3984375,299822952.0,28.89,24.75,33.0,0.2725755497068167,0.2416938692331314,0.3025662302970886,0.45375,0.25,0.75
0,plurality,reference,125,200,68.27,61.0,74.25,48.55,42.0,57.0,95035258449.90662,359530.71875,357140296.0,28.555,25.0,32.0,0.2735749539732933,0.2446335107088089,0.3039058521389961,0.43875,0.25,0.75
0,plurality,reference,126,200,68.745,61.0,75.0,48.6,42.0,57.0,107315414764.47638,411657.2265625,355642112.0,28.15,24.0,32.0,0.27365288361907003,0.24714705348014832,0.3016601949930191,0.4825,0.25,0.75
0,plurality,reference,127,200,68.395,60.75,76.0,48.645,42.0,57.0,131911560342.9809,495333.296875,377821208.0,28.27,24.0,32.0,0.2737091723829508,0.24530118703842163,0.30269720405340195,0.51125,0.25,0.75
0,plurality,reference,128,200,68.67,61.0,76.0,48.67,42.0,57.0,135523040198.18367,605378.3828125,382655424.0,28.455,24.0,33.0,0.2742114268988371,0.24649915844202042,0.30309634655714035,0.53875,0.25,0.75
0,plurality,reference,129,200,68.255,60.0,76.0,48.775,43.0,57.0,140388314299.99942,615797.640625,389404528.0,28.65,24.0,33.0,0.2734998635202646,0.249570794403553,0.3003668785095215,0.50875,0.25,0.75
0,plurality,reference,130,200,68.49,60.0,76.0,48.775,43.0,57.0,147243460500.57986,654971.5625,387328320.0,28.625,24.0,33.0,0.2742519873380661,0.24901577830314636,0.30213118344545364,0.48125,0.25,0.75
0,plurality,reference,131,200,68.28,61.0,75.0,48.805,43.0,57.0,152649835218.85535,685900.84375,382061360.0,28.535,25.0,32.25,0.2739583266526461,0.24944613128900528,0.3021973446011543,0.4875,0.25,0.75
0,plurality,reference,132,200,68.255,61.0,75.0,48.845,42.0,57.0,163050698262.1233,750419.859375,393946096.0,28.635,24.0,33.0,0.2744320822507143,0.2482726350426674,0.30028677731752396,0.475,0.25,0.75
0,plurality,reference,133,200,68.245,60.0,75.0,48.9,43.0,57.0,182695807698.90054,668243.15625,463373360.0,28.65,25.0,33.0,0.2750561586767435,0.249597430229187,0.3040953725576401,0.52,0.25,0.75
0,plurality,reference,134,200,68.445,61.0,76.0,48.965,43.0,57.0,197662884445.73703,647917.234375,521669200.0,28.715,25.0,33.0,0.27242049217224124,0.24652673676609993,0.300763837993145,0.50625,0.25,0.75
0,plurality,reference,135,200,68.215,60.0,74.25,48.97,43.75,57.0,224599349985.9613,627497.4375,644083824.0,29.115,25.0,32.0,0.27198634944856165,0.2441372200846672,0.29984305799007416,0.49875,0.25,0.75
0,plurality,reference,136,200,68.04,59.0,75.25,48.985,44.0,57.0,234300476507.22043,649205.015625,704541376.0,28.745,24.75,33.0,0.27177459217607974,0.24427097663283348,0.3013947233557701,0.45125,0.25,0.75
0,plurality,reference,137,200,68.255,60.0,76.0,49.05,43.0,57.0,255729813731.7047,643938.46875,816744592.0,28.225,24.0,32.0,0.2733439740538597,0.24788862094283104,0.3013254702091217,0.47375,0.25,0.75
0,plurality,reference,138,200,68.145,60.0,76.0,49.175,44.0,57.0,271946995464.54803,677517.890625,969913136.0,28.58,25.0,32.0,0.2726398280262947,0.24769609794020653,0.29894161224365234,0.4725,0.25,0.75
0,plurality,reference,139,200,68.54,60.0,76.0,49.16,43.75,57.0,309859822218.1832,618776.375,973285088.0,28.575,25.0,33.0,0.27328975275158884,0.24874131008982658,0.3003539890050888,0.51625,0.25,0.75
0,plurality,reference,140,200,68.38,61.0,75.0,49.195,43.75,57.0,339420703465.8324,638807.28125,1042400592.0,28.715,24.0,33.0,0.27174592643976214,0.25007079169154167,0.2986886501312256,0.47125,0.25,0.75
0,plurality,reference,141,200,67.765,60.0,75.0,49.23,44.0,57.0,384869005327.42053,735116.09375,1138907904.0,28.29,24.0,32.0,0.2745162007957697,0.24732736870646477,0.3026410937309265,0.54375,0.25,0.75
0,plurality,reference,142,200,67.825,60.0,75.25,49.24,43.0,57.0,435264396422.70905,789198.984375,1359714176.0,28.525,24.0,32.0,0.2730494345724583,0.24781552702188492,0.2999861463904381,0.46375,0.25,0.75
0,plurality,reference,143,200,67.81,59.0,75.25,49.21,43.75,57.0,512218895571.8975,807574.546875,1446754848.0,28.17,24.0,32.0,0.27428064368665217,0.24900653958320618,0.30034375190734863,0.5075,0.25,0.75
0,plurality,reference,144,200,67.96,60.0,75.25,49.365,43.75,57.0,619989413970.4508,858757.65625,1556630080.0,28.05,24.0,32.0,0.2750280015170574,0.2501399740576744,0.30558767169713974,0.54375,0.25,0.75
0,plurality,reference,145,200,68.03,61.0,76.0,49.37,43.75,58.0,750978436157.9304,854621.125,1835610880.0,28.47,25.0,32.0,0.2741916923969984,0.24683460593223572,0.3017335832118988,0.5,0.25,0.75
0,plurality,reference,146,200,68.155,60.0,76.0,49.405,43.75,57.25,889410449896.2377,977312.71875,2260062464.0,28.35,24.75,32.0,0.273850552290678,0.24911238253116608,0.30264871567487717,0.4475,0.0,0.75
0,plurality,reference,147,200,67.765,59.0,75.0,49.445,43.75,57.25,1019198704288.6874,1046283.59375,2732262400.0,28.235,24.0,32.0,0.2751776897162199,0.24906330928206444,0.3027987778186798,0.44125,0.0,0.75
0,plurality,reference,148,200,67.97,60.0,75.25,49.385,43.75,57.25,1218169552394.2715,1093465.75,2912777600.0,28.055,24.0,32.0,0.2757154615223408,0.2488335333764553,0.3042830303311348,0.4975,0.25,0.75
0,plurality,reference,149,200,68.24,60.0,76.25,49.42,43.75,58.0,1460924493753.041,1157579.21875,3013533696.0,28.395,24.0,32.25,0.27431906074285506,0.24956010282039642,0.3039355129003525,0.48375,0.25,0.75
0,plurality,reference,150,200,67.925,60.75,75.0,49.455,44.0,58.0,1791584400373.0935,1361241.25,3289160256.0,28.46,24.0,33.0,0.2732296725362539,0.2445189133286476,0.3009913042187691,0.4475,0.25,0.75
0,plurality,reference,151,200,68.12,60.75,76.0,49.34,44.0,58.0,2135859343767.3696,1333099.53125,3295883904.0,28.06,24.0,32.0,0.2751381645351648,0.25371336936950684,0.3008120283484459,0.52625,0.25,0.75
0,plurality,reference,152,200,67.495,59.75,75.0,49.47,43.75,58.0,2606695384248.45,1482924.53125,3585263808.0,28.325,24.0,32.0,0.2741523116827011,0.25112052261829376,0.30295778810977936,0.47625,0.25,0.75
0,plurality,reference,153,200,68.03,60.0,76.0,49.575,44.0,58.0,2726471875583.6533,1676343.0,4017874752.0,28.1,24.0,32.0,0.2743377147614956,0.24746562540531158,0.3026784509420395,0.5,0.25,0.75
0,plurality,reference,154,200,67.685,59.0,75.0,49.62,44.0,58.0,2998076904894.707,1572205.09375,4265934784.0,28.345,24.0,32.0,0.27330198034644126,0.24816862121224403,0.3029123768210411,0.5025,0.25,0.75
0,plurality,reference,155,200,67.43,59.75,75.0,49.615,43.75,58.0,3201464115143.1274,1924024.78125,5028456704.0,28.105,24.0,32.0,0.27466437116265296,0.24888323619961739,0.30145152658224106,0.52375,0.25,0.75
0,plurality,reference,156,200,67.33,58.75,76.0,49.66,44.0,58.0,3596815190388.312,2216008.75,5971972992.0,28.36,24.0,32.0,0.27253085292875767,0.24805379286408424,0.301394522190094,0.505,0.25,0.75
0,plurality,reference,157,200,67.615,59.75,75.0,49.67,44.0,58.0,3940317698800.235,2171963.3125,6441422848.0,28.68,25.0,33.0,0.2723965832591057,0.2471749484539032,0.30188175290822983,0.49,0.25,0.75
0,plurality,reference,158,200,67.56,59.0,76.0,49.72,44.0,58.0,4312191232540.632,2298253.5625,7269764096.0,28.635,24.0,33.0,0.27298525810241697,0.24779944121837616,0.30216464400291443,0.48375,0.25,0.75
0,plurality,reference,159,200,67.22,59.0,75.25,49.79,44.0,58.0,4839366322277.892,2487124.1875,7385048960.0,28.515,24.0,33.0,0.2729945875704288,0.24550369381904602,0.3036579042673111,0.52375,0.25,0.75
0,plurality,reference,160,200,67.395,59.0,75.0,49.82,44.0,58.0,5533835874777.499,2455928.1875,7226698624.0,28.985,25.0,33.0,0.27198029957711695,0.24630041792988777,0.3000599145889282,0.5375,0.25,0.75
0,plurality,reference,161,200,66.9,59.0,75.0,49.89,44.0,58.0,6225232923887.35,2345586.09375,7701486208.0,28.825,25.0,33.0,0.2735087512433529,0.25228946655988693,0.3007974550127983,0.4725,0.25,0.75
0,plurality,reference,162,200,67.135,59.0,74.25,49.86,44.0,58.0,7054178550319.143,2544847.0625,8701781248.0,28.425,24.0,33.0,0.2730947808176279,0.24574878066778183,0.3024280518293381,0.525,0.25,0.75
0,plurality,reference,163,200,66.865,58.0,74.25,49.915,44.0,58.0,8143255783764.557,2492062.3125,8528039168.0,28.69,25.0,33.0,0.2723391927778721,0.24631233513355255,0.2992815151810646,0.50875,0.25,0.75
0,plurality,reference,164,200,67.39,59.0,75.0,49.98,44.0,58.0,9578695607957.176,2440506.03125,10095630592.0,28.715,24.0,33.0,0.2710821580141783,0.24854962155222893,0.2981051579117775,0.51875,0.25,0.75
0,plurality,reference,165,200,67.18,59.0,75.25,50.085,44.0,58.0,11218573972314.2,2478519.125,10550460672.0,28.765,25.0,33.0,0.270872163400054,0.24338947236537933,0.2992495745420456,0.56875,0.25,0.75
0,plurality,reference,166,200,67.135,58.75,75.0,50.16,44.0,58.0,13279272806408.34,2674104.625,10514301952.0,28.855,25.0,32.0,0.27006089724600313,0.2458169348537922,0.29705675691366196,0.48625,0.25,0.75
0,plurality,reference,167,200,67.33,59.0,75.0,50.175,44.0,58.0,15808054073130.027,2666252.3125,10303840256.0,28.69,25.0,32.0,0.2716638730466366,0.2457779459655285,0.2988489642739296,0.50875,0.25,0.75
0,plurality,reference,168,200,66.88,58.0,75.0,50.175,44.0,58.25,19034409705102.25,2738755.75,11584502016.0,28.63,25.0,33.0,0.2722775418311357,0.24690068885684013,0.299220010638237,0.53875,0.25,0.75
0,plurality,reference,169,200,66.935,59.0,75.0,50.215,44.0,58.0,23009855642626.73,2757868.5,12948817920.0,28.665,24.75,33.0,0.271876060962677,0.2478511668741703,0.30068035423755646,0.52,0.25,0.75
0,plurality,reference,170,200,66.855,59.0,75.0,50.27,44.0,59.0,27817843636621.703,2836763.5,13910538240.0,28.88,25.0,33.0,0.2722216194868088,0.24560585245490074,0.2980680912733078,0.53875,0.25,0.75
0,plurality,reference,171,200,67.26,59.0,76.0,50.215,44.0,58.25,33735318208839.52,3176338.25,15854601216.0,29.21,25.0,33.0,0.2711049801111221,0.2432868853211403,0.29858533293008804,0.50375,0.25,0.75
0,plurality,reference,172,200,66.795,58.0,75.0,50.25,44.0,58.0,41054074779111.625,3637499.25,15817370880.0,29.05,26.0,33.0,0.2707788663357496,0.24874109774827957,0.2981816381216049,0.49125,0.25,0.75
0,plurality,reference,173,200,66.635,58.0,75.0,50.35,44.0,58.25,49499449915441.95,3783771.5625,17086880000.0,28.785,25.0,32.0,0.2708584637194872,0.2470572032034397,0.3017467260360718,0.515,0.25,0.75
0,plurality,reference,174,200,66.735,58.0,74.0,50.3,44.0,58.25,59969045881306.55,3809155.1875,17518182400.0,28.825,25.0,32.0,0.2716148107498884,0.24476245790719986,0.30065780133008957,0.48125,0.25,0.75
0,plurality,reference,175,200,66.795,58.0,75.25,50.32,44.0,59.0,72784761562245.2,4247914.6875,17167330560.0,28.565,24.0,32.0,0.27316093631088734,0.2490011416375637,0.30202966183423996,0.48,0.25,0.75
0,plurality,reference,176,200,67.0,58.0,74.25,50.315,44.0,59.0,88684281929007.4,4819835.75,20457256448.0,28.435,24.0,32.0,0.27336391784250735,0.2507714554667473,0.3036963790655136,0.5175,0.25,0.75
0,plurality,reference,177,200,67.225,59.0,75.0,50.27,44.0,59.0,103182562991103.5,5428730.875,20754832896.0,28.995,25.0,33.0,0.27247182741761206,0.245676402002573,0.3013957813382149,0.495,0.25,0.75
0,plurality,reference,178,200,66.68,58.0,75.0,50.37,44.0,59.0,126765947822471.95,5572593.75,20464929280.0,29.125,25.0,34.0,0.2731860791146755,0.24585695937275887,0.3037804737687111,0.5025,0.25,0.75
0,plurality,reference,179,200,66.435,58.0,74.0,50.345,44.0,59.0,155480661063961.1,6579402.875,22596096000.0,29.225,25.0,33.0,0.2734594129770994,0.24455811455845833,0.3018574118614197,0.4825,0.25,0.75
0,plurality,reference,180,200,66.85,58.0,75.0,50.31,44.0,59.0,190777797608552.7,6965537.5,25820393472.0,28.97,25.0,32.25,0.27355232171714305,0.24978577718138695,0.2992270439863205,0.505,0.25,0.75
0,plurality,reference,181,200,66.45,58.0,76.0,50.33,44.0,59.0,234341381552901.2,7138766.625,30615338496.0,28.605,25.0,32.0,0.2726610556989908,0.24502231925725937,0.30204930901527405,0.46125,0.25,0.75
0,plurality,reference,182,200,66.87,58.75,75.0,50.385,44.0,59.0,259232696055420.8,8158199.125,33001611776.0,28.605,25.0,33.0,0.2748846114426851,0.2456030249595642,0.29887234419584274,0.5,0.25,0.75
0,plurality,reference,183,200,66.645,58.0,74.0,50.415,44.0,59.0,286616556195682.1,8853131.75,37787249664.0,28.78,25.0,32.0,0.2723815128952265,0.24269335344433784,0.30254580825567245,0.505,0.25,0.75
0,plurality,reference,184,200,67.23,59.0,75.0,50.43,44.0,59.0,352981918991732.6,10714494.75,38479993856.0,28.905,25.0,33.0,0.2722527272254229,0.24291787296533585,0.30143555998802185,0.48375,0.25,0.75
0,plurality,reference,185,200,66.62,58.75,74.25,50.39,44.0,59.0,434945405943652.75,11196514.75,38634272768.0,28.82,25.0,33.0,0.272189200296998,0.24225274845957756,0.3012087717652321,0.48625,0.25,0.75
0,plurality,reference,186,200,66.575,58.0,75.0,50.43,44.0,59.0,428432273296303.75,11996609.5,36907129856.0,28.915,25.0,33.0,0.2727775762230158,0.2439960204064846,0.30219097435474396,0.46375,0.25,0.75
0,plurality,reference,187,200,66.835,58.0,75.0,50.39,44.0,59.0,422065635089894.0,11756320.25,40647903232.0,28.795,25.0,33.0,0.27334994420409203,0.2415662594139576,0.3051243871450424,0.4675,0.25,0.75
0,plurality,reference,188,200,66.59,58.0,75.0,50.415,44.0,59.0,520650781802969.94,14524038.5,41762955264.0,28.8,25.0,33.0,0.2741857373714447,0.24393174052238464,0.3023354113101959,0.5025,0.25,0.75
0,plurality,reference,189,200,66.615,59.0,75.0,50.455,44.0,59.0,513027614929793.1,16821938.25,40942769152.0,28.995,25.0,33.0,0.27401350893080234,0.24591925367712975,0.30397192388772964,0.4925,0.25,0.75
0,plurality,reference,190,200,66.315,58.0,75.0,50.49,44.0,59.0,505473949352638.56,17745651.5,41826326528.0,29.035,25.0,33.0,0.2742909523844719,0.24666444584727287,0.3020295649766922,0.45375,0.25,0.75
0,plurality,reference,191,200,66.01,57.0,73.0,50.46,44.0,59.0,499658302104645.75,17390071.75,45809670144.0,28.88,25.0,33.0,0.27582055442035197,0.249075997620821,0.30488087981939316,0.5225,0.25,0.75
0,plurality,reference,192,200,66.66,59.0,75.0,50.46,44.0,59.0,493244765779868.75,19589704.25,48628730880.0,29.025,24.0,33.0,0.2741298305243254,0.2461559921503067,0.30324537307024,0.5125,0.25,0.75
0,plurality,reference,193,200,66.6,58.0,75.0,50.495,44.0,59.0,486815716824956.6,19203592.0,55482423296.0,28.94,25.0,33.0,0.27475715287029745,0.2435355819761753,0.30357975512742996,0.51875,0.25,0.75
0,plurality,reference,194,200,66.39,58.75,75.0,50.46,44.0,59.0,480463213243843.94,20042582.5,68191696896.0,28.965,25.75,33.0,0.2739957547932863,0.2426808886229992,0.30454351752996445,0.43875,0.25,0.75
0,plurality,reference,195,200,66.405,58.0,75.0,50.475,44.0,59.0,474733916674582.9,19957693.0,84190676992.0,28.39,24.0,32.0,0.2760537999868393,0.24449749290943146,0.302228681743145,0.49875,0.25,0.75
0,plurality,reference,196,200,66.425,58.0,74.0,50.51,44.0,59.0,470919336020582.6,19884778.5,93172105216.0,28.675,25.0,33.0,0.2744000076502562,0.24748404696583748,0.3010282665491104,0.51125,0.25,0.75
0,plurality,reference,197,200,66.575,57.0,75.0,50.51,44.0,59.0,490270301993647.7,24550950.5,97381220352.0,28.435,24.0,32.0,0.27353336788713933,0.2443147823214531,0.30417971312999725,0.4725,0.25,0.75
0,plurality,reference,198,200,66.22,58.0,74.0,50.53,44.0,59.0,481421983616160.94,27561807.0,95429367808.0,28.11,24.0,32.0,0.27506144762039186,0.2492893896996975,0.3022260367870331,0.51125,0.25,0.75
0,plurality,reference,199,200,66.015,58.0,74.0,50.59,44.0,59.0,472341714757603.6,28198408.0,96871985152.0,28.345,24.0,32.0,0.27596750006079673,0.24820904433727264,0.3047298416495323,0.5075,0.25,0.75
0,plurality,reference,200,200,65.97,57.0,74.0,50.585,44.0,59.0,463313180446664.9,30383433.5,108344637440.0,28.325,24.75,32.0,0.27520126216113566,0.24913255125284195,0.3027716800570488,0.51875,0.25,0.75
0,plurality,reference,201,200,66.06,57.75,74.0,50.645,44.0,59.0,454702418176222.25,31465879.5,119067658240.0,28.545,25.0,32.0,0.2733887729793787,0.24551494047045708,0.30441614240407944,0.55125,0.25,0.75
0,plurality,reference,202,200,65.98,57.0,74.0,50.605,44.0,59.0,446436983411028.3,30836509.0,134068901888.0,28.99,25.0,33.0,0.27269639119505884,0.2424420677125454,0.30110470205545425,0.47375,0.25,0.75
0,plurality,reference,203,200,66.25,58.0,74.0,50.58,44.0,59.0,438287986730777.7,30225427.0,139773616128.0,28.845,24.0,33.0,0.2734028998762369,0.24573036283254623,0.3004109710454941,0.48625,0.25,0.75
0,plurality,reference,204,200,66.325,57.75,74.0,50.62,44.0,59.0,431290044881141.75,31812810.0,168307544064.0,28.735,25.0,33.0,0.2732256258279085,0.24688078835606575,0.3010057732462883,0.48125,0.25,0.75
0,plurality,reference,205,200,65.96,57.0,74.0,50.675,44.0,59.0,423817239625408.8,33961150.0,197159047168.0,29.0,25.0,33.0,0.2714109630137682,0.24216337874531746,0.2998165562748909,0.50375,0.25,0.75
0,plurality,reference,206,200,66.18,57.0,75.0,50.635,44.0,59.0,442697163372557.94,33835259.0,233101254656.0,28.985,25.0,33.0,0.2713471281528473,0.24109910055994987,0.30172646045684814,0.47125,0.25,0.75
0,plurality,reference,207,200,66.075,57.0,74.25,50.685,44.0,59.0,462980570519717.5,33746412.5,265358774272.0,28.65,25.0,33.0,0.2735284693539143,0.24491947516798973,0.3020070418715477,0.49375,0.25,0.75
0,plurality,reference,208,200,65.91,57.0,74.0,50.76,44.0,59.0,458695372795801.1,38190747.0,302812831744.0,28.655,25.0,32.0,0.27407222501933576,0.24375586584210396,0.3033535033464432,0.49375,0.25,0.75
0,plurality,reference,209,200,65.865,58.0,74.0,50.825,44.0,59.0,477482498332592.0,35991232.0,325938233344.0,28.78,25.0,33.0,0.2728829789161682,0.24180953204631805,0.30236584693193436,0.52625,0.25,0.75
0,plurality,reference,210,200,66.075,57.0,75.0,50.76,44.0,59.0,470165346803904.56,37567307.0,379809300480.0,28.91,25.0,33.0,0.2727013123035431,0.2436281479895115,0.3027859106659889,0.465,0.25,0.75
0,plurality,reference,211,200,66.0,57.0,74.25,50.82,44.0,59.0,463115709290646.8,36815960.0,420590510080.0,28.745,25.0,33.0,0.27335672557353974,0.2450302131474018,0.3043123856186867,0.5075,0.25,0.75
0,plurality,reference,212,200,65.975,56.0,74.0,50.78,44.0,59.0,457993848353623.8,36515329.0,436442669056.0,28.855,25.0,32.0,0.273081644102931,0.246443260461092,0.3034818544983864,0.46,0.25,0.75
0,plurality,reference,213,200,65.945,57.0,75.0,50.75,44.0,59.0,456967628571504.6,37615940.0,430542307328.0,28.61,24.75,33.0,0.27391767978668213,0.24806489422917366,0.3029990717768669,0.51,0.25,0.75
0,plurality,reference,214,200,66.215,56.75,76.0,50.73,44.0,59.0,451450132973812.6,36190686.0,446501871616.0,28.85,26.0,32.0,0.27220668494701383,0.24077600985765457,0.30105388164520264,0.50125,0.25,0.75
0,plurality,reference,215,200,65.85,57.0,75.0,50.82,44.0,59.0,471368712646437.7,36695563.0,483582115840.0,28.74,25.0,33.0,0.273258191049099,0.24283930286765099,0.3044736683368683,0.52625,0.25,0.75
0,plurality,reference,216,200,66.125,57.0,76.0,50.82,44.0,59.0,467196486107866.4,36757937.0,540221841408.0,28.565,25.0,32.0,0.27341651238501075,0.24504606425762177,0.3051087036728859,0.48,0.25,0.75
0,plurality,reference,217,200,65.895,57.75,74.25,50.835,44.0,59.0,463440498581691.6,43342847.0,588521996288.0,28.755,25.0,32.0,0.27521235145628453,0.24833424016833305,0.3055088073015213,0.5375,0.25,0.75
0,plurality,reference,218,200,65.965,57.0,75.25,50.815,44.0,59.0,460626842111602.75,50669538.0,653322354688.0,28.93,26.0,32.0,0.2732124000042677,0.24419555440545082,0.30479537695646286,0.5675,0.25,0.75
0,plurality,reference,219,200,65.725,56.0,74.0,50.95,44.0,59.0,456388115359890.56,50330501.0,708161650688.0,28.985,25.0,33.0,0.2727350694686174,0.2449442707002163,0.30395251512527466,0.4975,0.25,0.75
0,plurality,reference,220,200,66.06,57.0,75.0,50.925,44.0,59.0,481183608759409.5,47277126.0,828930981888.0,28.905,25.0,32.0,0.27383348137140273,0.24494489282369614,0.3057097792625427,0.51625,0.25,0.75
0,plurality,reference,221,200,65.78,56.0,75.25,50.95,44.0,59.0,481371910570915.7,44499457.0,999335854080.0,29.1,26.0,32.25,0.2725000458210707,0.24587683752179146,0.3050553873181343,0.4525,0.25,0.75
0,plurality,reference,222,200,66.04,58.0,75.0,50.98,44.0,59.0,580884977970344.4,49360577.0,1195567677440.0,28.67,25.0,32.0,0.27425531439483164,0.2463911809027195,0.30267712473869324,0.4675,0.25,0.75
0,plurality,reference,223,200,65.62,57.0,75.0,51.005,44.0,59.0,702280286306628.2,52087706.0,1257488384000.0,28.845,25.0,32.25,0.27381226226687433,0.24268294870853424,0.3038979470729828,0.5125,0.25,0.75
0,plurality,reference,224,200,65.635,57.0,74.0,51.01,44.0,59.0,851597715798195.6,54829547.0,1372237987840.0,28.99,25.0,32.0,0.27379744552075863,0.24477582797408104,0.30451400578022003,0.4975,0.25,0.75
0,plurality,reference,225,200,65.695,57.0,74.0,51.035,44.0,59.0,1038540150630891.6,62228647.0,1382885392384.0,29.02,25.0,33.0,0.27356642998754976,0.24350542202591896,0.3050544857978821,0.5225,0.25,0.75
0,plurality,reference,226,200,65.835,57.0,75.0,51.01,44.0,59.0,1270991274804180.8,72107520.0,1532972367872.0,29.075,25.0,32.25,0.2722812927514315,0.23995498195290565,0.3046070635318756,0.4975,0.25,0.75
0,plurality,reference,227,200,65.63,56.0,75.0,51.085,44.0,59.0,1554518196932314.5,87510028.0,1603085074432.0,29.025,25.0,33.0,0.2732569018006325,0.2408893182873726,0.30420149862766266,0.47875,0.25,0.75
0,plurality,reference,228,200,65.76,56.75,75.0,51.115,44.0,59.25,1740610800583893.0,104167924.0,1752564924416.0,28.96,25.75,33.0,0.27272711880505085,0.24232539534568787,0.3037814497947693,0.48,0.25,0.75
0,plurality,reference,229,200,65.63,56.75,75.0,51.09,44.0,59.25,2141031866797897.0,102554408.0,1925594284032.0,28.985,25.75,33.0,0.27305370040237903,0.24419382587075233,0.30484043806791306,0.47375,0.25,0.75
0,plurality,reference,230,200,65.43,56.0,75.25,51.12,44.0,59.25,2400586052181426.0,109568306.0,2220495405056.0,28.88,25.0,33.0,0.2738503425568342,0.24666870385408401,0.30347365885972977,0.4575,0.25,0.75
0,plurality,reference,231,200,65.44,57.0,75.0,51.12,44.0,60.0,2698133675297175.5,118007612.0,2623505367040.0,28.54,24.75,32.0,0.27478864558041094,0.2455431930720806,0.30585411936044693,0.49,0.25,0.75
0,plurality,reference,232,200,65.865,57.0,74.0,51.12,44.0,59.25,3249251183043004.0,134414480.0,2974453727232.0,28.64,25.0,32.0,0.2732798530906439,0.24427517876029015,0.3032321110367775,0.465,0.25,0.75
0,plurality,reference,233,200,65.895,57.0,75.0,51.205,44.0,60.0,3928523408048171.0,148371972.0,3193063014400.0,28.58,25.0,32.0,0.2735991795361042,0.24533072486519814,0.30404894798994064,0.47375,0.25,0.75
0,plurality,reference,234,200,65.805,56.0,75.0,51.22,44.0,59.25,4752671819715361.0,152558820.0,3124542636032.0,28.8,25.0,33.0,0.27293135717511174,0.24132947996258736,0.30455130338668823,0.49375,0.25,0.75
0,plurality,reference,235,200,65.49,56.75,74.25,51.275,44.0,60.0,5848992811754433.0,153896804.0,3200919273472.0,28.99,25.0,33.0,0.27172653563320637,0.24668297916650772,0.30115316063165665,0.46625,0.25,0.75
0,plurality,reference,236,200,65.485,56.0,75.0,51.355,44.75,60.0,7195494275231776.0,179175320.0,3356457172992.0,28.79,25.0,33.0,0.27267746910452845,0.24619876220822334,0.2979777678847313,0.48,0.25,0.75
0,plurality,reference,237,200,65.345,56.0,75.0,51.365,44.75,60.0,7202212580573958.0,202977488.0,3861770403840.0,28.84,25.0,33.0,0.2733996717631817,0.24432158470153809,0.3017863482236862,0.4825,0.25,0.75
0,plurality,reference,238,200,65.625,57.0,73.25,51.315,44.75,60.0,7646445180355521.0,234767748.0,3769894961152.0,28.93,24.75,33.0,0.273600363060832,0.24509111791849136,0.3051724508404732,0.49375,0.25,0.75
0,plurality,reference,239,200,65.415,56.0,75.0,51.305,44.75,60.0,7717919942285280.0,262769352.0,4201484976128.0,29.455,26.0,34.0,0.27141899362206456,0.2445296309888363,0.29883111268281937,0.47,0.25,0.75
0,plurality,reference,240,200,65.425,56.0,75.0,51.385,44.75,60.0,8263519130176526.0,268185240.0,4100127916032.0,29.22,25.0,33.0,0.2732035442441702,0.24963587149977684,0.29909175634384155,0.4825,0.25,0.75
0,plurality,reference,241,200,65.15,55.0,74.0,51.36,44.0,60.0,8440255742000020.0,315932392.0,4117450784768.0,29.065,25.0,33.0,0.27481118887662886,0.25110922008752823,0.2994106635451317,0.5175,0.25,0.75
0,plurality,reference,242,200,65.35,56.0,74.0,51.415,45.0,60.0,8695438247296668.0,333835648.0,4940343410688.0,29.44,26.0,33.0,0.27227054014801977,0.24609872326254845,0.30104832351207733,0.505,0.25,0.75
0,plurality,reference,243,200,65.375,57.0,74.25,51.38,44.0,60.0,9427250219059024.0,336492072.0,5760060358656.0,29.645,26.0,33.0,0.2717493262887001,0.2474551945924759,0.29924963414669037,0.4225,0.25,0.75
0,plurality,reference,244,200,65.18,56.0,75.0,51.465,44.0,60.0,9868492673543234.0,378194272.0,6212073422848.0,28.99,25.0,33.0,0.27515392899513247,0.24789966642856598,0.3043663874268532,0.4725,0.25,0.75
0,plurality,reference,245,200,65.28,56.0,74.25,51.455,44.75,60.0,9909926804443500.0,417012112.0,7254798237696.0,28.985,25.0,32.0,0.2745445482432842,0.24604754149913788,0.30594106763601303,0.49375,0.25,0.75
0,plurality,reference,246,200,65.41,55.0,74.0,51.475,44.75,60.0,1.0493408325432318e+16,465618864.0,8167795326976.0,29.34,26.0,32.0,0.27411709681153296,0.24766574427485466,0.30116409063339233,0.495,0.25,0.75
0,plurality,reference,247,200,65.12,56.0,75.0,51.44,45.0,60.0,1.1267368783324422e+16,537939800.0,9606605832192.0,29.375,26.0,33.0,0.27374018721282484,0.24694963544607162,0.3029717430472374,0.49625,0.25,0.75
0,plurality,reference,248,200,65.47,56.0,73.5,51.46,45.0,60.0,1.2055769412150872e+16,619618272.0,11356821258240.0,29.56,26.0,33.0,0.2728023598343134,0.24345706030726433,0.3014325648546219,0.47,0.25,0.75
0,plurality,reference,249,200,65.16,55.0,73.25,51.435,45.0,60.0,1.2325237236753762e+16,765440928.0,12875269668864.0,29.46,26.0,33.0,0.2735230961441994,0.24127987027168274,0.30350304394960403,0.455,0.1875,0.75
0,plurality,reference,250,200,65.42,56.0,75.0,51.39,45.0,60.0,1.289649361753732e+16,857569888.0,13078881632256.0,29.195,25.0,33.0,0.27498502753674986,0.24684076383709908,0.3055756911635399,0.4525,0.25,0.75
1,approval,context,1,50,67.64,65.0,70.75,2.24,1.0,3.0,10850.086484375,10595.67822265625,11328.61865234375,21.36,20.0,23.0,0.3103789454698563,0.2902269586920738,0.3257347047328949,0.305,0.25,0.5
1,approval,context,2,50,67.72,65.0,71.0,3.98,2.0,6.0,11853.96994140625,11195.417236328125,12683.717529296875,22.66,20.25,24.75,0.30042967706918716,0.2800774574279785,0.32596947997808456,0.26,0.0,0.4375
1,approval,context,3,50,68.28,65.5,71.0,5.68,3.0,8.0,13081.5575390625,12179.296875,14525.7021484375,23.26,20.0,26.0,0.29919074892997743,0.2724955603480339,0.3240393027663231,0.255,0.0,0.4375
1,approval,context,4,50,67.76,65.0,70.75,7.12,5.0,10.0,14268.98728515625,12000.9443359375,16262.103271484375,23.8,21.0,27.0,0.2976393085718155,0.2697107270359993,0.32337698340415955,0.32,0.0,0.5
1,approval,context,5,50,67.3,64.0,70.75,8.48,5.0,12.0,15734.8290625,13267.6728515625,18457.83544921875,24.06,21.0,27.0,0.2962956640124321,0.27134957909584045,0.3269677981734276,0.265,0.0,0.5
1,approval,context,6,50,67.22,64.0,69.75,9.78,5.25,14.0,17483.284208984376,14336.904296875,20953.375,23.84,21.0,27.0,0.2999336630105972,0.2667558789253235,0.3305546045303345,0.245,0.0,0.25
1,approval,context,7,50,67.26,64.0,71.75,10.74,5.75,15.0,19167.211884765624,15477.058837890625,23729.7021484375,24.18,20.25,28.0,0.29846598267555235,0.26716298609972,0.3274851590394974,0.345,0.25,0.5
1,approval,context,8,50,67.46,64.0,71.0,11.34,7.0,16.0,20823.189921875,15801.050048828125,27015.94189453125,24.38,21.0,28.0,0.2959035614132881,0.2607980892062187,0.3299245089292526,0.285,0.0,0.5
1,approval,context,9,50,67.18,62.5,72.0,12.5,7.0,18.0,23294.57900390625,17285.84716796875,29997.953125,23.26,20.0,25.75,0.29949498534202573,0.2731628715991974,0.33048006892204285,0.335,0.25,0.5
1,approval,context,10,50,67.4,63.0,71.75,13.2,8.0,19.0,25529.701630859374,18827.3583984375,33967.916015625,23.56,20.25,26.0,0.296444263458252,0.27452225983142853,0.326137900352478,0.31,0.0,0.5
1,approval,context,11,50,68.6,64.25,72.0,14.06,9.0,19.75,28462.40412109375,21181.294921875,37940.1064453125,23.34,21.0,25.75,0.2962352293729782,0.27117738872766495,0.3257387951016426,0.27,0.0,0.4375
1,approval,context,12,50,68.28,65.25,72.0,15.28,10.0,21.0,31797.890947265623,20320.55078125,43072.740234375,23.44,20.0,26.75,0.29513842225074766,0.2675483301281929,0.32112710177898407,0.22,0.0,0.25
1,approval,context,13,50,67.04,64.25,71.0,16.52,11.0,22.75,35217.1283984375,21283.4169921875,47249.916015625,23.56,20.0,26.0,0.2989586237072945,0.2716381996870041,0.32797273248434067,0.32,0.0,0.5
1,approval,context,14,50,68.32,65.25,71.0,17.16,12.0,24.0,38801.66865234375,22798.5,50380.6640625,24.12,20.0,27.75,0.2980475649237633,0.2587869018316269,0.33422354608774185,0.24,0.0,0.25
1,approval,context,15,50,66.52,62.0,72.0,18.0,12.0,23.75,43396.9406640625,23522.5888671875,59294.8701171875,23.24,20.0,26.75,0.30560300886631014,0.27664056420326233,0.34092848747968674,0.22,0.0,0.25
1,approval,context,16,50,68.14,64.25,70.0,19.12,13.25,25.75,48647.14896484375,25731.4111328125,69097.998046875,22.86,19.0,25.0,0.30902694165706635,0.28530464321374893,0.33497731387615204,0.295,0.0625,0.5
1,approval,context,17,50,67.86,64.0,72.0,20.22,15.0,27.0,54218.1821484375,28327.04296875,79167.013671875,23.4,20.0,26.0,0.3065929061174393,0.2883625328540802,0.33018171042203903,0.265,0.0,0.5
1,approval,context,18,50,67.58,63.0,71.0,21.18,15.0,28.75,60685.93314453125,28587.38232421875,88758.05859375,23.32,20.0,26.0,0.30335882425308225,0.27712998539209366,0.3247527927160263,0.335,0.0,0.5
1,approval,context,19,50,69.28,66.0,72.0,21.58,15.0,28.0,66493.80864257812,30766.30908203125,98214.53125,23.98,20.25,26.75,0.3012071278691292,0.2749781012535095,0.3242015913128853,0.295,0.0,0.5
1,approval,context,20,50,67.74,64.0,72.0,22.04,15.25,29.0,74641.02236328126,34885.873046875,108869.0859375,23.9,19.0,28.0,0.29945095658302306,0.26852627843618393,0.3270443230867386,0.325,0.25,0.5
1,approval,context,21,50,68.12,64.0,72.0,22.56,15.25,28.75,83786.01630859375,34663.5595703125,121437.7265625,24.3,21.0,27.75,0.2934334486722946,0.2615361735224724,0.31778958439826965,0.27,0.0,0.4375
1,approval,context,22,50,68.06,64.0,72.0,23.08,15.25,29.0,93361.9806640625,38630.8515625,125191.71875,24.54,21.0,28.0,0.29318036705255507,0.2530074343085289,0.3269869312644005,0.235,0.0,0.25
1,approval,context,23,50,68.18,64.25,71.75,23.96,14.25,30.0,103163.0200390625,42288.3623046875,135949.7734375,24.82,21.0,28.75,0.29499736934900284,0.25438152253627777,0.33498112857341766,0.305,0.0,0.5
1,approval,context,24,50,68.32,64.0,73.0,24.26,16.25,31.5,112379.8259375,42732.396484375,142926.8515625,24.86,20.25,28.75,0.294216423034668,0.2541307806968689,0.32310833781957626,0.31,0.0,0.5
1,approval,context,25,50,67.7,64.0,72.0,24.54,16.25,31.75,124122.26913085938,46518.0068359375,166737.0390625,24.1,20.25,27.0,0.29444767206907274,0.26593635231256485,0.3225226029753685,0.305,0.0,0.5
1,approval,context,26,50,68.02,63.25,73.0,25.04,18.0,32.0,134262.28845703125,45886.5126953125,194895.21875,23.82,20.0,27.0,0.2982907831668854,0.2622523084282875,0.32688330113887787,0.345,0.0,0.5
1,approval,context,27,50,67.86,64.0,71.0,25.3,18.0,33.0,147701.39525390626,48705.7978515625,213954.47265625,23.38,20.0,25.0,0.298734484910965,0.2685709744691849,0.32681135833263397,0.285,0.0,0.5
1,approval,context,28,50,67.2,63.25,71.0,25.84,18.25,33.75,165576.3484765625,51827.1201171875,244115.91796875,23.32,19.25,26.0,0.2977307766675949,0.2603733241558075,0.3314858376979828,0.225,0.0,0.25
1,approval,context,29,50,67.88,63.0,72.0,26.58,18.0,34.75,186878.2414453125,53628.638671875,279333.453125,23.02,19.5,26.0,0.30491587191820146,0.2675573229789734,0.3443891778588295,0.34,0.0,0.5
1,approval,context,30,50,67.04,63.0,70.0,27.2,17.25,35.0,207951.84866210938,55401.1884765625,288368.671875,23.46,20.0,27.0,0.30652939081192015,0.2718246728181839,0.3538619428873062,0.28,0.0,0.5
1,approval,context,31,50,67.14,63.0,71.0,27.74,19.0,35.0,230770.9702734375,62337.650390625,314667.9765625,22.82,20.0,27.0,0.3099044796824455,0.2736695483326912,0.34955742955207825,0.33,0.0,0.5
1,approval,context,32,50,68.1,64.0,72.0,28.12,19.25,36.75,252611.91662109375,70447.603515625,348575.1015625,22.92,20.0,26.0,0.304531013071537,0.2739148736000061,0.33174342662096024,0.27,0.0,0.5
1,approval,context,33,50,67.2,63.25,70.0,28.7,19.5,37.5,282883.9112304688,65176.3671875,384084.1875,22.52,20.0,25.75,0.30673423886299134,0.2734057530760765,0.34542834758758545,0.31,0.0,0.5
1,approval,context,34,50,69.02,66.0,71.75,28.88,20.25,38.5,311736.34162109374,69644.369140625,422010.671875,22.68,20.0,25.75,0.3080430486798286,0.27834975719451904,0.3367743045091629,0.38,0.0,0.6875
1,approval,context,35,50,66.78,63.0,70.0,29.48,21.25,39.0,343788.7151953125,74291.5546875,486825.734375,22.9,20.0,26.0,0.30375624090433123,0.269003726541996,0.3319190964102745,0.385,0.25,0.5
1,approval,context,36,50,68.68,65.0,73.0,29.76,20.5,39.0,376180.421484375,77604.03515625,482111.2421875,23.14,19.25,27.0,0.30190159380435944,0.268592968583107,0.33476653695106506,0.29,0.0,0.5
1,approval,context,37,50,68.0,62.0,73.0,30.3,21.0,38.75,419069.1601953125,82814.1328125,567692.6484375,22.98,20.0,26.0,0.30361728847026825,0.26545610278844833,0.33260615915060043,0.31,0.0,0.5
1,approval,context,38,50,68.26,63.0,73.0,30.78,20.25,39.0,465501.31634765625,90696.275390625,630719.046875,23.24,20.0,26.0,0.2996048167347908,0.2723546624183655,0.33216165006160736,0.35,0.0,0.5
1,approval,context,39,50,69.26,65.0,72.0,30.8,20.25,39.75,521301.44572265627,99245.1796875,649595.609375,23.8,20.25,26.75,0.29740816086530686,0.2676914110779762,0.33014434576034546,0.33,0.0,0.5
1,approval,context,40,50,67.48,64.0,70.0,30.98,21.0,39.5,595153.3169140625,105773.408203125,696042.359375,23.62,20.0,26.75,0.29376420557498933,0.2681123912334442,0.3362870216369629,0.3,0.25,0.5
1,approval,context,41,50,68.7,64.0,73.0,31.02,21.0,39.0,670663.4459960938,120481.29296875,694185.625,23.54,20.0,26.75,0.2933013853430748,0.26188747584819794,0.328458234667778,0.345,0.25,0.5
1,approval,context,42,50,68.28,63.0,72.0,31.28,21.0,39.75,760248.2179492187,139835.703125,732352.875,24.06,21.0,27.0,0.29134872555732727,0.25944916158914566,0.32367782294750214,0.285,0.0,0.5
1,approval,context,43,50,68.08,64.0,71.75,31.4,21.5,40.0,849437.026328125,136074.525390625,794591.9375,24.22,21.25,26.0,0.290552042722702,0.26140938699245453,0.31976308673620224,0.32,0.0,0.5
1,approval,context,44,50,68.1,64.0,72.25,31.68,21.25,40.0,970436.4676757812,149544.79296875,890593.34375,23.94,21.0,27.0,0.2921916505694389,0.2599158212542534,0.3179624602198601,0.29,0.0625,0.5
1,approval,context,45,50,68.54,63.0,72.75,32.0,23.0,40.0,1120010.9649609374,164632.3828125,934236.265625,24.06,21.0,27.75,0.2935875391960144,0.26005956530570984,0.324240006506443,0.3,0.25,0.5
1,approval,context,46,50,67.58,61.25,72.75,32.18,23.5,40.0,1263059.7830078125,180767.2265625,996223.453125,24.06,21.25,27.0,0.2911224761605263,0.26295262575149536,0.318890318274498,0.37,0.25,0.5
1,approval,context,47,50,67.64,62.0,72.0,32.38,23.25,40.0,1418042.4651953124,190619.1015625,1054785.875,24.06,21.0,28.0,0.2900222662091255,0.2701210230588913,0.3166079819202423,0.235,0.0,0.25
1,approval,context,48,50,68.52,62.25,72.75,32.54,23.5,40.75,1605901.8752734375,211951.86328125,1124598.75,23.38,20.0,26.75,0.2983034899830818,0.2711721733212471,0.3291412442922592,0.305,0.0,0.5
1,approval,context,49,50,66.92,62.25,71.0,32.6,23.25,40.0,1838703.6091210938,214477.69140625,1268040.375,23.56,21.0,26.75,0.296688506603241,0.2692318633198738,0.33046500384807587,0.355,0.0625,0.5
1,approval,context,50,50,67.84,62.25,72.0,32.88,23.0,40.75,2070819.5297460938,231265.12109375,1335349.84375,23.92,21.0,28.0,0.2931603118777275,0.26655263453722,0.31784069538116455,0.38,0.25,0.5
1,approval,context,51,50,66.58,61.25,70.0,32.92,21.5,41.5,2317004.8646484376,241234.62109375,1507711.5,24.1,21.0,27.0,0.2905233144760132,0.27162812650203705,0.31752078235149384,0.275,0.0,0.5
1,approval,context,52,50,68.8,64.0,73.75,33.38,23.0,42.5,2614552.4661328127,278091.9296875,1755215.3125,23.68,21.0,26.0,0.2959184029698372,0.27021778374910355,0.3200356438755989,0.32,0.0,0.5
1,approval,context,53,50,68.36,64.0,73.75,33.42,23.0,42.75,2956049.5166210937,318593.203125,1888116.21875,23.5,20.0,25.0,0.29493496239185335,0.2725607380270958,0.321916401386261,0.3,0.0,0.5
1,approval,context,54,50,68.42,64.25,73.0,33.66,23.25,44.0,3283053.0585546875,287245.1171875,2211012.625,23.1,20.0,25.0,0.29761736929416654,0.2723446562886238,0.32541872560977936,0.34,0.0,0.5
1,approval,context,55,50,68.18,63.0,73.0,33.72,24.0,44.75,3667882.016855469,325511.21875,2587776.75,23.32,20.25,24.75,0.29671514153480527,0.27450426667928696,0.32241345196962357,0.39,0.0625,0.5
1,approval,context,56,50,67.58,63.0,73.5,33.92,24.0,44.0,4191081.462871094,340086.7421875,2963882.4375,24.12,22.0,27.0,0.29091144740581515,0.26238105446100235,0.31948503851890564,0.35,0.25,0.5
1,approval,context,57,50,66.58,61.0,73.75,34.12,23.25,44.0,4619060.856113281,353159.5390625,3370865.9375,24.48,21.0,27.0,0.28962555915117266,0.2602998837828636,0.31804361939430237,0.315,0.0,0.5
1,approval,context,58,50,69.16,64.0,75.0,34.34,23.25,44.75,5059341.131464844,364871.8828125,3896819.625,24.26,21.25,27.0,0.2904443523287773,0.25861329585313797,0.31815940141677856,0.37,0.25,0.5
1,approval,context,59,50,67.66,61.25,72.0,34.52,23.0,44.75,5642319.74734375,377864.234375,4169761.6875,24.52,21.0,28.75,0.28535481423139575,0.2582172006368637,0.31015583872795105,0.285,0.0,0.5
1,approval,context,60,50,67.2,60.25,74.5,35.06,24.5,45.0,6379462.014785157,427375.7265625,4416231.4375,24.18,21.0,27.75,0.2918044653534889,0.2592257112264633,0.31126317381858826,0.3,0.0,0.5
1,approval,context,61,50,68.5,63.25,73.0,35.22,24.5,45.0,7208072.404023438,434395.3515625,5188906.875,24.0,20.25,28.75,0.2933828476071358,0.25728024542331696,0.3286242336034775,0.3,0.0,0.5
1,approval,context,62,50,67.4,60.5,73.0,35.38,23.25,46.0,8030145.816347656,446840.296875,6005566.75,24.2,21.0,28.0,0.2917723733186722,0.2544676512479782,0.3174421489238739,0.375,0.0,0.5
1,approval,context,63,50,69.22,63.0,75.5,35.66,23.25,45.75,9057603.104296874,477527.4296875,6656882.5,24.46,21.25,28.0,0.2885586109757423,0.24782998487353325,0.31841225177049637,0.33,0.0,0.5
1,approval,context,64,50,67.8,61.5,73.0,36.02,24.0,46.0,9826057.912558593,519956.1640625,7077981.25,24.24,21.0,27.75,0.288315669298172,0.2550734579563141,0.32143182307481766,0.33,0.0625,0.5
1,approval,context,65,50,67.44,61.25,72.0,36.42,24.5,46.0,10571102.451308593,548829.0625,8143441.25,24.08,21.0,28.0,0.28906253337860105,0.24834055081009865,0.3260696306824684,0.34,0.25,0.5
1,approval,context,66,50,67.28,60.0,73.0,36.42,25.75,46.0,11743947.887285156,538313.15625,8485155.375,23.74,20.0,27.0,0.2917757770419121,0.2490246295928955,0.322724349796772,0.305,0.0,0.5
1,approval,context,67,50,66.9,62.0,73.0,36.66,27.25,45.75,12954508.947070312,580615.84375,8959103.0,23.32,21.0,25.75,0.2933989948034286,0.25225958973169327,0.3386561796069145,0.325,0.0,0.5
1,approval,context,68,50,67.46,62.25,70.75,37.06,27.25,46.0,14531623.051523438,666940.734375,9649063.5,23.68,21.0,27.0,0.29318907916545867,0.2480691745877266,0.32599516212940216,0.36,0.25,0.5
1,approval,context,69,50,67.18,60.25,72.0,36.94,27.25,46.75,16628223.174101563,766105.75,10442787.25,23.24,20.25,25.75,0.2961448290944099,0.25409212708473206,0.3230476900935173,0.405,0.25,0.5
1,approval,context,70,50,67.82,60.25,73.0,37.16,28.5,46.0,18690352.08919922,841958.890625,11475807.75,23.44,20.0,26.75,0.29028658866882323,0.2542027458548546,0.32823970913887024,0.32,0.0,0.5
1,approval,context,71,50,67.48,61.0,73.75,37.44,29.5,46.75,20926214.793632813,796531.25,12950575.5,23.58,20.25,26.0,0.29063342571258544,0.251801036298275,0.32003653794527054,0.37,0.0,0.5
1,approval,context,72,50,68.32,63.0,74.0,37.7,31.25,46.0,24035167.54472656,853873.484375,12801589.5,23.72,21.0,27.0,0.28874157488346097,0.2460993379354477,0.31801996380090714,0.36,0.0,0.5
1,approval,context,73,50,67.66,61.25,75.0,37.78,30.25,46.0,27793233.938085936,950724.53125,13125690.5,23.62,20.0,26.75,0.2877258917689323,0.2500309720635414,0.3216027095913887,0.36,0.0,0.5
1,approval,context,74,50,68.12,61.0,72.75,38.22,29.5,46.5,31867139.62683594,918706.96875,13504030.75,24.06,21.0,27.75,0.2867535898089409,0.250381700694561,0.32367532700300217,0.345,0.0,0.5
1,approval,context,75,50,68.0,60.5,75.5,38.26,28.75,46.75,36502848.12543945,992935.484375,14024101.0,24.38,21.0,27.5,0.2876389330625534,0.2579740285873413,0.31932269781827927,0.295,0.0625,0.5
1,approval,context,76,50,68.26,61.25,74.0,38.18,28.75,46.5,41189702.11339844,1043281.1875,14693877.75,24.72,21.0,28.0,0.29004354596138,0.26283062994480133,0.3184877038002014,0.255,0.0,0.4375
1,approval,context,77,50,67.16,59.25,72.0,38.3,28.0,45.75,47745979.44107422,1182942.09375,15609798.75,24.16,21.0,27.0,0.2949110096693039,0.26595906913280487,0.3263174146413803,0.245,0.0,0.5
1,approval,context,78,50,67.54,62.0,73.0,38.64,28.0,46.75,54552195.65382812,1383335.6875,17651438.5,24.04,20.25,27.0,0.29662546068429946,0.259702630341053,0.3273792862892151,0.37,0.0,0.5
1,approval,context,79,50,67.16,62.0,74.0,38.6,27.75,46.0,63393482.66535156,1521913.34375,18631648.75,24.66,21.25,27.0,0.29233709424734117,0.2614501118659973,0.3270282819867134,0.305,0.0,0.5
1,approval,context,80,50,68.54,61.25,73.75,38.6,28.0,46.75,73796414.6431543,1560533.125,19885024.5,24.66,22.0,28.0,0.2948372846841812,0.26612454652786255,0.33059240877628326,0.335,0.0,0.5
1,approval,context,81,50,66.78,61.0,71.75,38.92,27.25,46.75,86101931.7680664,1597981.15625,21541409.0,24.52,21.0,28.0,0.295448309481144,0.2595146670937538,0.33010342717170715,0.32,0.0,0.5
1,approval,context,82,50,67.32,59.5,73.0,39.26,28.0,46.75,99941315.81385742,1576257.125,24786174.5,24.34,21.0,28.0,0.2928078058362007,0.2560777887701988,0.3286047652363777,0.355,0.0625,0.5
1,approval,context,83,50,66.48,59.25,71.75,39.56,28.25,46.75,113299610.00769532,1793495.4375,28922055.0,24.6,21.0,28.0,0.2889211630821228,0.25238365679979324,0.32485339045524597,0.285,0.0,0.5
1,approval,context,84,50,68.26,62.0,73.0,39.96,27.5,47.0,130020515.01168945,2066989.34375,33995087.0,24.08,20.25,28.0,0.29432752430438996,0.25965850055217743,0.32128871232271194,0.265,0.0,0.5
1,approval,context,85,50,66.68,60.0,71.75,40.24,28.5,47.0,151947612.47149414,2183536.375,40284213.0,23.66,20.0,27.75,0.30281063765287397,0.2640681862831116,0.33778905123472214,0.295,0.0,0.5
1,approval,context,86,50,67.98,60.5,73.0,40.62,31.0,47.0,163103727.6392871,2360401.0625,47928376.0,23.3,20.0,26.75,0.3046624743938446,0.2704492658376694,0.3388155400753021,0.35,0.0,0.5
1,approval,context,87,50,68.18,62.25,76.75,40.84,32.5,47.0,185549751.077334,2802147.125,51080487.5,23.96,20.25,27.0,0.2997289508581161,0.26645395159721375,0.33315305411815643,0.385,0.25,0.5
1,approval,context,88,50,66.92,59.0,73.75,41.0,31.25,47.75,214446863.9753418,3352101.625,52403279.0,24.18,20.25,27.0,0.2956558281183243,0.26483380049467087,0.3268773704767227,0.28,0.0,0.5
1,approval,context,89,50,66.98,61.0,72.0,41.5,32.0,47.75,250985618.45087892,3704470.875,50667777.0,23.76,20.0,27.0,0.29811772316694257,0.25762103497982025,0.33940184861421585,0.34,0.0,0.5
1,approval,context,90,50,68.3,62.0,74.75,42.08,33.5,48.75,291254487.6433789,4186647.3125,59200827.0,24.28,21.0,27.75,0.29530332058668135,0.2534695193171501,0.3386191055178642,0.305,0.0,0.5
1,approval,context,91,50,68.5,60.25,73.75,42.12,32.5,49.5,340409145.8878125,4630251.5,68909034.0,24.5,21.0,26.0,0.2937308469414711,0.2664879336953163,0.32366009056568146,0.325,0.25,0.5
1,approval,context,92,50,67.52,61.25,72.75,42.24,32.5,49.0,396508548.36865234,4614138.0,78409088.0,24.78,21.0,28.0,0.29217965483665465,0.262345515191555,0.3218870833516121,0.315,0.0,0.5
1,approval,context,93,50,68.16,62.0,73.75,42.62,32.5,50.0,461116440.05796874,5067712.875,90372132.0,24.92,22.0,27.75,0.2910319709777832,0.2582440450787544,0.32277827709913254,0.295,0.0,0.5
1,approval,context,94,50,68.16,61.0,75.0,42.88,34.0,49.75,529535504.650293,5419459.875,102883108.0,24.88,22.0,27.0,0.2901623019576073,0.2507661357522011,0.32657066732645035,0.275,0.0,0.5
1,approval,context,95,50,67.0,60.25,74.75,43.2,34.5,50.0,617517485.240293,5359390.0,107142794.0,24.68,22.0,28.0,0.28999003291130065,0.2574973776936531,0.3241281285881996,0.315,0.0,0.5
1,approval,context,96,50,67.2,61.25,73.0,43.32,34.5,50.0,720163336.3963476,5432669.875,125673684.0,24.42,22.0,26.75,0.29103916227817533,0.2621987983584404,0.318298801779747,0.325,0.25,0.5
1,approval,context,97,50,66.48,58.0,73.0,43.52,35.0,50.75,840019154.6368359,5648269.5,138573324.0,24.58,22.0,27.0,0.29061594754457476,0.254408523440361,0.32699763029813766,0.35,0.25,0.5
1,approval,context,98,50,67.18,60.0,73.0,43.72,34.75,50.75,976142129.9138086,5656721.375,151000328.0,24.78,21.0,27.0,0.2874636587500572,0.25494957715272903,0.31992340087890625,0.29,0.0,0.5
1,approval,context,99,50,67.18,61.0,72.0,44.04,34.0,51.0,1165599127.4007616,5833484.875,166592976.0,24.82,22.0,27.0,0.28934893637895587,0.26088935136795044,0.3266756236553192,0.29,0.0,0.5
1,approval,context,100,50,67.06,60.5,72.0,44.44,34.5,52.0,1283273458.2002149,5865701.375,161390696.0,24.46,22.0,27.0,0.2911160305142403,0.26246199756860733,0.3171025961637497,0.295,0.0,0.5
1,approval,context,101,50,66.52,58.25,72.0,44.76,34.75,52.0,1512732983.1461914,6807759.875,168426400.0,24.22,21.0,26.75,0.2940904274582863,0.27282703667879105,0.31792207062244415,0.34,0.0,0.5
1,approval,context,102,50,67.38,61.0,72.75,44.92,35.5,51.75,1751410613.9982617,7978655.875,201853636.0,24.48,21.0,27.75,0.29312960207462313,0.26418250799179077,0.327713243663311,0.36,0.25,0.5
1,approval,context,103,50,66.88,59.25,74.0,45.16,36.5,51.75,2074344061.555918,8357438.25,232456296.0,24.38,21.0,26.75,0.29138204038143156,0.2642706483602524,0.32665448635816574,0.32,0.25,0.5
1,approval,context,104,50,67.46,62.0,72.75,45.22,38.0,51.75,2400528807.0486326,8464199.0,255809276.0,24.32,21.0,27.0,0.29109357386827467,0.2679947763681412,0.324640728533268,0.315,0.0,0.5
1,approval,context,105,50,67.0,61.0,70.75,45.5,38.25,52.0,2854456114.4832616,8768293.5,283464624.0,24.52,22.0,27.75,0.2920494329929352,0.257499136030674,0.3215400502085686,0.295,0.0,0.5
1,approval,context,106,50,67.6,58.5,75.0,45.5,39.0,52.0,3210091422.967871,9936334.75,294737312.0,24.44,21.0,28.0,0.29255968898534773,0.25832177698612213,0.3255658522248268,0.37,0.25,0.5
1,approval,context,107,50,67.46,62.25,73.5,45.64,40.0,52.75,3499982474.180156,9696751.75,303739472.0,24.46,21.0,28.0,0.2924238300323486,0.2558075934648514,0.3280617371201515,0.315,0.0,0.5
1,approval,context,108,50,67.86,63.25,73.75,45.9,40.0,52.75,4056578695.4603906,10479924.0,324931856.0,23.74,20.0,27.0,0.29542646259069444,0.2616987079381943,0.32680628448724747,0.29,0.0,0.5
1,approval,context,109,50,67.26,58.0,74.75,45.84,40.0,52.75,4696678810.429648,9718597.75,375414256.0,23.66,20.25,26.75,0.29769147306680677,0.27287551760673523,0.33023642003536224,0.405,0.0625,0.5
1,approval,context,110,50,67.9,60.25,77.75,45.94,40.0,52.75,5083344580.923359,9508396.75,426108640.0,24.06,21.0,27.0,0.29408291399478914,0.2614171579480171,0.31737885624170303,0.315,0.0,0.5
1,approval,context,111,50,66.74,60.0,73.0,46.08,40.0,53.0,5586715086.240976,9969441.0,507849224.0,23.98,21.0,27.0,0.2983376157283783,0.27336471527814865,0.324290432035923,0.37,0.25,0.5
1,approval,context,112,50,67.08,61.25,72.0,45.98,40.0,53.75,6007297442.488359,10264688.0,503705056.0,24.16,20.25,27.0,0.29370571553707125,0.27152854204177856,0.3110542744398117,0.35,0.0625,0.5
1,approval,context,113,50,67.3,59.75,72.75,46.06,40.0,54.75,6702761823.0889845,11311238.25,498097584.0,24.74,22.0,27.75,0.2924511003494263,0.2627296596765518,0.3138589635491371,0.355,0.0,0.5
1,approval,context,114,50,66.82,61.25,69.75,46.1,40.0,55.75,7579595009.438555,12476286.75,571023448.0,24.78,22.0,27.0,0.29064540535211564,0.26177453994750977,0.30971845984458923,0.345,0.25,0.5
1,approval,context,115,50,66.86,58.5,72.5,45.98,40.25,56.0,8602622679.254648,13480928.75,679618680.0,24.34,22.0,27.0,0.2910971149802208,0.26357174664735794,0.3228970840573311,0.29,0.0,0.5
1,approval,context,116,50,67.74,60.25,76.0,46.1,40.0,56.75,9662168365.339062,15193242.25,804705744.0,24.56,22.0,28.0,0.2917359799146652,0.2656314894556999,0.3180098459124565,0.325,0.25,0.5
1,approval,context,117,50,66.44,61.0,71.0,46.3,40.25,56.5,10789556685.94957,17665745.5,943784016.0,24.2,21.0,27.75,0.29659205734729766,0.2687768191099167,0.32187947630882263,0.29,0.0,0.5
1,approval,context,118,50,67.06,60.0,72.5,46.28,40.0,56.5,12240441882.682617,20309920.5,1096819056.0,24.16,21.0,26.75,0.29863198220729825,0.26456572115421295,0.3278210535645485,0.355,0.0,0.6875
1,approval,context,119,50,67.38,60.25,74.0,46.48,40.5,56.5,13540920525.885313,20079707.0,1243297456.0,23.96,20.0,27.0,0.2971412441134453,0.26056138426065445,0.32878226786851883,0.34,0.0,0.5
1,approval,context,120,50,66.94,59.0,73.75,46.52,40.0,55.5,15089086401.132265,21269946.5,1396695552.0,24.2,20.0,28.0,0.29659496903419497,0.2622935324907303,0.32646429538726807,0.315,0.0,0.6875
1,approval,context,121,50,67.22,60.25,73.25,46.74,40.25,55.75,17168060644.58168,24467197.0,1588287264.0,24.14,21.0,28.0,0.29914951145648955,0.2638237401843071,0.33285463601350784,0.32,0.0,0.5
1,approval,context,122,50,67.06,59.25,74.0,46.8,40.5,54.75,19611737731.438633,28159126.5,1841074208.0,23.72,20.0,28.0,0.30178369373083114,0.2706911042332649,0.3357304036617279,0.285,0.0,0.5
1,approval,context,123,50,66.94,60.25,73.5,46.9,40.25,54.75,21543217740.000233,30452669.0,2115315104.0,23.32,20.25,26.0,0.3045075413584709,0.2769816517829895,0.33523911237716675,0.395,0.25,0.5
1,approval,context,124,50,66.3,60.25,73.75,46.94,40.25,54.75,24688452988.03914,33378330.0,2366020736.0,23.98,20.25,26.75,0.2997553712129593,0.26257599145174026,0.3381388261914253,0.32,0.0,0.5
1,approval,context,125,50,67.2,59.25,74.0,46.98,40.5,54.75,28419757652.833515,38000802.0,2524909696.0,24.06,21.0,26.0,0.2988778081536293,0.268941305577755,0.3225335255265236,0.31,0.0,0.5
1,approval,context,126,50,66.66,60.0,73.75,46.9,40.5,55.75,33126380984.74664,44000136.0,2473363648.0,23.48,20.0,27.0,0.3018270501494408,0.2680290713906288,0.3288145810365677,0.355,0.0,0.6875
1,approval,context,127,50,66.8,60.0,71.0,47.1,40.25,56.75,38295090051.20187,47826641.0,2557941792.0,23.78,21.0,26.75,0.29611861646175386,0.2658622935414314,0.3215629905462265,0.315,0.0,0.5
1,approval,context,128,50,68.14,60.0,74.0,47.12,39.25,56.5,40042506538.41672,43614603.0,2507606560.0,23.88,20.0,27.75,0.2991612121462822,0.2729218006134033,0.3232288360595703,0.425,0.0,0.75
1,approval,context,129,50,66.26,59.0,73.0,47.24,40.25,56.75,46244207958.54641,47399906.0,2616128128.0,24.34,22.0,26.75,0.2942562925815582,0.2770746275782585,0.31473691016435623,0.4,0.25,0.75
1,approval,context,130,50,66.84,60.0,75.0,47.32,39.25,56.75,53880010944.24797,48292804.0,2567801120.0,24.56,20.25,28.0,0.2922802981734276,0.2634018659591675,0.31653688102960587,0.385,0.0,0.75
1,approval,context,131,50,65.82,58.5,71.0,47.34,39.25,56.75,50390981282.67156,52362090.0,2480718528.0,24.54,21.0,27.0,0.2916421428322792,0.2667830213904381,0.3157934099435806,0.36,0.0,0.75
1,approval,context,132,50,66.06,58.25,73.0,47.36,40.0,56.75,53093915410.48344,55950240.0,2470795840.0,24.8,21.0,28.0,0.2919386896491051,0.25227880477905273,0.32619843631982803,0.365,0.0,0.6875
1,approval,context,133,50,66.74,60.0,72.75,47.36,40.25,57.75,61840499563.68531,53631778.0,2422389952.0,25.14,21.25,27.75,0.2901326024532318,0.2621575742959976,0.31808122247457504,0.34,0.0,0.5
1,approval,context,134,50,67.02,61.0,74.75,47.46,40.25,57.75,71868061928.82469,54219721.0,2305114752.0,24.76,21.0,28.0,0.2932199287414551,0.258674293756485,0.3244200870394707,0.34,0.0,0.75
1,approval,context,135,50,66.74,61.0,73.0,47.66,40.5,58.5,68742747915.91937,58267418.0,2452891520.0,24.52,22.0,27.0,0.2942990654706955,0.2567482367157936,0.31968943029642105,0.385,0.0,0.75
1,approval,context,136,50,67.48,61.25,73.0,47.74,40.5,57.75,65189919948.40188,62448476.0,2843370624.0,24.52,22.0,27.0,0.2921527951955795,0.26023155450820923,0.3223182037472725,0.35,0.0,0.75
1,approval,context,137,50,66.7,59.0,73.75,47.74,40.0,57.75,62689613162.93875,67262108.0,3332443200.0,24.72,22.0,27.75,0.2905886110663414,0.2533518671989441,0.32186125218868256,0.395,0.25,0.5
1,approval,context,138,50,66.74,60.0,75.25,47.72,40.0,57.75,64182341422.319374,67174724.0,3904447360.0,24.62,21.0,28.0,0.2887247288227081,0.2614521235227585,0.32217075675725937,0.28,0.0,0.5
1,approval,context,139,50,67.12,58.75,74.0,47.78,40.0,57.75,61618306781.311874,78604448.0,4518532480.0,24.4,21.0,27.0,0.2945392745733261,0.2618347927927971,0.3246747627854347,0.355,0.0625,0.5
1,approval,context,140,50,67.14,60.25,73.0,47.76,39.25,57.75,60521350275.60625,84889400.0,5109621760.0,24.16,21.0,28.0,0.29577705174684527,0.259940966963768,0.3261514753103256,0.395,0.25,0.5
1,approval,context,141,50,67.08,59.25,75.0,47.82,38.5,57.75,59732968567.5525,91840120.0,5764656000.0,24.38,20.25,29.0,0.2941854527592659,0.2639208510518074,0.3301333039999008,0.375,0.0,0.5
1,approval,context,142,50,67.06,58.25,72.75,47.88,37.75,58.0,63556619063.12937,107754138.0,6623839872.0,24.56,21.0,28.0,0.2928027328848839,0.2674698531627655,0.32866380363702774,0.25,0.0,0.5
1,approval,context,143,50,67.18,60.5,72.75,47.86,37.75,58.0,70671987034.78188,103355056.0,6937527808.0,23.38,21.0,26.0,0.30143919050693513,0.27638692408800125,0.32706766575574875,0.365,0.0,0.75
1,approval,context,144,50,67.68,62.0,73.75,47.92,36.25,58.75,80254053547.47375,107899144.0,7813070976.0,23.82,21.0,26.75,0.29808454066514967,0.2731270417571068,0.33173149824142456,0.345,0.0,0.5
1,approval,context,145,50,66.74,59.25,75.75,47.82,36.25,58.0,90476051069.21375,117172372.0,9163668608.0,23.8,20.0,28.0,0.2987057861685753,0.2661822959780693,0.324467234313488,0.355,0.0,0.5
1,approval,context,146,50,67.34,58.0,75.0,47.9,36.25,57.75,102560491264.0375,131904052.0,10605525248.0,23.94,21.0,28.0,0.2983775880932808,0.26358721405267715,0.3285409063100815,0.36,0.25,0.5
1,approval,context,147,50,67.28,59.25,74.0,47.84,37.0,57.75,119003792517.9375,133815612.0,11412783616.0,23.72,20.0,28.0,0.296936959028244,0.25867147743701935,0.3398993983864784,0.35,0.0,0.5
1,approval,context,148,50,66.26,59.0,71.5,47.82,37.0,57.5,137512902142.96875,156499924.0,11391028992.0,23.84,21.0,26.75,0.29625206500291823,0.2638995870947838,0.3315463289618492,0.33,0.0625,0.5
1,approval,context,149,50,67.0,61.0,73.0,47.9,37.75,57.75,160603498589.245,180899584.0,11665408512.0,23.2,20.0,27.0,0.3042429375648499,0.27122601866722107,0.34331002831459045,0.37,0.25,0.5
1,approval,context,150,50,67.0,60.0,73.75,47.88,38.5,57.0,187755862476.15,174085840.0,13064184320.0,23.46,20.0,27.0,0.30139818757772446,0.2754477187991142,0.3327547386288643,0.36,0.25,0.5
1,approval,context,151,50,67.62,60.25,74.0,47.8,38.5,56.75,218340712236.2975,157490808.0,15256788736.0,24.34,22.0,27.0,0.2953172853589058,0.254683755338192,0.3269902542233467,0.375,0.25,0.5
1,approval,context,152,50,67.38,62.0,76.5,47.8,38.5,56.75,254277541790.775,166596184.0,17708375808.0,24.44,21.25,27.75,0.2912400647997856,0.2514985650777817,0.3286232054233551,0.385,0.25,0.5
1,approval,context,153,50,67.36,61.0,73.0,47.8,38.5,55.75,296135452120.735,178092700.0,17522639360.0,24.82,22.0,27.0,0.29005548000335696,0.2576649561524391,0.32314930111169815,0.32,0.0,0.5
1,approval,context,154,50,67.38,62.0,76.5,47.98,39.25,56.5,345567637333.62,194906504.0,18017331712.0,24.56,22.0,28.0,0.29358465284109114,0.25771209597587585,0.32420313358306885,0.375,0.25,0.5
1,approval,context,155,50,67.04,59.25,74.0,47.92,40.0,55.75,403227690748.6025,221295528.0,16766260736.0,24.78,21.0,28.0,0.2898503115773201,0.24973342195153236,0.3193657174706459,0.4,0.25,0.5
1,approval,context,156,50,67.14,60.0,74.75,47.88,40.25,55.75,471242836070.35,236966212.0,16647323648.0,25.26,22.0,28.75,0.2886511766910553,0.2586999535560608,0.32107560336589813,0.325,0.0625,0.5
1,approval,context,157,50,67.28,61.25,76.0,47.92,41.0,55.75,574964590358.51,269541028.0,20053736960.0,25.08,22.0,28.0,0.28927036821842195,0.26066355407238007,0.31716692447662354,0.36,0.25,0.5
1,approval,context,158,50,67.42,58.5,75.75,48.0,41.25,56.0,669189504837.9,290260960.0,24163983872.0,25.76,23.0,28.75,0.287356496155262,0.256036601960659,0.31608450412750244,0.26,0.0,0.5
1,approval,context,159,50,67.16,60.0,73.0,47.92,43.0,56.0,776704124520.695,338977288.0,28728275968.0,25.88,22.0,28.75,0.29206054836511613,0.2712988257408142,0.32017596811056137,0.33,0.0,0.5
1,approval,context,160,50,67.56,61.0,72.75,47.7,40.75,55.75,889261197273.435,348721760.0,33789448704.0,25.7,23.0,28.0,0.29091630190610884,0.25731876492500305,0.3182392939925194,0.355,0.25,0.5
1,approval,context,161,50,66.26,57.25,74.5,47.8,42.0,55.75,1038047207832.995,376718496.0,38717053440.0,25.5,22.25,28.75,0.2913844928145409,0.2631981149315834,0.3137427270412445,0.365,0.0625,0.5
1,approval,context,162,50,66.94,59.25,73.75,47.8,40.5,56.0,1211217358789.74,412636040.0,45626452992.0,25.24,22.0,28.0,0.29009525865316393,0.25777609646320343,0.3237944468855858,0.345,0.0,0.5
1,approval,context,163,50,66.94,58.25,74.75,47.82,41.0,56.75,1388699077531.645,383930096.0,45406744576.0,25.04,22.0,27.75,0.2870494684576988,0.25483185052871704,0.3215707167983055,0.295,0.0,0.5
1,approval,context,164,50,66.44,58.0,74.0,47.78,40.25,56.75,1624564038627.45,419795136.0,45662851072.0,24.28,21.0,26.75,0.2967933684587479,0.2731223404407501,0.3303225636482239,0.41,0.25,0.5
1,approval,context,165,50,67.0,58.25,76.75,47.84,40.25,56.75,1894043166760.18,418208728.0,49822769152.0,24.54,22.0,26.75,0.2947110524773598,0.2655082419514656,0.32550882548093796,0.445,0.25,0.75
1,approval,context,166,50,67.46,59.0,75.5,47.88,40.25,57.0,2214597591697.115,441197488.0,58515472384.0,24.46,21.25,27.75,0.2936958569288254,0.2600999251008034,0.3286696821451187,0.35,0.0,0.5
1,approval,context,167,50,66.9,60.25,75.0,47.76,40.25,57.75,2606121764178.95,458034816.0,69305011200.0,25.12,22.0,27.75,0.2914034679532051,0.25782864540815353,0.3238890469074249,0.325,0.0,0.5
1,approval,context,168,50,66.56,60.0,73.75,47.76,40.0,57.75,3044170025748.4473,518096392.0,75749715968.0,25.08,21.0,28.75,0.29317180812358856,0.26258084923028946,0.32958073168992996,0.405,0.0,0.75
1,approval,context,169,50,65.5,57.25,71.0,47.82,39.25,57.75,3563894239090.465,444652608.0,86603310080.0,24.92,22.0,27.75,0.29483407020568847,0.26366066187620163,0.32401250302791595,0.355,0.0,0.6875
1,approval,context,170,50,66.94,58.25,73.75,47.9,40.0,58.0,4170136393881.5176,448814984.0,105689075712.0,24.4,21.0,28.0,0.2950991368293762,0.2597356513142586,0.334047794342041,0.36,0.0,0.5
1,approval,context,171,50,66.06,58.25,73.0,48.0,39.25,58.0,4850494546139.032,486870304.0,119978641408.0,24.64,21.0,28.75,0.2981804984807968,0.2578505277633667,0.34047211706638336,0.345,0.0,0.5
1,approval,context,172,50,66.1,60.25,72.75,48.06,39.25,58.0,5634529570913.29,571536368.0,136209305600.0,24.6,21.0,28.0,0.29683192759752275,0.2576950639486313,0.3330162540078163,0.455,0.25,0.75
1,approval,context,173,50,66.48,58.0,75.0,48.14,38.5,58.75,6458898809746.862,619588256.0,159871504384.0,25.34,23.0,28.0,0.29096355348825453,0.25920192152261734,0.3221769407391548,0.265,0.0,0.5
1,approval,context,174,50,66.38,59.25,72.0,48.1,39.25,59.0,7338758234308.338,725924016.0,179914426368.0,24.74,21.0,28.0,0.2945932933688164,0.25687962025403976,0.3330809250473976,0.37,0.25,0.5
1,approval,context,175,50,67.22,60.25,73.0,48.02,39.25,58.75,8437699129111.415,794652928.0,201799004160.0,25.2,23.0,28.0,0.29131703794002534,0.26000285893678665,0.32151761651039124,0.3,0.0,0.5
1,approval,context,176,50,65.88,58.25,72.75,47.92,39.25,59.0,9663958856531.262,940841536.0,225924878336.0,24.5,22.0,27.0,0.2946694841980934,0.2574409991502762,0.327302910387516,0.33,0.0,0.5
1,approval,context,177,50,67.36,56.5,75.75,47.86,40.0,59.0,11231656517487.465,1079963248.0,272003997696.0,24.92,22.0,28.0,0.29307719111442565,0.25918566435575485,0.3237635940313339,0.31,0.0,0.5
1,approval,context,178,50,66.5,58.75,72.0,47.74,40.25,58.0,12970107390278.152,1041398784.0,328386392064.0,25.08,22.0,28.0,0.29341911017894745,0.26155271381139755,0.32717813551425934,0.265,0.0,0.5
1,approval,context,179,50,66.42,59.25,71.75,47.72,39.25,59.0,15035410101150.648,1038718512.0,367661305856.0,24.8,20.25,28.0,0.2944083160161972,0.25225643068552017,0.33134058117866516,0.345,0.0,0.6875
1,approval,context,180,50,66.52,58.25,74.75,47.66,37.75,59.75,17460313394394.42,1085395536.0,390528471040.0,25.42,21.25,30.0,0.290401508808136,0.2560075670480728,0.3184887766838074,0.35,0.0,0.6875
1,approval,context,181,50,66.26,58.25,74.0,47.48,35.5,59.0,20424200971860.45,1083670144.0,439509991424.0,25.14,21.25,30.0,0.2895592346787453,0.2516280338168144,0.31960417330265045,0.265,0.0,0.5
1,approval,context,182,50,66.88,60.0,72.5,47.3,34.0,58.75,23757531261902.9,1100807680.0,494408810496.0,24.98,20.0,29.75,0.29099224746227265,0.25845087319612503,0.3242793381214142,0.33,0.0,0.5
1,approval,context,183,50,66.38,58.0,74.25,47.18,34.0,58.75,27805468536811.977,1225746432.0,506016464896.0,24.66,21.0,28.0,0.29500851422548297,0.2602352872490883,0.32940756529569626,0.305,0.0,0.5
1,approval,context,184,50,66.82,61.0,74.25,47.06,34.0,58.0,32523909472126.145,1383961440.0,515632685056.0,24.06,19.25,28.0,0.3008286201953888,0.26144974678754807,0.33217643946409225,0.335,0.0,0.5
1,approval,context,185,50,66.84,59.0,72.75,47.02,34.0,57.75,38066470743169.47,1577903296.0,523790172160.0,24.32,21.0,28.0,0.29603045612573625,0.2610536441206932,0.3274650275707245,0.44,0.25,0.75
1,approval,context,186,50,66.56,58.0,75.0,46.92,34.0,57.75,44554180542437.26,1624334368.0,512481705984.0,24.92,22.0,28.75,0.2910716089606285,0.26034481078386307,0.31839369982481003,0.36,0.0,0.5
1,approval,context,187,50,66.76,62.0,72.75,46.8,34.0,57.75,52042384969309.51,1803129888.0,550053240832.0,24.88,21.25,28.0,0.29258977860212326,0.2710214853286743,0.31894294917583466,0.35,0.0,0.5
1,approval,context,188,50,66.64,58.0,73.0,46.8,34.0,57.75,60818574379997.68,1897623776.0,538076626944.0,25.06,22.25,28.75,0.2916867312788963,0.2651350498199463,0.31563708931207657,0.35,0.0,0.5
1,approval,context,189,50,66.96,59.0,76.75,46.58,34.5,57.0,71012784326766.52,1877855360.0,537711181824.0,25.34,21.0,28.0,0.2895330762863159,0.2670222148299217,0.3150469586253166,0.295,0.0,0.5
1,approval,context,190,50,65.82,57.0,74.0,46.52,33.75,57.75,74329156941438.4,2179336032.0,549869215744.0,24.78,21.25,27.0,0.2924585774540901,0.2669471949338913,0.32479695975780487,0.34,0.0,0.5
1,approval,context,191,50,65.86,57.25,73.0,46.3,33.25,57.75,86749734396740.5,2336896352.0,595106340864.0,24.52,22.0,27.0,0.2934397378563881,0.26640786975622177,0.32000599056482315,0.355,0.0,0.5
1,approval,context,192,50,66.58,59.25,74.25,46.36,33.25,57.75,100942441400427.72,2713825792.0,688248651776.0,24.52,22.0,27.75,0.2936642089486122,0.26089785248041153,0.3272321820259094,0.31,0.0,0.5
1,approval,context,193,50,66.52,59.0,74.75,46.34,32.75,57.75,117553813030549.6,3151916096.0,803078864896.0,24.22,20.0,27.75,0.2982584461569786,0.27998602390289307,0.3262505754828453,0.37,0.0,0.5
1,approval,context,194,50,66.98,58.25,73.5,46.42,34.25,57.5,137273403665743.84,3148960704.0,937560981504.0,24.5,22.0,27.0,0.2953985986113548,0.2659488394856453,0.32380543649196625,0.285,0.0,0.5
1,approval,context,195,50,66.16,56.25,76.0,46.54,35.5,57.5,126632240971433.86,3109559232.0,1074600001536.0,23.88,21.0,27.0,0.298277416229248,0.2778555452823639,0.31972024589776993,0.41,0.0,0.75
1,approval,context,196,50,66.48,58.0,74.5,46.72,36.0,57.5,132356373480526.42,3263464384.0,1193703407616.0,24.4,22.0,26.75,0.29493372976779936,0.27248384803533554,0.3249625712633133,0.29,0.0,0.5
1,approval,context,197,50,66.7,59.0,73.0,46.84,36.0,57.5,130230696295021.6,3628648832.0,1381346082816.0,24.2,21.0,27.0,0.29882851243019104,0.2687477767467499,0.32272637635469437,0.335,0.0,0.5
1,approval,context,198,50,66.28,58.25,74.5,46.92,36.0,57.25,120049146873462.08,4015926080.0,1573803360256.0,24.54,21.0,27.75,0.2995781061053276,0.2684018611907959,0.3320561870932579,0.42,0.25,0.75
1,approval,context,199,50,66.7,58.25,73.5,47.14,36.0,57.5,110977208116987.92,4291676928.0,1715974766592.0,24.66,22.0,27.0,0.2981551244854927,0.26563892513513565,0.3306199684739113,0.32,0.0,0.5
1,approval,context,200,50,66.28,59.0,74.5,47.14,36.0,57.25,109378768389517.58,4980515584.0,1984867434496.0,24.56,21.25,27.0,0.2963186252117157,0.26804258674383163,0.3203283101320267,0.29,0.0,0.5
1,approval,context,201,50,65.34,58.0,73.5,47.1,37.25,57.25,101349684946945.84,5417659392.0,2394185826304.0,24.48,21.25,27.0,0.2979780688881874,0.26932763308286667,0.3276768922805786,0.4,0.0625,0.5
1,approval,context,202,50,65.88,58.0,73.75,47.14,37.5,57.25,94551314755808.95,6044632064.0,2956150702080.0,25.16,22.0,28.0,0.2942506319284439,0.26950933784246445,0.31886954605579376,0.34,0.0,0.5
1,approval,context,203,50,66.34,58.25,73.0,47.12,36.25,57.5,93952287268301.2,6920871936.0,3421883006976.0,25.56,22.0,29.0,0.2930015754699707,0.26337379962205887,0.3259503096342087,0.28,0.0,0.5
1,approval,context,204,50,66.22,58.25,75.0,47.02,35.0,57.25,88359768273246.88,7679005312.0,3804292382720.0,25.38,22.0,28.0,0.294134347140789,0.26580850034952164,0.31953543424606323,0.405,0.25,0.5
1,approval,context,205,50,66.76,57.25,73.75,47.08,34.0,57.25,88280916809443.88,8652738432.0,3675127218176.0,25.34,23.0,27.0,0.2928322938084602,0.2600734233856201,0.3212607502937317,0.355,0.0,0.5
1,approval,context,206,50,65.92,57.25,74.5,47.1,33.75,57.25,93454799351879.92,9803894784.0,3552515260416.0,24.82,22.0,27.0,0.28884015381336214,0.26043061167001724,0.3100704103708267,0.34,0.0,0.6875
1,approval,context,207,50,65.4,57.0,72.75,47.16,33.75,57.25,109245588940865.6,10675975936.0,3562901733376.0,24.42,21.25,27.0,0.2916426160931587,0.25869960337877274,0.3193633481860161,0.35,0.0,0.5
1,approval,context,208,50,65.96,59.0,72.0,47.06,33.5,57.25,104385875887502.23,12986836480.0,3863281729536.0,24.5,21.0,27.0,0.29105828553438184,0.2659604549407959,0.311354823410511,0.355,0.0625,0.5
1,approval,context,209,50,65.74,58.0,73.0,46.96,33.0,57.25,110169820162535.36,13678022656.0,4387327901696.0,24.78,22.0,27.0,0.28954293310642243,0.26244406402111053,0.3140094727277756,0.385,0.0,0.75
1,approval,context,210,50,66.24,58.0,74.5,46.9,33.0,57.5,128876754623774.31,12567602944.0,5164238241792.0,24.72,21.0,28.0,0.29066248595714567,0.25575660169124603,0.3226933106780052,0.375,0.0625,0.5
1,approval,context,211,50,66.1,58.25,74.25,46.88,32.25,57.0,150446827485566.88,12900876800.0,4932530143232.0,24.9,22.0,27.75,0.2880529314279556,0.258009597659111,0.32021839916706085,0.37,0.0625,0.5
1,approval,context,212,50,65.84,58.0,72.75,46.96,33.25,57.75,175849774863049.7,15128321024.0,4715804098560.0,24.86,21.0,27.0,0.28824886709451675,0.24583633989095688,0.32276610285043716,0.32,0.25,0.5
1,approval,context,213,50,66.32,57.0,74.0,47.04,32.5,57.0,207343399891761.03,15239493632.0,4373491941376.0,25.22,21.25,28.0,0.2900874489545822,0.25161679834127426,0.3251376077532768,0.365,0.0625,0.5
1,approval,context,214,50,66.2,58.0,72.75,47.16,33.5,56.75,220420624610562.25,16159698944.0,4183026630656.0,25.64,22.25,28.75,0.2878072062134743,0.25298595428466797,0.32049664855003357,0.345,0.0,0.6875
1,approval,context,215,50,66.06,60.0,74.0,47.32,35.0,56.75,235472021450519.75,17867319808.0,4108232753152.0,25.06,21.0,28.0,0.2921683248877525,0.26202192902565,0.324326828122139,0.355,0.0,0.5
1,approval,context,216,50,65.94,57.25,73.75,47.3,35.25,56.0,225029410402757.28,18340252160.0,4043200135168.0,24.66,20.0,29.0,0.29425902277231214,0.2671769708395004,0.32740020006895065,0.42,0.25,0.75
1,approval,context,217,50,66.02,59.0,73.0,47.46,36.0,56.0,263180993684623.75,18752280576.0,4167863959552.0,24.74,21.0,27.75,0.29234391033649443,0.2589554861187935,0.3297692984342575,0.34,0.0,0.5
1,approval,context,218,50,66.16,58.0,71.75,47.38,36.25,56.0,308147424969180.8,19732037120.0,4045353910272.0,24.94,22.0,28.0,0.2924878028035164,0.25602486729621887,0.3280351832509041,0.325,0.0,0.5
1,approval,context,219,50,65.46,58.25,72.75,47.46,37.0,56.0,354500857174254.8,20635493888.0,3997897588736.0,24.5,21.25,28.0,0.2961405324935913,0.261416420340538,0.3271663561463356,0.375,0.0,0.5
1,approval,context,220,50,66.98,57.25,75.75,47.46,37.0,56.0,381002694700536.8,21852800512.0,4079385903104.0,24.2,21.0,27.0,0.29525780618190767,0.2606967017054558,0.3347145766019821,0.35,0.0,0.5
1,approval,context,221,50,66.42,58.25,73.0,47.56,38.0,56.75,445872817104108.6,22285022208.0,4710120030208.0,24.64,21.25,28.0,0.29182289421558383,0.25577571988105774,0.330274261534214,0.315,0.0,0.5
1,approval,context,222,50,65.88,57.25,72.75,47.56,37.25,56.75,513554062993622.94,23661796864.0,5053400809472.0,24.62,22.0,28.0,0.28988548457622526,0.25516295433044434,0.33060022443532944,0.325,0.0,0.5
1,approval,context,223,50,66.02,58.25,71.0,47.56,37.5,57.75,601339799775419.0,27185256448.0,5588137541632.0,24.78,22.0,28.0,0.2919947525858879,0.2556147500872612,0.3267398029565811,0.38,0.25,0.5
1,approval,context,224,50,65.86,57.0,74.75,47.62,37.5,57.75,703807465021791.6,29548962304.0,6194156666880.0,24.76,22.0,27.0,0.2933701279759407,0.2595565840601921,0.31890183687210083,0.41,0.25,0.6875
1,approval,context,225,50,66.32,58.0,74.75,47.64,38.0,57.75,802978290670067.5,32799877120.0,6623462293504.0,25.0,22.0,27.0,0.28907887637615204,0.26150326430797577,0.31823768466711044,0.285,0.0,0.5
1,approval,context,226,50,66.04,59.0,73.75,47.68,37.25,57.75,932706953216556.6,36059820032.0,7010868527104.0,24.72,22.0,26.75,0.293437095284462,0.25546419620513916,0.3297974467277527,0.315,0.25,0.5
1,approval,context,227,50,65.8,57.0,72.75,47.8,38.0,57.75,1089514097543624.8,39917173760.0,7373247873024.0,24.82,22.0,26.75,0.293496336042881,0.25941038131713867,0.32766084372997284,0.4,0.25,0.75
1,approval,context,228,50,66.18,57.25,73.75,47.7,38.0,57.75,1266935274301190.5,45021491200.0,8245563228160.0,24.86,22.25,27.0,0.29124202400445937,0.2690807431936264,0.3211950287222862,0.34,0.25,0.5
1,approval,context,229,50,66.12,59.0,73.5,47.66,37.25,57.75,1347960692127564.2,51282505728.0,9663793332224.0,24.88,22.0,27.0,0.29273252755403517,0.2636568695306778,0.32308996468782425,0.37,0.25,0.5
1,approval,context,230,50,65.54,58.0,73.0,47.66,37.25,57.5,1565422003586297.2,60146596864.0,11323104296960.0,24.9,22.0,27.0,0.2921584609150887,0.2575525790452957,0.3232922703027725,0.295,0.0625,0.5
1,approval,context,231,50,66.12,59.0,73.0,47.68,36.5,57.5,1831109716767954.2,66001876992.0,12456744976384.0,24.62,22.0,27.0,0.2919209423661232,0.2556229308247566,0.32437945157289505,0.33,0.0625,0.5
1,approval,context,232,50,66.06,58.0,72.75,47.76,37.5,57.5,2153586599638663.8,73643866112.0,14591497863168.0,24.6,21.25,27.75,0.2923974671959877,0.2543511316180229,0.332984022796154,0.355,0.25,0.5
1,approval,context,233,50,65.78,57.25,73.0,47.86,36.75,57.5,2519972852905197.5,70784710656.0,17089193574400.0,24.86,22.0,27.75,0.2878794661164284,0.24784797802567482,0.32122091203927994,0.33,0.25,0.5
1,approval,context,234,50,66.52,57.25,74.75,47.92,36.0,57.5,2884772278275937.5,73248964608.0,20014427537408.0,24.92,22.0,27.0,0.28685832738876343,0.2560419365763664,0.3119129464030266,0.29,0.0,0.5
1,approval,context,235,50,66.1,60.0,72.0,47.96,35.25,57.5,3330567939770800.5,76822691840.0,23440176709632.0,24.8,22.0,26.75,0.28863194048404694,0.2585270553827286,0.31508921831846237,0.36,0.0625,0.5
1,approval,context,236,50,65.68,58.0,73.0,48.16,36.0,57.5,3817955889418394.0,88120250368.0,26740000817152.0,25.12,21.25,27.75,0.2876966133713722,0.2615897133946419,0.31393787264823914,0.28,0.0,0.5
1,approval,context,237,50,66.16,57.25,73.75,48.24,36.75,57.5,4389906161363993.5,99896981504.0,30557555654656.0,24.96,21.25,28.0,0.2897968691587448,0.25853347033262253,0.3135038688778877,0.33,0.0,0.5
1,approval,context,238,50,66.52,57.0,74.5,48.26,37.5,57.5,4628791050465924.0,111258873856.0,34313979559936.0,25.48,22.0,29.0,0.2873940724134445,0.2493317909538746,0.3165016248822212,0.31,0.0,0.5
1,approval,context,239,50,65.84,58.0,74.0,48.26,39.0,57.5,5275724937329835.0,109304573952.0,40057994477568.0,25.1,22.0,27.0,0.28942358314990996,0.2566700130701065,0.32185913622379303,0.395,0.0,0.75
1,approval,context,240,50,65.6,57.25,72.75,48.34,39.0,57.5,5554030350243500.0,124444354560.0,46915740762112.0,25.72,22.25,27.0,0.28612725377082826,0.2529354840517044,0.3187921270728111,0.325,0.0,0.5
1,approval,context,241,50,66.1,58.25,73.0,48.5,39.25,57.5,5859870384425449.0,143186731008.0,54355367559168.0,25.58,23.0,28.0,0.2882499748468399,0.2614656910300255,0.3093206584453583,0.335,0.0,0.5
1,approval,context,242,50,65.7,56.25,73.0,48.54,40.0,57.75,6792981853574070.0,155379851264.0,57235330826240.0,25.32,21.0,28.0,0.29099145382642744,0.2665505036711693,0.3120586425065994,0.31,0.0,0.5
1,approval,context,243,50,66.12,56.0,73.75,48.58,40.0,57.5,7947464840415447.0,171612770304.0,55088484712448.0,24.68,21.0,27.0,0.29110168874263764,0.2640688866376877,0.32158662378787994,0.295,0.0,0.5
1,approval,context,244,50,65.98,57.25,74.75,48.72,38.75,57.75,9299088702533988.0,183829815296.0,56369587683328.0,24.72,22.0,27.0,0.2912174746394157,0.2637845203280449,0.31661294400691986,0.295,0.0,0.5
1,approval,context,245,50,65.88,57.25,74.0,48.74,38.5,58.0,1.059486875337831e+16,205643538432.0,64315262500864.0,24.36,22.0,26.75,0.29626864910125733,0.26507648825645447,0.32502370327711105,0.325,0.0,0.5
1,approval,context,246,50,65.62,56.25,73.0,48.78,38.5,58.75,1.2290820399284962e+16,224001818624.0,75343954182144.0,24.84,22.0,27.0,0.29466631680727007,0.2650168165564537,0.3172698840498924,0.335,0.0,0.5
1,approval,context,247,50,64.9,57.0,74.0,48.78,39.25,59.5,1.4003148064782536e+16,243103977472.0,77271618551808.0,24.62,21.25,28.0,0.29516119331121443,0.2644350454211235,0.32269833236932755,0.41,0.25,0.75
1,approval,context,248,50,65.56,57.0,72.75,48.78,39.25,58.75,1.4715698779386316e+16,264316375040.0,88812048875520.0,24.72,21.0,27.75,0.2925368282198906,0.26371507346630096,0.30797361582517624,0.365,0.25,0.5
1,approval,context,249,50,65.68,55.0,74.0,48.84,39.25,58.75,1.5488746157825682e+16,305051828224.0,104013928333312.0,25.28,22.0,28.75,0.28987527936697005,0.26488395035266876,0.30727458745241165,0.295,0.0,0.5
1,approval,context,250,50,66.1,56.5,74.0,49.02,39.25,58.75,1.796828302932661e+16,333901144064.0,118748014968832.0,24.86,21.0,29.0,0.2928159812092781,0.2635240703821182,0.3161306008696556,0.29,0.0,0.5
2,utilitarian,canonical,1,200,67.12,64.75,70.0,2.345,1.0,3.0,10872.875629882812,10681.43212890625,11387.529296875,20.415,18.0,22.0,0.3271015299856663,0.2988799437880516,0.34749750792980194,0.29875,0.0,0.5
2,utilitarian,canonical,2,200,67.405,64.0,71.0,4.295,3.0,6.0,11910.301254882812,11399.895263671875,12753.00048828125,21.545,19.0,23.0,0.30875414349138736,0.28981682658195496,0.3256255313754082,0.2575,0.0,0.5
2,utilitarian,canonical,3,200,67.635,65.0,70.0,6.06,4.0,8.0,13055.9087109375,11984.851806640625,14425.736328125,22.14,19.0,25.0,0.3057554417848587,0.28300459682941437,0.3285187780857086,0.26,0.0,0.5
2,utilitarian,canonical,4,200,67.375,64.0,71.0,7.58,5.0,10.0,14383.125341796875,12458.479248046875,16035.843017578125,22.52,19.0,25.0,0.304617153853178,0.2792581766843796,0.33080123364925385,0.26875,0.0,0.5
2,utilitarian,canonical,5,200,67.495,64.0,71.0,8.805,5.0,12.0,15831.093830566406,13176.6279296875,18169.16455078125,22.675,19.0,25.0,0.3058976333588362,0.27936960756778717,0.3351648226380348,0.28125,0.0,0.5
2,utilitarian,canonical,6,200,67.41,64.0,70.0,10.13,7.0,13.25,17421.828872070313,13514.88916015625,20520.18359375,22.68,19.75,26.0,0.3062711924314499,0.2743312790989876,0.33430223912000656,0.27375,0.0,0.3125
2,utilitarian,canonical,7,200,67.76,64.75,72.0,11.24,7.0,15.0,19310.398974609376,14519.319580078125,22686.490234375,22.89,20.0,26.0,0.3053252977132797,0.2778942957520485,0.33531372994184494,0.255,0.0,0.5
2,utilitarian,canonical,8,200,67.145,64.0,70.0,12.37,8.0,16.25,21241.827353515626,15384.979248046875,25196.01220703125,22.535,19.0,26.0,0.3073015704751015,0.2797829955816269,0.335445761680603,0.285,0.0,0.5
2,utilitarian,canonical,9,200,67.715,64.0,71.0,13.245,9.0,17.0,23497.63985595703,16379.605224609375,28631.55859375,22.625,19.0,26.0,0.30465615645051003,0.28190871328115463,0.333757184445858,0.30875,0.0,0.5
2,utilitarian,canonical,10,200,67.31,64.0,71.0,14.365,9.0,19.0,26109.74029296875,17792.30419921875,32422.74267578125,22.89,20.0,26.0,0.30056878432631495,0.2751772478222847,0.3267896696925163,0.2725,0.0,0.5
2,utilitarian,canonical,11,200,67.735,64.0,71.25,15.19,10.0,20.25,29255.746032714844,19781.736328125,36630.9453125,22.77,20.0,25.0,0.3006452265381813,0.27636777609586716,0.3296797126531601,0.2475,0.0,0.5
2,utilitarian,canonical,12,200,67.885,65.0,71.0,16.215,11.0,21.0,32783.20797607422,21548.0205078125,41418.1435546875,22.695,19.0,25.0,0.3014014070481062,0.2751961201429367,0.32994444668293,0.24125,0.0,0.5
2,utilitarian,canonical,13,200,67.495,64.0,71.0,17.24,11.0,22.0,36780.67028808594,23885.9541015625,47328.5712890625,22.845,20.0,25.0,0.3020091975480318,0.2734237313270569,0.3336402028799057,0.2725,0.0,0.5
2,utilitarian,canonical,14,200,67.77,64.0,71.0,18.195,12.0,23.25,41528.30783203125,26217.41943359375,53704.8759765625,22.935,19.0,26.0,0.30164586782455444,0.274000883102417,0.3316550552845001,0.28125,0.0,0.5
2,utilitarian,canonical,15,200,67.985,65.0,72.0,19.2,13.0,24.0,46538.00475585937,27897.662109375,60583.83203125,23.14,20.0,25.25,0.3000934464484453,0.2762391194701195,0.32837118953466415,0.27125,0.0,0.5
2,utilitarian,canonical,16,200,67.89,65.0,71.25,20.155,13.0,25.0,51941.01102050781,30306.48095703125,67339.95703125,23.105,19.0,26.0,0.30006368570029734,0.2735118791460991,0.3292774185538292,0.27875,0.0,0.5
2,utilitarian,canonical,17,200,67.835,64.0,72.0,20.965,14.0,26.25,58444.464873046876,32582.96240234375,74462.419921875,23.35,19.0,27.0,0.2984482136368751,0.26785147935152054,0.3278089165687561,0.255,0.0,0.5
2,utilitarian,canonical,18,200,67.77,63.0,72.0,21.86,14.0,27.0,65477.98920654297,35592.037109375,84510.990234375,23.465,20.0,26.0,0.2983101064711809,0.2703344523906708,0.32516470551490784,0.25625,0.0,0.5
2,utilitarian,canonical,19,200,68.305,64.0,72.0,22.725,16.0,28.0,72535.78163574218,38652.28515625,94879.833984375,23.575,20.0,27.0,0.2995592688024044,0.2701595276594162,0.331942543387413,0.29125,0.0,0.5
2,utilitarian,canonical,20,200,68.145,64.0,73.0,23.29,16.0,30.0,80667.13046386719,40618.1796875,105208.580078125,23.52,20.0,27.0,0.2992263453453779,0.27107004076242447,0.32901792228221893,0.28875,0.0,0.5
2,utilitarian,canonical,21,200,68.115,64.0,72.0,23.905,16.75,31.0,90336.323359375,43196.814453125,118926.513671875,23.385,20.0,26.25,0.298895358890295,0.2699612006545067,0.33282285183668137,0.25625,0.0,0.5
2,utilitarian,canonical,22,200,67.55,64.0,72.0,24.665,17.0,31.0,100613.30432373047,47513.943359375,133661.01953125,23.31,19.0,27.0,0.29913234546780587,0.27122269570827484,0.32836275547742844,0.29,0.0,0.5
2,utilitarian,canonical,23,200,67.82,64.0,71.0,25.145,17.0,32.0,111866.32861328125,53295.435546875,145776.01953125,23.595,20.0,26.0,0.297083178833127,0.2662612050771713,0.32899248600006104,0.275,0.0,0.5
2,utilitarian,canonical,24,200,67.96,64.0,72.0,25.81,18.0,33.0,124901.81877441406,57285.388671875,160672.1015625,23.26,20.0,26.0,0.29996262930333617,0.2682337984442711,0.32690510898828506,0.28,0.0,0.5
2,utilitarian,canonical,25,200,67.79,64.0,72.0,26.355,18.0,34.0,140318.85762451173,60606.4375,182959.97265625,23.14,20.0,27.0,0.3010812549293041,0.2730461061000824,0.3356650248169899,0.26375,0.0,0.5
2,utilitarian,canonical,26,200,67.825,63.0,71.0,26.86,18.0,34.0,157271.48093261718,62242.326171875,201888.98046875,22.785,19.0,26.0,0.3038898605853319,0.27739253640174866,0.33587366342544556,0.295,0.0,0.5
2,utilitarian,canonical,27,200,68.45,64.0,72.0,27.48,20.0,35.25,175895.67575683593,64404.0458984375,228539.359375,22.92,19.0,26.0,0.30240956678986547,0.27362561970949173,0.3326644003391266,0.30125,0.0,0.5
2,utilitarian,canonical,28,200,67.585,63.0,72.0,27.935,21.0,37.0,197057.68338623046,68759.74609375,257181.53125,23.12,19.0,27.0,0.3007136344909668,0.27081478387117386,0.3362182006239891,0.26625,0.0,0.5
2,utilitarian,canonical,29,200,67.855,64.0,72.0,28.465,21.0,37.0,223198.9438305664,78037.349609375,301269.0078125,23.0,19.0,26.0,0.30217864021658897,0.2729923278093338,0.333611823618412,0.3075,0.0,0.5
2,utilitarian,canonical,30,200,67.715,64.0,71.0,28.91,21.0,37.0,252569.56686035157,81199.896484375,332432.7890625,22.77,19.0,26.0,0.30292982459068296,0.27161920815706253,0.3351079374551773,0.285,0.0,0.5
2,utilitarian,canonical,31,200,67.955,63.0,72.0,29.215,22.0,38.0,285653.4950073242,88853.2421875,371126.6796875,22.96,19.0,26.0,0.3008442209661007,0.27370136231184006,0.33372775465250015,0.25375,0.0,0.5
2,utilitarian,canonical,32,200,68.515,64.0,73.0,29.57,22.0,38.0,321624.9218701172,96670.546875,423522.75,22.86,20.0,26.0,0.3031736718118191,0.2734730839729309,0.3343823626637459,0.31125,0.0,0.5
2,utilitarian,canonical,33,200,67.615,63.0,71.0,30.005,22.0,38.25,365421.17909667967,104891.525390625,472999.2265625,23.075,20.0,26.0,0.3015062861144543,0.2746875435113907,0.3329498991370201,0.28625,0.0,0.5
2,utilitarian,canonical,34,200,68.575,64.0,73.0,30.585,22.75,39.0,409263.352890625,111895.7421875,499309.6171875,22.9,20.0,25.0,0.3018586455285549,0.27072572708129883,0.33287907391786575,0.32875,0.0,0.5
2,utilitarian,canonical,35,200,67.33,63.0,72.0,30.925,23.0,38.0,461767.8086816406,117887.123046875,537463.265625,22.99,19.75,26.0,0.3003237258642912,0.26839953660964966,0.33058058470487595,0.3025,0.0,0.5
2,utilitarian,canonical,36,200,68.2,64.0,72.0,31.37,24.0,39.0,517582.8616381836,130530.177734375,608241.09375,23.035,20.0,26.0,0.3011653765290976,0.2677310183644295,0.33384284377098083,0.28125,0.0,0.5
2,utilitarian,canonical,37,200,67.475,63.0,72.0,31.745,24.0,40.0,580776.4454785156,133694.40625,663519.125,23.095,20.0,26.0,0.3027677336335182,0.27118850499391556,0.3361869156360626,0.32125,0.0,0.5
2,utilitarian,canonical,38,200,68.73,64.0,73.0,31.98,24.0,41.0,641409.2618798828,142198.79296875,802883.875,23.17,20.0,26.0,0.30022697418928146,0.2677871361374855,0.3304748684167862,0.31875,0.0,0.5
2,utilitarian,canonical,39,200,67.755,63.0,72.0,32.225,25.0,41.0,720781.4818652343,145823.83203125,936135.640625,23.19,20.0,26.0,0.3009725241363049,0.2715520039200783,0.330466091632843,0.28875,0.0,0.5
2,utilitarian,canonical,40,200,67.805,64.0,71.0,32.54,25.0,41.0,819124.3835253906,171131.55078125,1049493.25,23.525,20.0,27.0,0.2995907960087061,0.2681369110941887,0.3325093165040016,0.2925,0.0,0.5
2,utilitarian,canonical,41,200,68.945,64.0,73.0,32.785,24.0,41.0,923174.6223632812,179986.49609375,1177895.75,23.66,20.0,27.0,0.29781449139118193,0.267543762922287,0.3291350454092026,0.2825,0.0,0.5
2,utilitarian,canonical,42,200,68.105,64.0,73.0,33.11,25.0,42.0,1045916.1985888672,198326.76171875,1298576.875,23.81,20.0,27.25,0.2981705005466938,0.2671394869685173,0.33049916476011276,0.29375,0.0,0.5
2,utilitarian,canonical,43,200,68.295,63.0,73.0,33.315,25.0,42.0,1189748.5019726562,204313.875,1435716.96875,24.13,20.0,28.0,0.2970979817956686,0.26723190397024155,0.32761161029338837,0.27,0.0,0.5
2,utilitarian,canonical,44,200,68.54,63.0,74.0,33.735,24.0,42.0,1353158.1199023437,215424.53125,1639802.1875,24.235,21.0,28.0,0.2961557756364346,0.2644358426332474,0.3235611021518707,0.29,0.0,0.5
2,utilitarian,canonical,45,200,68.095,63.0,73.25,34.045,26.0,43.0,1542884.6637158203,233309.73046875,1863282.125,23.935,20.0,27.0,0.2956440459936857,0.26813580095767975,0.3221163973212242,0.32,0.0,0.5
2,utilitarian,canonical,46,200,68.19,63.0,73.0,34.44,25.75,43.25,1733381.9459521484,250026.01953125,2137117.375,24.02,21.0,27.0,0.2943308161199093,0.2674015015363693,0.3245653286576271,0.30625,0.0,0.5
2,utilitarian,canonical,47,200,68.055,62.75,73.0,34.69,26.0,44.0,1950758.0745092772,276325.4453125,2448900.1875,23.905,20.0,27.0,0.29644441947340966,0.2706584706902504,0.32397228479385376,0.27,0.0,0.5
2,utilitarian,canonical,48,200,67.405,62.0,73.0,35.1,27.0,44.0,2150031.8216552734,309920.0625,2702465.8125,23.695,20.0,27.0,0.29799381613731385,0.272012323141098,0.3248888626694679,0.315,0.0,0.5
2,utilitarian,canonical,49,200,67.775,63.0,72.0,35.305,27.0,44.0,2406299.5059716795,336017.296875,2970538.0,23.535,20.0,27.0,0.29834851779043675,0.27310557663440704,0.3258536085486412,0.305,0.0,0.5
2,utilitarian,canonical,50,200,68.61,63.0,74.0,35.79,28.0,44.0,2724160.7074121092,374440.359375,3265529.9375,23.82,20.75,27.0,0.29780941471457484,0.2719792351126671,0.32320907711982727,0.3175,0.0,0.5
2,utilitarian,canonical,51,200,67.88,62.0,73.0,36.065,28.75,44.25,3070423.1476000976,375932.59375,3678320.4375,23.98,21.0,28.0,0.29633956782519816,0.2689986675977707,0.3248497396707535,0.2875,0.0,0.5
2,utilitarian,canonical,52,200,68.35,63.75,73.0,36.315,29.0,45.0,3457802.7213427736,403756.6640625,3995710.0625,23.805,20.0,27.0,0.2962204697728157,0.26760655641555786,0.3232584297657013,0.295,0.0,0.5
2,utilitarian,canonical,53,200,68.405,64.0,74.0,36.63,29.0,45.0,3915056.677841797,453950.484375,4122423.0625,23.62,20.0,27.0,0.29835501551628113,0.26912591606378555,0.32528766989707947,0.32,0.0,0.5
2,utilitarian,canonical,54,200,67.775,62.0,74.0,36.825,29.0,45.0,4382349.524765625,477454.328125,4449925.5,23.675,20.0,27.0,0.2973675931990147,0.2679259926080704,0.32505447417497635,0.31625,0.0,0.5
2,utilitarian,canonical,55,200,68.28,63.0,74.0,37.155,29.0,45.0,4917545.235957031,519033.4140625,4677492.125,23.745,20.75,27.0,0.2975146324187517,0.268000066280365,0.32523031532764435,0.315,0.0,0.5
2,utilitarian,canonical,56,200,67.465,62.0,73.0,37.285,29.75,45.0,5512958.675043945,561116.296875,4843078.5,23.8,20.0,27.0,0.29553471989929675,0.26869406551122665,0.32312896847724915,0.27625,0.0,0.5
2,utilitarian,canonical,57,200,67.645,62.0,74.0,37.45,29.75,44.25,6180829.206992188,601253.625,5421799.75,23.49,20.0,26.25,0.29816329292953014,0.2706557586789131,0.3244427368044853,0.33625,0.0,0.5
2,utilitarian,canonical,58,200,68.69,64.0,73.0,37.67,30.0,45.0,6932749.968652343,643807.609375,6331518.625,23.615,20.0,26.0,0.29630469024181366,0.2701510712504387,0.32226841896772385,0.27,0.0,0.5
2,utilitarian,canonical,59,200,67.4,62.0,73.0,37.915,30.0,45.0,7688942.94796875,712829.53125,7056742.0,23.505,20.0,26.25,0.2987090279906988,0.26935646682977676,0.3299391120672226,0.30125,0.0,0.5
2,utilitarian,canonical,60,200,67.455,62.0,73.0,38.14,30.0,46.0,8645236.787875976,769775.609375,8043871.375,23.565,20.0,27.0,0.29959102265536786,0.27443934977054596,0.3275533691048622,0.32,0.0,0.5
2,utilitarian,canonical,61,200,68.07,63.0,73.0,38.38,30.75,46.0,9963544.785444336,847489.125,9344664.5,23.635,20.0,27.0,0.2974524305015802,0.2709443047642708,0.32658427208662033,0.32,0.0,0.5
2,utilitarian,canonical,62,200,67.805,62.0,73.25,38.505,31.0,46.0,11365790.212983398,972321.953125,10554689.25,24.05,21.0,27.0,0.2947127802670002,0.26614875346422195,0.3263781741261482,0.325,0.0,0.5
2,utilitarian,canonical,63,200,68.345,63.75,73.25,38.735,30.0,47.0,12923912.909267578,1042997.328125,11063163.5,24.28,20.0,28.0,0.2953989946842194,0.2632406875491142,0.32796357572078705,0.29375,0.0,0.5
2,utilitarian,canonical,64,200,68.26,61.75,75.0,38.82,31.0,47.0,14595420.818637695,1068036.265625,13006120.75,24.15,20.0,27.0,0.29673514537513257,0.2693142741918564,0.32725051790475845,0.29,0.0,0.5
2,utilitarian,canonical,65,200,68.115,62.0,74.0,39.015,31.0,48.0,16275988.267836913,1162944.8125,14555944.0,24.12,21.0,28.0,0.29834499046206475,0.26690205931663513,0.32928889989852905,0.31875,0.0,0.5
2,utilitarian,canonical,66,200,67.945,61.75,74.0,39.175,31.0,47.0,18403051.042524412,1184725.125,16117523.5,24.13,21.0,27.0,0.2968031334131956,0.2727786600589752,0.323935404419899,0.3,0.0,0.5
2,utilitarian,canonical,67,200,67.71,62.0,74.0,39.36,31.0,48.0,20834920.857060548,1293543.59375,17879200.5,24.145,21.0,28.0,0.2957370775938034,0.2642492353916168,0.32857679575681686,0.3025,0.0,0.5
2,utilitarian,canonical,68,200,67.82,62.0,73.0,39.56,32.0,48.0,23930165.718608398,1438835.1875,20891020.5,23.915,20.0,28.0,0.2975634805858135,0.2700350061058998,0.32852591574192047,0.29375,0.0,0.5
2,utilitarian,canonical,69,200,67.325,62.0,73.0,39.7,31.75,48.0,27412472.755600587,1614003.0,24344686.0,23.975,20.0,27.0,0.297393646389246,0.26839208602905273,0.330898217856884,0.3175,0.0,0.5
2,utilitarian,canonical,70,200,68.205,62.0,74.0,39.83,32.0,48.0,31570537.058466796,1776828.875,26832717.5,24.115,20.0,27.0,0.29584804028272627,0.26774074137210846,0.33025026321411133,0.285,0.0,0.5
2,utilitarian,canonical,71,200,67.625,62.0,73.0,39.88,32.0,48.25,36567570.761000976,1916888.125,29587914.0,24.285,20.0,27.25,0.29452794246375563,0.26076846569776535,0.32746513187885284,0.3075,0.0,0.5
2,utilitarian,canonical,72,200,67.97,62.0,73.25,39.915,31.75,49.0,42963554.1290332,2135255.71875,33614743.5,24.43,20.0,28.0,0.29368523515760897,0.2594609260559082,0.32485096901655197,0.3025,0.0,0.5
2,utilitarian,canonical,73,200,67.42,62.0,74.0,40.035,31.75,49.0,48208076.70540039,2277831.6875,35832677.0,24.1,20.0,27.0,0.29277575194835664,0.26288028806447983,0.3247324004769325,0.30875,0.0,0.5
2,utilitarian,canonical,74,200,68.56,62.0,74.0,40.225,32.0,49.0,55182973.81574219,2311611.25,39655090.0,24.155,20.0,27.0,0.2940054342895746,0.2619258761405945,0.3256712108850479,0.31875,0.0,0.5
2,utilitarian,canonical,75,200,67.91,62.0,73.25,40.505,33.0,49.0,63587090.48575196,2563351.1875,41118210.0,24.195,21.0,27.0,0.29284935660660266,0.26342883706092834,0.3218716010451317,0.2925,0.0,0.5
2,utilitarian,canonical,76,200,67.41,60.0,74.0,40.655,33.0,49.25,73722028.30796875,2913902.125,46357148.0,24.035,21.0,27.0,0.2945143486559391,0.26451148092746735,0.3225724697113037,0.2775,0.0,0.5
2,utilitarian,canonical,77,200,67.82,60.0,74.0,40.76,32.75,49.0,83993918.87958984,3014280.5,47511140.0,23.81,20.0,27.0,0.2965031749010086,0.26778507232666016,0.32939258962869644,0.3125,0.0,0.5
2,utilitarian,canonical,78,200,68.03,62.0,74.0,40.87,32.75,50.0,98192951.82453126,3317947.5625,55386833.0,24.02,20.0,27.0,0.29490020133554934,0.26431381702423096,0.3261960744857788,0.29875,0.0,0.5
2,utilitarian,canonical,79,200,68.26,62.0,74.0,41.04,33.0,50.0,114469900.5055664,3756615.5625,56369029.0,24.065,20.0,28.0,0.2960079940408468,0.26593491435050964,0.3257756605744362,0.31625,0.0,0.5
2,utilitarian,canonical,80,200,67.63,62.0,74.0,41.05,33.0,50.0,133589074.3805664,4199573.125,65795161.0,23.95,20.0,27.0,0.2965211305767298,0.26834462583065033,0.3257116675376892,0.335,0.0,0.5
2,utilitarian,canonical,81,200,67.605,61.0,74.0,41.2,33.0,50.0,153608290.51669922,4543864.375,77105990.0,23.985,20.0,27.0,0.2955085927248001,0.2654345706105232,0.32850395143032074,0.315,0.0,0.5
2,utilitarian,canonical,82,200,67.805,61.0,75.0,41.32,33.0,50.0,176548309.02257812,5075629.875,80843038.0,23.91,20.0,27.0,0.29554708302021027,0.26607026159763336,0.32519395649433136,0.2825,0.0,0.5
2,utilitarian,canonical,83,200,67.49,61.0,73.25,41.43,33.0,50.0,204741896.67535156,5716664.125,89405008.0,23.645,20.0,27.0,0.29760655723512175,0.2666885331273079,0.3307455778121948,0.295,0.0,0.5
2,utilitarian,canonical,84,200,67.7,61.75,74.0,41.5,32.75,50.25,233426446.51148438,6355421.375,103056354.0,23.675,20.0,26.0,0.29710859529674055,0.2686333432793617,0.32646582275629044,0.33625,0.0,0.5
2,utilitarian,canonical,85,200,67.31,61.0,73.0,41.575,33.0,51.0,266502386.09746093,7172709.5,114916274.0,23.915,20.0,27.0,0.29619178615510466,0.26706983149051666,0.3284238949418068,0.32125,0.0,0.5
2,utilitarian,canonical,86,200,67.925,62.0,74.0,41.68,34.0,51.0,303275531.5835547,7603344.375,131292090.0,24.035,20.0,27.0,0.2946273593604565,0.262885145843029,0.3232041001319885,0.2975,0.0,0.5
2,utilitarian,canonical,87,200,67.945,61.0,75.0,41.755,33.75,51.0,354290721.6312109,8398845.5,149540968.0,23.96,20.0,28.0,0.296623435690999,0.26757775992155075,0.32573504000902176,0.29625,0.0,0.5
2,utilitarian,canonical,88,200,67.55,61.0,74.25,41.745,34.0,51.0,419132239.6375391,8840506.0,166128336.0,24.25,20.0,28.0,0.2964870005100966,0.265049085021019,0.32830750942230225,0.29125,0.0,0.5
2,utilitarian,canonical,89,200,67.8,61.0,73.25,41.87,34.0,51.0,491896907.701875,9600826.0,157149012.0,24.28,21.0,27.25,0.29506088063120844,0.2665705159306526,0.32178786396980286,0.2975,0.0,0.5
2,utilitarian,canonical,90,200,67.57,61.0,74.0,41.97,34.0,52.0,584551001.6985937,10559792.25,180115308.0,24.35,20.0,28.0,0.29496973924338815,0.26452576369047165,0.319066546857357,0.3025,0.0,0.5
2,utilitarian,canonical,91,200,67.915,61.75,73.25,42.07,33.0,52.0,681936048.1027343,10852821.0,201917052.0,24.365,20.0,28.0,0.29383523151278496,0.26741693913936615,0.3177179545164108,0.29625,0.0,0.5
2,utilitarian,canonical,92,200,67.18,61.0,75.0,42.17,33.0,52.0,807999389.0989844,11192624.5,227865604.0,24.34,20.0,28.0,0.29444250658154486,0.2657724693417549,0.3199276924133301,0.3,0.0,0.5
2,utilitarian,canonical,93,200,67.435,61.0,73.0,42.31,34.0,52.0,926198909.7789844,12109386.25,255053144.0,24.39,21.0,28.0,0.2931324660032988,0.26530326157808304,0.3199089467525482,0.26625,0.0,0.5
2,utilitarian,canonical,94,200,67.81,62.0,75.0,42.49,34.0,52.0,1062552063.8285156,13015037.0,293397992.0,24.06,20.0,27.25,0.29356082834303376,0.2686385288834572,0.3206695020198822,0.32125,0.0,0.5
2,utilitarian,canonical,95,200,67.6,61.0,74.0,42.605,34.0,52.0,1238498106.2553906,13785518.75,329822752.0,24.02,20.0,27.0,0.29005029268562793,0.2607753872871399,0.31497278809547424,0.26625,0.0,0.5
2,utilitarian,canonical,96,200,67.63,60.0,74.0,42.715,34.0,52.0,1426051620.6502345,15062743.75,364198584.0,24.115,21.0,27.0,0.2922802056372166,0.26687655597925186,0.3184971809387207,0.30125,0.0,0.5
2,utilitarian,canonical,97,200,67.52,59.0,74.0,42.84,34.0,52.0,1683867644.7639844,16651022.75,418867480.0,24.22,20.0,27.0,0.29192719101905823,0.2634790316224098,0.32006316632032394,0.2975,0.0,0.5
2,utilitarian,canonical,98,200,67.28,60.0,74.0,43.05,34.75,52.0,1926297103.1120312,18319982.0,469215752.0,24.01,20.0,27.0,0.2938518367707729,0.26418740302324295,0.3268337771296501,0.28125,0.0,0.5
2,utilitarian,canonical,99,200,67.905,61.0,74.0,43.155,35.0,52.25,2262076622.8217187,20113466.5,515510592.0,23.935,20.75,27.0,0.29521903038024905,0.2691459208726883,0.3232036381959915,0.3025,0.0,0.5
2,utilitarian,canonical,100,200,67.74,61.0,74.0,43.295,35.0,52.0,2570598889.2285156,22559184.5,519503488.0,23.85,20.0,27.0,0.294835564494133,0.26717235893011093,0.3216094300150871,0.3025,0.0,0.5
2,utilitarian,canonical,101,200,67.51,61.0,74.25,43.46,35.75,52.25,2994815726.8334374,25186225.0,565538480.0,23.685,20.0,26.25,0.2959987934678793,0.2657896727323532,0.3229566439986229,0.27875,0.0,0.5
2,utilitarian,canonical,102,200,67.275,61.0,74.0,43.51,36.0,53.0,3514042722.759844,28482269.5,621340848.0,23.585,20.0,26.25,0.2989301282167435,0.27004796266555786,0.3267788961529732,0.30625,0.0,0.5
2,utilitarian,canonical,103,200,67.205,60.0,74.0,43.685,36.0,53.25,3997328006.796094,31019900.0,684021920.0,23.62,20.0,27.0,0.297887469753623,0.2679625228047371,0.32903779298067093,0.34125,0.0,0.5
2,utilitarian,canonical,104,200,67.535,62.0,74.0,43.75,36.0,53.25,4541779367.840235,31814466.5,762918176.0,23.825,20.0,27.0,0.2952867405116558,0.2661156877875328,0.3257928043603897,0.31375,0.0,0.5
2,utilitarian,canonical,105,200,67.665,61.75,74.0,43.86,35.75,54.0,5315062026.542344,35291892.0,839559328.0,23.49,20.0,26.0,0.29637379333376884,0.2690359205007553,0.3250211551785469,0.3175,0.0,0.5
2,utilitarian,canonical,106,200,67.03,59.75,75.0,43.965,35.75,54.0,6081319407.764218,38234597.0,953603472.0,23.56,20.0,26.0,0.29675692148506644,0.26863381266593933,0.3263869062066078,0.3175,0.0,0.5
2,utilitarian,canonical,107,200,67.31,61.0,74.0,44.015,36.0,54.0,7214785008.995625,37218917.0,1134823424.0,23.72,20.0,28.0,0.2966625501960516,0.2713318318128586,0.32410679012537,0.3375,0.0,0.5
2,utilitarian,canonical,108,200,67.695,61.0,75.0,44.02,36.0,54.0,8528954111.955469,41503474.0,1276547680.0,23.665,20.0,26.0,0.2959356150776148,0.27346424758434296,0.32592085003852844,0.2975,0.0,0.5
2,utilitarian,canonical,109,200,68.035,61.0,76.0,44.11,36.0,54.0,9138162737.194687,40996581.0,1481693248.0,23.765,20.0,27.0,0.2954789616912603,0.27085842937231064,0.32186348736286163,0.33625,0.0,0.5
2,utilitarian,canonical,110,200,67.54,62.0,74.0,44.03,35.0,54.0,10259054220.552813,43025526.0,1609355872.0,24.005,21.0,27.0,0.29623748183250426,0.2731142044067383,0.3228377103805542,0.33,0.0,0.5
2,utilitarian,canonical,111,200,67.285,60.0,74.0,44.04,35.0,54.0,11404791262.937656,45166386.0,1757220864.0,24.19,20.0,27.0,0.2939727331697941,0.2682100534439087,0.31678879261016846,0.28375,0.0,0.5
2,utilitarian,canonical,112,200,67.68,61.75,73.25,44.045,35.75,54.0,12869829356.40203,46096791.0,1987931968.0,23.925,20.75,27.0,0.2959875548630953,0.26861605793237686,0.3250264599919319,0.32,0.0,0.5
2,utilitarian,canonical,113,200,67.52,61.0,74.0,44.165,35.0,54.0,13839133373.171562,54966180.0,2150241952.0,24.07,21.0,27.0,0.2959798411279917,0.27067888528108597,0.3204122558236122,0.34,0.0,0.5
2,utilitarian,canonical,114,200,66.83,60.0,74.0,44.23,35.0,54.0,15455468035.172031,66674237.0,2388171776.0,23.975,20.0,27.0,0.29538240887224676,0.2655709758400917,0.3227367699146271,0.34125,0.0,0.5
2,utilitarian,canonical,115,200,67.46,61.0,74.0,44.305,35.75,55.0,17099167598.52453,73454280.0,2725564096.0,24.155,21.0,27.0,0.2945625554025173,0.26731811463832855,0.3226408138871193,0.33625,0.0,0.5
2,utilitarian,canonical,116,200,67.61,60.0,75.0,44.395,35.0,55.0,20029135884.296406,71999544.0,3126424064.0,24.065,20.0,27.25,0.294564743489027,0.2667127475142479,0.3230006545782089,0.33,0.0,0.5
2,utilitarian,canonical,117,200,66.97,60.0,73.0,44.545,35.0,55.0,22192009202.82422,83239132.0,3626419584.0,23.965,21.0,27.0,0.296844335347414,0.26808853447437286,0.3214893117547035,0.3375,0.0,0.5
2,utilitarian,canonical,118,200,67.455,60.75,73.25,44.63,35.0,55.0,25576378146.339375,97480412.0,4306832896.0,24.015,20.0,27.0,0.296334890127182,0.26876476407051086,0.32684874534606934,0.29375,0.0,0.5
2,utilitarian,canonical,119,200,67.355,61.0,74.0,44.725,35.0,55.0,29609422976.384064,103031218.0,5003993600.0,23.83,20.0,27.0,0.2988877762109041,0.2689025178551674,0.33027268201112747,0.285,0.0,0.5
2,utilitarian,canonical,120,200,67.22,60.0,74.0,44.695,35.0,55.0,34578750171.514534,111944034.0,5645038976.0,23.81,20.0,26.0,0.3003309068828821,0.26960349828004837,0.33373861014842987,0.30375,0.0,0.5
2,utilitarian,canonical,121,200,67.42,61.0,74.25,44.81,35.0,55.0,40848383951.08844,129536016.0,6289421312.0,23.93,20.0,27.0,0.2988285171985626,0.2674311697483063,0.3270426467061043,0.32,0.0,0.5
2,utilitarian,canonical,122,200,67.355,60.75,74.0,44.955,35.0,55.0,46444259623.69187,137906532.0,6833878400.0,24.19,21.0,27.0,0.2973728043586016,0.2680005580186844,0.32909470051527023,0.2825,0.0,0.5
2,utilitarian,canonical,123,200,67.115,60.0,74.0,45.105,35.75,55.0,52679184859.46969,157499120.0,7671353728.0,23.985,20.0,28.0,0.29974847175180913,0.2688494026660919,0.3262488767504692,0.35,0.0,0.5
2,utilitarian,canonical,124,200,67.09,61.0,75.0,45.255,36.0,55.0,61824989104.60438,168145196.0,7992321152.0,24.41,20.0,28.0,0.29698867291212083,0.26621027290821075,0.330001525580883,0.315,0.0,0.5
2,utilitarian,canonical,125,200,67.18,61.0,74.0,45.415,36.0,55.0,70838423608.87047,194034480.0,8794046720.0,24.55,21.0,28.0,0.29536355212330817,0.26811230927705765,0.3234642669558525,0.30375,0.0,0.5
2,utilitarian,canonical,126,200,66.97,59.0,75.0,45.545,36.0,55.0,79021709322.27625,208583696.0,10207748096.0,24.7,21.0,28.0,0.294696694239974,0.2687327042222023,0.3254104182124138,0.27625,0.0,0.5
2,utilitarian,canonical,127,200,67.16,60.0,75.0,45.675,36.0,55.0,88603551204.61125,237521560.0,10562588672.0,24.575,21.0,28.0,0.2971696715801954,0.2683866545557976,0.3259231746196747,0.33,0.0,0.5
2,utilitarian,canonical,128,200,67.02,59.0,75.25,45.82,36.0,55.0,100287776584.19875,276180368.0,12083436800.0,24.645,21.0,28.0,0.2974806272983551,0.26788070797920227,0.3262702152132988,0.355,0.1875,0.5
2,utilitarian,canonical,129,200,66.78,60.0,75.0,45.91,37.0,55.0,107441580519.93344,300302416.0,12475962368.0,24.775,20.0,29.0,0.29608782090246677,0.2683606520295143,0.32372353225946426,0.3375,0.0,0.5
2,utilitarian,canonical,130,200,67.115,60.0,75.0,46.15,37.0,55.0,121170900582.74875,314276136.0,13778525696.0,24.705,21.0,28.0,0.2965647409111261,0.2707621678709984,0.3250323757529259,0.33375,0.0,0.5
2,utilitarian,canonical,131,200,66.6,59.75,73.25,46.395,38.0,55.0,134380528840.78906,360925984.0,14627014400.0,24.825,21.0,28.0,0.29427479781210425,0.26884321868419647,0.32139237970113754,0.31625,0.0,0.5
2,utilitarian,canonical,132,200,67.085,60.0,74.0,46.52,38.0,55.0,149957169039.1197,442211056.0,15990465280.0,24.785,20.0,29.0,0.295949137583375,0.2705441415309906,0.3230794444680214,0.3125,0.0,0.5
2,utilitarian,canonical,133,200,66.825,60.0,73.0,46.695,39.0,55.25,172461548457.83408,518715456.0,18451203072.0,24.63,21.0,28.0,0.2969635188579559,0.26757655292749405,0.32608556747436523,0.32,0.0,0.5
2,utilitarian,canonical,134,200,67.07,60.75,76.0,46.72,39.0,56.0,190554623314.6281,544348464.0,20105288704.0,24.545,21.0,27.0,0.2951455703377724,0.269891194999218,0.32405775785446167,0.29875,0.0,0.5
2,utilitarian,canonical,135,200,66.935,60.0,74.0,46.81,39.0,56.0,218280379618.565,600380192.0,22981849088.0,24.67,21.0,27.25,0.2950540781021118,0.26863282918930054,0.3234688267111778,0.3275,0.0,0.5
2,utilitarian,canonical,136,200,66.77,59.75,75.0,46.875,39.75,56.0,236084986197.14688,637159248.0,25933418496.0,24.84,21.0,28.0,0.29362285263836385,0.2651933506131172,0.32089485973119736,0.30375,0.0,0.5
2,utilitarian,canonical,137,200,67.07,59.0,75.0,46.865,39.75,56.0,253853610335.68625,701542256.0,28436467200.0,24.67,21.0,28.0,0.29461554914712906,0.26686689257621765,0.321595199406147,0.31375,0.0,0.5
2,utilitarian,canonical,138,200,67.21,60.0,75.0,46.95,39.75,56.0,281006949632.82874,701199952.0,30545157120.0,24.69,22.0,27.0,0.2936576998978853,0.26865996420383453,0.31839530915021896,0.285,0.0,0.5
2,utilitarian,canonical,139,200,66.98,59.75,74.0,47.075,40.0,56.0,310594061522.83374,731210096.0,33017726464.0,24.715,21.0,28.0,0.29529502242803574,0.26912660151720047,0.3238774687051773,0.31875,0.0,0.5
2,utilitarian,canonical,140,200,67.09,61.0,74.0,47.15,40.0,56.0,351403201172.865,787010352.0,36370945024.0,24.835,22.0,28.0,0.29435900919139385,0.2713397592306137,0.32087114453315735,0.295,0.0,0.5
2,utilitarian,canonical,141,200,66.46,60.0,75.0,47.22,38.75,56.0,397113629461.54,828239360.0,40329141248.0,24.44,21.0,27.0,0.2964514248818159,0.2709091380238533,0.3225737363100052,0.3225,0.0,0.5
2,utilitarian,canonical,142,200,67.025,59.0,74.0,47.265,38.75,56.0,450624214501.47375,916230096.0,44869455872.0,24.28,21.0,27.25,0.2969265043735504,0.2680778205394745,0.3262565955519676,0.31875,0.0,0.5
2,utilitarian,canonical,143,200,66.765,59.0,74.0,47.335,38.75,56.0,508655985926.27875,987821984.0,51449273344.0,24.12,20.75,27.0,0.29775384806096555,0.2719799280166626,0.32159365713596344,0.32375,0.0,0.5
2,utilitarian,canonical,144,200,67.09,60.0,74.0,47.36,38.75,56.0,585691709056.9263,1040101008.0,58795935744.0,24.135,21.0,27.0,0.298977919369936,0.2745444029569626,0.32377878576517105,0.31375,0.0,0.5
2,utilitarian,canonical,145,200,66.74,59.0,75.0,47.365,38.75,56.0,653721403790.7762,1119101728.0,64377492480.0,24.08,21.0,27.0,0.30073189847171305,0.2774008512496948,0.3286183550953865,0.27625,0.0,0.5
2,utilitarian,canonical,146,200,67.185,60.75,75.0,47.475,39.75,56.0,749956362753.865,1276077056.0,74938388480.0,23.96,20.0,27.0,0.3006295194476843,0.2757519409060478,0.3318400979042053,0.32125,0.0,0.5
2,utilitarian,canonical,147,200,66.765,59.0,75.0,47.645,40.0,56.25,865095899607.3824,1437973856.0,81647730688.0,24.41,21.0,27.0,0.29816308058798313,0.2721794545650482,0.32422906905412674,0.29625,0.0,0.5
2,utilitarian,canonical,148,200,66.82,59.75,74.25,47.66,40.0,56.0,999157435666.225,1620445440.0,91684118528.0,24.48,21.0,28.0,0.2985390345007181,0.2702610492706299,0.3252072185277939,0.30125,0.0,0.5
2,utilitarian,canonical,149,200,67.115,60.0,75.0,47.705,40.75,56.25,1137821408861.1174,1641960192.0,94558189568.0,24.65,21.0,29.0,0.29832479909062387,0.27517152577638626,0.3285573124885559,0.32375,0.0,0.5
2,utilitarian,canonical,150,200,66.835,59.75,74.0,47.735,40.75,56.25,1265534463207.47,1621817856.0,108756264960.0,24.67,21.0,28.0,0.29731037102639674,0.27438176423311234,0.32259680330753326,0.30375,0.0,0.5
2,utilitarian,canonical,151,200,67.2,58.0,76.0,47.785,40.75,56.25,1418172007569.235,1719639424.0,127591827456.0,24.805,21.0,28.0,0.29605677738785746,0.2755183055996895,0.31942373514175415,0.2925,0.0,0.5
2,utilitarian,canonical,152,200,66.965,59.0,75.25,47.86,41.0,57.0,1618019483518.38,1850905600.0,146622509056.0,24.9,21.0,28.0,0.29714869253337384,0.2753061130642891,0.3227956220507622,0.31625,0.0,0.5
2,utilitarian,canonical,153,200,67.07,58.75,74.25,47.88,40.75,57.0,1818427162017.79,2039493792.0,163501223936.0,24.92,21.0,28.25,0.29537720382213595,0.2693460136651993,0.32455576211214066,0.3425,0.25,0.5
2,utilitarian,canonical,154,200,66.91,59.0,75.0,47.9,41.0,57.0,2059969749741.5,2224722880.0,186894630912.0,25.075,22.0,28.0,0.2954576190561056,0.2688986212015152,0.3229558616876602,0.3275,0.0,0.5
2,utilitarian,canonical,155,200,66.66,59.0,74.25,47.905,40.0,57.0,2286768218993.77,2399546944.0,209895813120.0,24.6,21.0,28.0,0.29531805716454984,0.2690718472003937,0.32135844975709915,0.37375,0.25,0.5
2,utilitarian,canonical,156,200,66.38,57.0,74.0,47.925,40.0,57.0,2473406431998.74,2705733632.0,251319906304.0,24.94,21.0,29.0,0.29231723964214323,0.2684837877750397,0.31752626597881317,0.295,0.0,0.5
2,utilitarian,canonical,157,200,66.625,59.0,75.0,47.92,40.0,57.0,2861039365752.83,2955851840.0,289516363776.0,24.845,21.0,28.0,0.29445248045027256,0.26827746629714966,0.3220614343881607,0.31875,0.0,0.5
2,utilitarian,canonical,158,200,66.955,58.0,75.0,47.975,40.75,57.0,3169913625605.37,2951990208.0,323441344512.0,24.96,21.0,29.0,0.2943627930432558,0.2649580091238022,0.32151155918836594,0.29375,0.0,0.5
2,utilitarian,canonical,159,200,66.66,58.0,74.0,48.0,40.75,57.0,3601408539184.58,3199950528.0,349290758144.0,24.825,21.0,28.0,0.2951444759964943,0.26756665110588074,0.3246745765209198,0.3475,0.0,0.5
2,utilitarian,canonical,160,200,66.4,58.0,75.0,48.02,40.0,57.0,4100001669263.91,3609308608.0,409121275904.0,25.085,21.0,29.25,0.29383335120975973,0.2677348926663399,0.32114526629447937,0.32875,0.0,0.5
2,utilitarian,canonical,161,200,66.285,58.75,74.25,48.005,40.0,57.25,4757424758034.33,4023561152.0,393006743552.0,24.53,20.75,28.0,0.29538861408829686,0.2711714878678322,0.3224633187055588,0.345,0.0,0.5
2,utilitarian,canonical,162,200,66.605,58.75,75.0,48.095,40.0,57.25,5606754893606.33,4345607936.0,428724060160.0,24.96,21.0,28.25,0.2937113280594349,0.2684081718325615,0.32042159885168076,0.32875,0.0,0.5
2,utilitarian,canonical,163,200,66.225,58.0,75.0,48.135,40.0,57.0,6357075522538.04,4730758016.0,471613128704.0,24.94,21.0,29.0,0.29383066967129706,0.2658555433154106,0.3225567638874054,0.34375,0.0,0.5
2,utilitarian,canonical,164,200,66.67,58.0,75.0,48.285,40.0,57.0,7371088288266.1,4939505024.0,521483296768.0,24.84,21.0,28.0,0.2934572122246027,0.26876920461654663,0.319459430873394,0.34875,0.25,0.5
2,utilitarian,canonical,165,200,66.735,58.75,76.0,48.28,40.0,58.0,8511697079503.22,5290897920.0,596352253952.0,24.83,21.0,28.0,0.29266552910208704,0.2680166885256767,0.3195107877254486,0.3425,0.0,0.5
2,utilitarian,canonical,166,200,66.55,58.0,76.0,48.39,40.0,58.0,9818985081106.22,6114320896.0,660434255872.0,24.895,21.0,28.0,0.2927497310191393,0.2671014294028282,0.3152092546224594,0.3275,0.0,0.5
2,utilitarian,canonical,167,200,66.585,58.0,75.0,48.42,40.0,58.0,11449432709176.98,6299457024.0,740615454720.0,24.79,21.0,28.25,0.2938584082573652,0.26611630618572235,0.3215079605579376,0.33,0.0,0.5
2,utilitarian,canonical,168,200,66.565,58.0,75.0,48.485,41.0,58.0,13202712139544.54,6845118592.0,845081935872.0,24.685,21.0,28.0,0.29440001770853996,0.2699650675058365,0.32066676020622253,0.3825,0.25,0.5
2,utilitarian,canonical,169,200,66.045,58.0,75.0,48.51,40.75,58.0,15485113941872.48,7200175616.0,893298737152.0,24.71,21.0,28.0,0.293199000954628,0.27025776356458664,0.3199782967567444,0.3025,0.0,0.5
2,utilitarian,canonical,170,200,66.355,58.0,75.0,48.535,41.0,58.0,18219102659166.2,8123025920.0,922138820608.0,24.615,21.0,28.0,0.29590214125812053,0.2679746225476265,0.3222246840596199,0.335,0.0,0.5
2,utilitarian,canonical,171,200,66.56,59.0,74.0,48.615,41.0,58.0,21466715402623.02,9491663232.0,993845985280.0,24.695,21.0,28.0,0.29443499065935613,0.2693961039185524,0.3217998519539833,0.34875,0.0,0.5
2,utilitarian,canonical,172,200,66.145,58.0,74.0,48.66,41.0,57.0,25722890927127.84,11032716032.0,1098593779712.0,24.995,21.0,28.0,0.29235728450119497,0.26582376658916473,0.3183842599391937,0.34625,0.0,0.5
2,utilitarian,canonical,173,200,66.355,57.75,74.25,48.735,41.0,58.0,30648015003484.48,12329699328.0,1263291170816.0,25.15,21.0,28.25,0.2928104704618454,0.26810184121131897,0.31993308663368225,0.3025,0.0,0.5
2,utilitarian,canonical,174,200,66.205,59.0,74.25,48.81,41.0,57.0,36654771606593.88,13314845696.0,1394465734656.0,25.105,21.75,29.0,0.2947541689872742,0.2685867249965668,0.32451946288347244,0.3225,0.0,0.5
2,utilitarian,canonical,175,200,66.645,58.0,75.0,48.9,41.0,57.25,43879241171144.28,14174681600.0,1576767520768.0,25.105,21.0,28.0,0.29438571065664293,0.26611923426389694,0.3254985958337784,0.3175,0.0,0.5
2,utilitarian,canonical,176,200,65.965,58.0,75.0,48.93,41.0,57.0,50813656733698.96,14269531904.0,1710586232832.0,24.915,21.75,28.0,0.2945452265441418,0.26746029406785965,0.32267099618911743,0.32125,0.0,0.5
2,utilitarian,canonical,177,200,66.58,58.75,75.0,49.03,42.0,57.0,59090791409474.04,15670572288.0,1911327227904.0,24.905,21.0,28.0,0.29370063796639445,0.26499325037002563,0.3222653791308403,0.30625,0.0,0.5
2,utilitarian,canonical,178,200,66.15,57.0,74.0,49.11,42.0,57.0,68633486045917.68,17705729024.0,2173423484928.0,25.025,21.0,28.0,0.29322407856583593,0.2627057433128357,0.3275173604488373,0.3125,0.0,0.5
2,utilitarian,canonical,179,200,66.0,58.0,74.0,49.155,42.0,57.0,79562241031528.64,21889635840.0,2397886808064.0,25.125,21.0,30.0,0.2940484783053398,0.2637567073106766,0.3275352939963341,0.3475,0.0,0.5
2,utilitarian,canonical,180,200,66.135,58.0,75.0,49.215,42.0,57.25,92309941945219.23,24863445504.0,2435891331072.0,25.175,21.0,29.0,0.29310916751623156,0.26615650206804276,0.32341543585062027,0.26375,0.0,0.5
2,utilitarian,canonical,181,200,66.165,57.0,75.0,49.22,42.0,57.0,107228073278435.84,26781580800.0,2953393471488.0,24.77,21.0,28.25,0.2977940404415131,0.268008753657341,0.3320947736501694,0.2775,0.0,0.5
2,utilitarian,canonical,182,200,66.075,58.75,73.0,49.24,41.75,57.25,124459097076449.44,29865789440.0,3500156256256.0,24.54,21.0,27.0,0.29834119632840156,0.27190443873405457,0.32798029482364655,0.35,0.0,0.5
2,utilitarian,canonical,183,200,66.0,57.0,74.0,49.32,42.0,58.0,144931836052939.44,33258925568.0,3695412510720.0,24.815,21.0,28.0,0.29434121765196325,0.26445406675338745,0.3235531449317932,0.3225,0.0,0.5
2,utilitarian,canonical,184,200,66.665,59.0,75.0,49.415,41.75,58.0,168606097230581.12,39195559936.0,3912148647936.0,24.915,21.0,28.0,0.2936708480864763,0.2646080181002617,0.32302437722682953,0.335,0.0,0.5
2,utilitarian,canonical,185,200,66.235,57.0,74.0,49.445,41.75,58.0,197899347874531.38,41242913792.0,4287475286016.0,24.865,21.0,28.25,0.29349572107195854,0.26745588332414627,0.3250749111175537,0.32625,0.0,0.5
2,utilitarian,canonical,186,200,66.355,59.0,75.0,49.41,41.75,58.0,221496699152857.6,44763700224.0,5012593049600.0,24.83,21.0,29.0,0.2938657905161381,0.269692026078701,0.3199959695339203,0.3275,0.0,0.5
2,utilitarian,canonical,187,200,66.575,59.0,74.0,49.45,41.75,57.25,259024237381976.56,48950960128.0,5283099312128.0,25.075,21.0,29.0,0.29395555689930913,0.265145480632782,0.32402969151735306,0.3,0.0,0.5
2,utilitarian,canonical,188,200,66.16,57.75,74.25,49.455,41.75,57.25,303572241682187.4,52373518336.0,5734615744512.0,24.94,21.75,29.0,0.29402689762413503,0.2715996280312538,0.32247600704431534,0.3375,0.0,0.5
2,utilitarian,canonical,189,200,66.555,57.75,75.0,49.48,42.0,57.25,308267521479364.3,58181797888.0,6253922222080.0,25.2,21.75,29.0,0.29375346936285496,0.26776842772960663,0.32026655972003937,0.3,0.0,0.5
2,utilitarian,canonical,190,200,66.15,58.0,75.0,49.515,41.75,58.0,344734196308048.56,57358267392.0,7054537261056.0,24.895,21.75,28.0,0.2949253113567829,0.26911550015211105,0.3217722401022911,0.31375,0.0,0.5
2,utilitarian,canonical,191,200,65.93,58.0,75.0,49.525,41.75,58.0,369295268616918.6,64012451840.0,7725680689152.0,24.915,21.0,29.0,0.2963340587168932,0.27080046385526657,0.3245401158928871,0.34375,0.0,0.5
2,utilitarian,canonical,192,200,66.24,58.0,74.0,49.51,41.75,58.0,432444234349741.06,67970788352.0,8608707641344.0,24.605,21.0,28.0,0.29620315693318844,0.2700033038854599,0.32454676926136017,0.33625,0.0,0.5
2,utilitarian,canonical,193,200,66.08,58.0,75.0,49.535,41.0,57.25,504709973608973.75,77224671232.0,10190980120576.0,24.72,21.0,29.0,0.29643517710268497,0.2719159945845604,0.32511521875858307,0.3375,0.0,0.5
2,utilitarian,canonical,194,200,65.815,57.0,74.25,49.545,41.0,58.0,514575039467571.5,72350857216.0,11812312449024.0,24.66,21.0,28.0,0.2964019998908043,0.2735939621925354,0.32423893362283707,0.2825,0.0,0.5
2,utilitarian,canonical,195,200,65.685,56.0,74.0,49.595,42.0,58.0,550291872170888.4,79048421376.0,12905027469312.0,24.395,21.0,27.0,0.29750856846570967,0.2751978114247322,0.3230172321200371,0.32375,0.0,0.5
2,utilitarian,canonical,196,200,65.945,57.0,75.0,49.54,42.0,58.0,590287808897312.4,93993240576.0,13597536944128.0,24.665,20.75,28.0,0.29766100853681565,0.27362918853759766,0.32597145438194275,0.36875,0.0,0.5
2,utilitarian,canonical,197,200,66.215,57.0,75.0,49.545,41.75,58.0,623414414127680.9,108798171136.0,15501979549696.0,24.855,21.0,28.0,0.2949894744157791,0.2711167261004448,0.32281026244163513,0.32875,0.0,0.5
2,utilitarian,canonical,198,200,66.125,58.0,75.0,49.585,41.0,58.0,635014048719753.2,115281068032.0,16893897342976.0,24.755,21.0,28.0,0.29722544066607953,0.27591556310653687,0.32360485941171646,0.33625,0.0,0.5
2,utilitarian,canonical,199,200,65.905,58.0,75.0,49.61,41.0,58.0,638888143572728.4,129204692992.0,18884376657920.0,24.54,21.0,27.25,0.29767064064741133,0.27183838188648224,0.3243802413344383,0.35375,0.0,0.5
2,utilitarian,canonical,200,200,65.93,58.0,75.0,49.64,41.0,58.0,680331853885665.8,141773973504.0,20307617251328.0,24.715,21.0,28.0,0.29655473098158835,0.2748296335339546,0.3225279822945595,0.325,0.0,0.5
2,utilitarian,canonical,201,200,65.655,55.75,74.0,49.62,41.0,58.0,701794626545168.8,157380349952.0,23044901830656.0,24.93,21.0,28.25,0.2965913990885019,0.26956890523433685,0.32140906155109406,0.36125,0.1875,0.5
2,utilitarian,canonical,202,200,65.93,57.0,75.0,49.61,41.0,58.0,702844055925953.2,177411551232.0,24934903971840.0,25.08,21.0,28.0,0.29454878218472,0.26794274151325226,0.31797438859939575,0.31125,0.0,0.5
2,utilitarian,canonical,203,200,66.08,58.75,75.0,49.595,41.0,58.25,726154888957878.2,191922679808.0,28010191781888.0,24.915,21.0,28.0,0.29575375743210314,0.27161525934934616,0.3208305761218071,0.30625,0.0,0.5
2,utilitarian,canonical,204,200,65.79,57.0,74.0,49.64,41.0,58.0,743767847050677.1,200610414592.0,28706266939392.0,25.095,21.0,29.0,0.29601304441690446,0.270310677587986,0.3214995414018631,0.37625,0.25,0.5
2,utilitarian,canonical,205,200,66.01,57.0,74.0,49.635,41.0,58.0,777227981377533.6,226251063296.0,33946098728960.0,25.65,21.0,29.25,0.2916303562372923,0.2649528905749321,0.3189517557621002,0.315,0.0,0.5
2,utilitarian,canonical,206,200,66.005,57.0,75.0,49.645,42.0,58.0,843804935337816.8,247303548928.0,36296041955328.0,25.335,22.0,29.0,0.29232897542417047,0.26561130583286285,0.3204752206802368,0.30125,0.0,0.5
2,utilitarian,canonical,207,200,65.945,57.0,74.0,49.7,42.0,58.0,899631466948115.9,246240108544.0,40332816285696.0,24.905,21.0,28.25,0.2940506887435913,0.26412730664014816,0.3200420066714287,0.31375,0.0,0.5
2,utilitarian,canonical,208,200,65.935,56.0,75.0,49.725,42.0,58.0,957079066635583.6,282490966016.0,44987183005696.0,24.745,21.0,28.25,0.29566687665879726,0.267471618950367,0.32445375621318817,0.33375,0.0,0.5
2,utilitarian,canonical,209,200,65.705,57.0,75.0,49.795,43.0,58.0,1034646343972684.0,302300848128.0,48065466597376.0,24.75,21.0,28.0,0.29461170569062234,0.2656230255961418,0.32664598524570465,0.3275,0.0,0.5
2,utilitarian,canonical,210,200,65.965,57.0,74.25,49.815,43.0,58.25,1076300001841751.9,346065649664.0,56321167589376.0,24.575,20.0,28.0,0.2957368617504835,0.2702869847416878,0.3211779072880745,0.3325,0.0,0.5
2,utilitarian,canonical,211,200,65.975,57.75,76.0,49.85,42.0,58.0,1187873938958825.5,396021669888.0,63609152471040.0,24.83,21.0,28.0,0.29306726455688475,0.26526597887277603,0.3238593339920044,0.30625,0.0,0.5
2,utilitarian,canonical,212,200,65.79,57.0,74.0,49.85,42.0,58.25,1268921296974911.2,468769644544.0,69988060758016.0,24.48,21.0,27.0,0.2934050627052784,0.2676524519920349,0.32154271751642227,0.2925,0.0,0.5
2,utilitarian,canonical,213,200,65.695,57.0,75.0,49.86,42.75,58.25,1375321649627543.0,495075262464.0,83241776185344.0,24.41,21.0,27.0,0.29494841776788233,0.2677725926041603,0.32491428405046463,0.34,0.25,0.5
2,utilitarian,canonical,214,200,65.67,57.75,74.0,49.87,42.0,58.0,1503610199913034.2,527886000128.0,97491741573120.0,24.615,20.0,28.0,0.2937977834790945,0.26366429030895233,0.322030670940876,0.32625,0.0,0.5
2,utilitarian,canonical,215,200,66.04,58.0,75.0,49.84,42.0,58.0,1614286123761999.2,597138964480.0,117190802014208.0,24.38,21.0,28.0,0.29624968729913237,0.2628279849886894,0.323908731341362,0.3375,0.0,0.5
2,utilitarian,canonical,216,200,65.64,56.75,74.0,49.845,42.0,58.0,1732355435193187.0,681442689024.0,125516663226368.0,24.355,20.0,27.0,0.29670447394251825,0.26865293085575104,0.32580386102199554,0.3525,0.0,0.5
2,utilitarian,canonical,217,200,65.82,56.75,75.0,49.82,42.0,58.0,1868770533644150.8,801094860800.0,146650148372480.0,24.24,21.0,27.0,0.2976918864250183,0.26523607224226,0.3216589093208313,0.35875,0.25,0.5
2,utilitarian,canonical,218,200,66.09,58.0,74.25,49.835,42.0,58.0,1890765903656789.0,927463964672.0,153147817328640.0,24.36,21.0,28.0,0.29746604308485985,0.27222609519958496,0.32601942867040634,0.365,0.25,0.5
2,utilitarian,canonical,219,200,65.75,57.0,74.25,49.87,42.75,58.0,2010532345804510.0,1006266679296.0,172557881835520.0,24.405,21.0,28.0,0.2972278176248074,0.26926982402801514,0.32766321301460266,0.35375,0.0,0.5
2,utilitarian,canonical,220,200,66.2,57.0,75.0,49.885,43.0,58.0,2156044713439197.0,1042715901952.0,204711110115328.0,24.6,21.0,28.0,0.2952366537600756,0.26460615545511246,0.3285944312810898,0.34875,0.0,0.5
2,utilitarian,canonical,221,200,65.65,56.75,75.0,49.895,43.0,58.0,2503267747599277.0,1106671697920.0,210373479235584.0,24.59,22.0,28.0,0.29462836898863315,0.26020966470241547,0.32437293231487274,0.31625,0.0,0.5
2,utilitarian,canonical,222,200,65.87,57.0,74.25,49.91,43.0,58.0,2935250340120152.5,1199548334080.0,230945512751104.0,24.56,21.0,28.0,0.29493947207927707,0.2633646950125694,0.32595244795084,0.33375,0.0,0.5
2,utilitarian,canonical,223,200,65.87,57.0,74.25,49.925,43.0,58.25,3375180411870260.0,1353538568192.0,244399678160896.0,24.84,21.0,28.0,0.2942689203470945,0.26300209015607834,0.3262869417667389,0.33375,0.0,0.5
2,utilitarian,canonical,224,200,65.45,56.0,74.0,49.925,43.0,58.0,3833532004832439.0,1440799457280.0,267986292178944.0,24.69,21.0,28.0,0.2948518817871809,0.26344432681798935,0.32516346126794815,0.3375,0.0,0.5
2,utilitarian,canonical,225,200,65.895,56.0,75.0,49.95,43.0,58.0,4469407736331370.0,1569898889216.0,297318465142784.0,24.705,21.0,28.25,0.2935196416825056,0.2639554515480995,0.32205653190612793,0.32625,0.25,0.5
2,utilitarian,canonical,226,200,65.83,57.0,75.0,49.99,43.0,59.0,5325036067545437.0,1701579161600.0,331625674047488.0,24.625,21.75,28.0,0.2938326209038496,0.25878287851810455,0.3259441703557968,0.325,0.0,0.5
2,utilitarian,canonical,227,200,65.74,57.0,75.0,50.05,43.0,58.0,6135339786691890.0,1832278327296.0,365633778745344.0,24.66,21.75,28.0,0.2943998795747757,0.26198723912239075,0.327163502573967,0.35375,0.0,0.5
2,utilitarian,canonical,228,200,65.705,56.0,75.0,50.01,43.0,58.25,7115111192238909.0,1909732474880.0,427686333775872.0,25.105,22.0,28.0,0.29151824936270715,0.26030945777893066,0.32169661670923233,0.3175,0.0,0.5
2,utilitarian,canonical,229,200,65.595,56.75,74.0,50.02,43.0,59.0,8122945307967112.0,2100023230464.0,485377357905920.0,25.045,22.0,28.0,0.2920831298828125,0.2635841742157936,0.32090070843696594,0.29625,0.0,0.5
2,utilitarian,canonical,230,200,65.555,56.0,75.0,49.995,43.0,59.0,9642977571689332.0,2225130110976.0,520861798891520.0,25.085,21.0,29.0,0.2939788325130939,0.26329047977924347,0.3234029784798622,0.32625,0.0,0.5
2,utilitarian,canonical,231,200,65.57,57.0,73.0,50.05,43.0,59.0,1.1194114263101608e+16,2532740366336.0,582860247400448.0,25.105,21.0,29.0,0.2935816326737404,0.26505202054977417,0.32566487044095993,0.29125,0.0,0.5
2,utilitarian,canonical,232,200,66.105,58.0,76.0,50.045,43.0,59.0,1.199725804953825e+16,2770139742208.0,618145198899200.0,24.725,21.0,28.0,0.2953063274919987,0.2638959512114525,0.3264700397849083,0.3275,0.0,0.5
2,utilitarian,canonical,233,200,65.61,56.0,74.0,50.06,43.0,58.25,1.38393880263973e+16,2831287451648.0,704528752050176.0,24.845,21.0,28.25,0.2948041115701199,0.26275113970041275,0.3287293389439583,0.3125,0.0,0.5
2,utilitarian,canonical,234,200,65.625,57.0,75.0,50.1,43.0,58.25,1.602357422240201e+16,3040451297280.0,770224823468032.0,24.87,21.0,28.0,0.2936014951020479,0.2626226022839546,0.3253377601504326,0.32875,0.0,0.5
2,utilitarian,canonical,235,200,65.59,57.0,74.0,50.1,43.0,58.25,1.8352442080054696e+16,3542369959936.0,951033098403840.0,24.96,21.0,28.25,0.2922293195873499,0.2579723671078682,0.3232473134994507,0.34375,0.0,0.5
2,utilitarian,canonical,236,200,65.27,56.75,75.0,50.14,43.0,58.0,2.1668545510579492e+16,3834210222080.0,1129898135519232.0,25.15,21.0,28.25,0.2904518823325634,0.25870630145072937,0.32158540934324265,0.30375,0.0,0.5
2,utilitarian,canonical,237,200,65.78,56.75,74.0,50.22,43.0,58.0,2.571565834980308e+16,4320087834624.0,1302427491893248.0,25.055,21.0,29.0,0.29181609623134136,0.2624416947364807,0.32287952303886414,0.31875,0.0,0.5
2,utilitarian,canonical,238,200,65.84,56.0,75.0,50.22,43.0,58.25,2.961892648476288e+16,4673038057472.0,1477981495099392.0,25.12,21.0,29.0,0.2921184682846069,0.26810015738010406,0.3199964314699173,0.31375,0.0,0.5
2,utilitarian,canonical,239,200,65.575,56.75,74.0,50.23,43.0,58.0,3.396409577679121e+16,4749164937216.0,1664477799907328.0,25.24,21.0,29.0,0.2918680934607983,0.26588135212659836,0.319669708609581,0.32875,0.0,0.5
2,utilitarian,canonical,240,200,65.525,56.0,74.0,50.31,43.0,58.0,3.9458281170642136e+16,5455305900032.0,2025375714508800.0,25.43,21.0,29.0,0.29276580177247524,0.27174483239650726,0.31765352189540863,0.3225,0.0,0.5
2,utilitarian,canonical,241,200,65.48,56.0,74.0,50.355,43.0,58.0,4.556928652610347e+16,5759594266624.0,2048150516793344.0,25.565,21.0,30.0,0.2919210411608219,0.26505468785762787,0.320867694914341,0.325,0.0,0.5
2,utilitarian,canonical,242,200,65.325,56.0,75.25,50.39,43.0,58.25,5.444966959670493e+16,6668512788480.0,2304260893048832.0,25.715,21.0,29.25,0.2925900287926197,0.26808980852365494,0.31744129955768585,0.35,0.0,0.5
2,utilitarian,canonical,243,200,65.485,57.0,74.0,50.39,43.0,59.0,6.3329588029495256e+16,7561602138112.0,2413913555599360.0,25.725,22.0,29.0,0.29121407970786095,0.2649570554494858,0.31964126229286194,0.30125,0.0,0.5
2,utilitarian,canonical,244,200,65.495,56.75,74.25,50.405,44.0,59.0,7.445539726274698e+16,8263593230336.0,2563495790903296.0,25.64,22.0,29.0,0.293353521078825,0.26291506737470627,0.3216130882501602,0.30625,0.0,0.5
2,utilitarian,canonical,245,200,65.175,56.75,74.0,50.4,43.75,58.25,8.386177796792614e+16,9175405690880.0,2629755727773696.0,25.525,22.0,29.0,0.2947772501409054,0.2641441076993942,0.3255187124013901,0.295,0.0,0.5
2,utilitarian,canonical,246,200,65.865,57.0,75.0,50.39,43.75,58.25,9.71949206204246e+16,10950092783616.0,2868139163385856.0,25.385,21.75,29.0,0.29593185245990755,0.2699418365955353,0.32436123490333557,0.31,0.0,0.5
2,utilitarian,canonical,247,200,65.425,57.0,74.25,50.415,43.75,58.25,1.0810451920333614e+17,11633178443776.0,3357872339550208.0,25.415,22.0,29.0,0.29472697637975215,0.2679775357246399,0.3211149498820305,0.32875,0.0,0.5
2,utilitarian,canonical,248,200,65.755,57.0,75.0,50.37,43.0,58.25,1.1554630861526504e+17,12420328718336.0,3643742611308544.0,25.385,21.0,29.0,0.2938318255543709,0.26579272747039795,0.32018088549375534,0.31875,0.0,0.5
2,utilitarian,canonical,249,200,65.545,57.0,74.0,50.36,43.75,58.25,1.2622779308227794e+17,13828442292224.0,4060478523310080.0,25.665,21.0,30.0,0.2922620113939047,0.2643366754055023,0.31829360127449036,0.2775,0.0,0.5
2,utilitarian,canonical,250,200,65.715,57.0,74.0,50.34,43.75,59.0,1.3851352246168198e+17,16243974995968.0,4255508223492096.0,25.225,21.0,29.0,0.29504452511668205,0.2677462249994278,0.3230244144797325,0.3,0.0,0.5
3,borda,canonical,1,200,67.12,64.75,70.0,1.85,1.0,3.0,11042.983833007813,10877.34814453125,11402.98974609375,20.415,18.0,22.0,0.3271015299856663,0.2988799437880516,0.34749750792980194,0.28,0.0,0.5
3,borda,canonical,2,200,67.35,64.0,71.0,3.725,2.0,5.0,12163.97287109375,11770.924072265625,12819.88818359375,21.45,19.0,23.0,0.31020548693835737,0.289788156747818,0.3307540714740753,0.2675,0.0,0.5
3,borda,canonical,3,200,67.625,65.0,70.0,5.365,4.0,7.0,13399.685458984375,12706.339111328125,14433.67724609375,21.925,19.75,24.0,0.30615396969020364,0.28663258999586105,0.3281525820493698,0.2625,0.0,0.5
3,borda,canonical,4,200,67.31,64.0,71.0,6.69,4.0,9.0,14791.084267578124,13594.12109375,16381.54736328125,22.11,19.0,25.0,0.3065650910884142,0.2803741320967674,0.3330025225877762,0.27125,0.0,0.5
3,borda,canonical,5,200,67.555,64.0,71.0,7.955,5.0,10.25,16333.506628417968,14350.128173828125,18479.8349609375,22.055,18.0,25.0,0.3066497848927975,0.28165746480226517,0.3360634595155716,0.2675,0.0,0.5
3,borda,canonical,6,200,67.34,64.0,70.0,8.935,6.0,12.0,18053.847568359375,15128.658935546875,20647.302734375,22.05,19.0,25.0,0.30787414938211444,0.2814905568957329,0.33820436149835587,0.27625,0.0,0.5
3,borda,canonical,7,200,67.735,65.0,72.0,10.115,7.0,13.0,19954.67199951172,16540.947509765625,22938.01416015625,21.945,19.0,25.0,0.3074623356759548,0.28101035207509995,0.335171639919281,0.2725,0.0,0.5
3,borda,canonical,8,200,66.95,63.0,70.0,11.175,7.75,14.25,22153.068784179686,17529.19140625,25677.67236328125,21.7,19.0,24.0,0.3082476116716862,0.28385624289512634,0.3347947522997856,0.2925,0.0,0.5
3,borda,canonical,9,200,67.63,64.0,71.0,12.245,8.0,16.0,24748.786723632813,19374.1552734375,29120.61767578125,21.695,19.0,24.0,0.3067665097117424,0.28363899141550064,0.3312557265162468,0.2825,0.25,0.5
3,borda,canonical,10,200,67.17,64.0,71.0,13.12,8.0,17.0,27519.683247070312,21040.9462890625,32627.7451171875,21.735,19.0,24.0,0.3066657556593418,0.28392378240823746,0.3312250003218651,0.2525,0.0,0.5
3,borda,canonical,11,200,67.535,64.0,71.0,13.91,9.0,18.25,30854.14812988281,23182.0341796875,37468.505859375,21.705,19.0,24.0,0.30582039400935174,0.2790091186761856,0.3318650349974632,0.28,0.0,0.5
3,borda,canonical,12,200,67.46,64.0,71.0,14.79,10.0,20.0,34673.645854492184,25109.20751953125,42157.69921875,21.815,18.75,25.0,0.3048973646759987,0.27889611572027206,0.3331246003508568,0.25875,0.0,0.5
3,borda,canonical,13,200,67.24,64.0,71.0,15.6,10.0,21.0,38964.21025634766,27634.1328125,47985.984375,21.995,19.0,24.0,0.30437904931604864,0.27938029915094376,0.33266638964414597,0.26375,0.0,0.5
3,borda,canonical,14,200,67.555,64.0,71.0,16.52,11.0,22.0,43758.46565917969,29934.3173828125,54218.0068359375,21.98,19.0,25.0,0.3042993737757206,0.27680040895938873,0.33193621039390564,0.275,0.0,0.5
3,borda,canonical,15,200,67.665,65.0,71.0,17.31,12.0,22.0,49068.93692382812,32239.26318359375,60347.49609375,22.325,19.0,25.0,0.302588265389204,0.27722548693418503,0.3324737995862961,0.3025,0.0,0.5
3,borda,canonical,16,200,67.6,64.0,71.0,18.09,12.0,23.0,55130.68458496094,35414.0263671875,67031.0703125,22.35,19.0,25.0,0.3012553817033768,0.2776520699262619,0.32695481181144714,0.28625,0.25,0.5
3,borda,canonical,17,200,67.49,64.0,71.0,18.855,13.0,23.25,61809.62815429687,37705.2666015625,72995.912109375,22.455,19.75,25.0,0.3016683926433325,0.274331733584404,0.32827915996313095,0.26,0.0,0.5
3,borda,canonical,18,200,67.51,64.0,71.0,19.56,14.0,24.25,69391.75547851562,41728.2041015625,82066.7890625,22.435,19.0,25.0,0.30116865754127503,0.27533574402332306,0.3263092413544655,0.29625,0.0,0.5
3,borda,canonical,19,200,67.88,64.0,72.0,20.305,14.0,26.0,76896.21466308594,44505.7802734375,93097.7265625,22.515,19.0,25.0,0.30019271865487096,0.27431831508874893,0.3273339420557022,0.31375,0.0,0.5
3,borda,canonical,20,200,67.795,63.0,72.0,20.765,14.0,26.0,85953.22640136718,46735.98046875,105454.921875,22.35,19.0,25.0,0.29939392767846584,0.27149299532175064,0.3242391422390938,0.2725,0.0,0.5
3,borda,canonical,21,200,67.83,64.0,72.0,21.35,15.0,27.0,96163.94452636718,51169.013671875,123517.556640625,22.32,19.0,25.0,0.300724176093936,0.2722211629152298,0.3299148678779602,0.25875,0.0,0.5
3,borda,canonical,22,200,67.39,63.0,71.0,21.86,15.0,28.0,107311.78614257813,56130.6259765625,134664.76171875,22.4,19.0,25.0,0.3008433114737272,0.2718034014105797,0.3282458409667015,0.26,0.0,0.5
3,borda,canonical,23,200,67.53,64.0,71.0,22.44,15.75,28.0,119318.48248535156,61704.8837890625,146865.42578125,22.485,19.0,25.0,0.3016457590460777,0.26882653683423996,0.33539022505283356,0.3025,0.1875,0.5
3,borda,canonical,24,200,67.81,64.0,72.0,23.05,16.0,29.0,133963.16090820314,68652.953125,166474.6015625,22.315,19.0,25.0,0.303437852114439,0.2753698378801346,0.3305346369743347,0.27125,0.0,0.5
3,borda,canonical,25,200,67.48,63.0,71.25,23.4,16.0,29.25,150326.3088671875,74668.875,194009.70703125,22.395,19.0,25.0,0.30267426051199436,0.27323268353939056,0.3324350342154503,0.27625,0.0,0.5
3,borda,canonical,26,200,67.665,64.0,72.0,23.86,16.75,30.0,168746.2128466797,81898.759765625,215612.015625,22.395,19.0,25.0,0.3023666895180941,0.273144893348217,0.33175913244485855,0.31125,0.1875,0.5
3,borda,canonical,27,200,68.05,64.0,72.0,24.255,17.0,30.0,189709.3185253906,87722.66796875,248535.09765625,22.185,19.0,25.0,0.3014259606599808,0.27406980097293854,0.3334127366542816,0.28,0.0,0.5
3,borda,canonical,28,200,67.33,63.0,71.25,24.83,17.0,31.25,214114.94555908203,92548.79296875,272981.0,21.955,19.0,25.0,0.3031235568970442,0.27143553644418716,0.3355395421385765,0.27625,0.0,0.5
3,borda,canonical,29,200,67.37,63.0,72.0,25.32,17.75,31.0,242035.9140185547,101396.919921875,314917.3828125,21.985,19.0,25.25,0.30435057982802394,0.2728249803185463,0.3345930725336075,0.3225,0.25,0.5
3,borda,canonical,30,200,67.45,64.0,71.0,25.55,17.0,31.0,272157.29475585936,109564.568359375,357620.8515625,21.975,19.0,25.0,0.3039404748380184,0.27671603113412857,0.3342006728053093,0.29375,0.0,0.5
3,borda,canonical,31,200,67.665,63.0,72.0,25.895,17.75,32.0,306302.20846191404,118927.83203125,379908.84375,21.995,19.0,25.0,0.303464215695858,0.2754341587424278,0.33534272015094757,0.2775,0.0,0.5
3,borda,canonical,32,200,68.08,63.0,73.0,26.17,18.0,32.0,345894.60256347654,124283.490234375,421312.4765625,21.945,19.0,24.0,0.3045614468306303,0.2744305357336998,0.33546027541160583,0.28875,0.0,0.5
3,borda,canonical,33,200,67.325,63.75,71.0,26.7,19.0,32.25,391206.52328613284,136812.921875,469966.4296875,21.84,19.0,25.0,0.30444718889892103,0.2795783430337906,0.33269744366407394,0.315,0.25,0.5
3,borda,canonical,34,200,68.27,64.0,72.0,26.98,19.0,33.0,435548.6497216797,148434.53125,507194.3203125,22.055,19.0,25.0,0.3031145396083593,0.2745472490787506,0.33551501482725143,0.295,0.0,0.5
3,borda,canonical,35,200,66.925,62.75,71.0,27.285,20.0,34.0,490655.26122070313,162841.3359375,570671.421875,21.865,19.0,24.0,0.3044871983677149,0.27104537189006805,0.3351345509290695,0.30875,0.0,0.5
3,borda,canonical,36,200,67.665,63.0,72.0,27.65,20.0,35.0,551611.32984375,178721.41015625,672718.609375,21.84,19.0,24.0,0.3044665415585041,0.2731165215373039,0.3337859809398651,0.31375,0.25,0.5
3,borda,canonical,37,200,66.755,63.0,71.0,28.035,20.0,35.0,616552.5563476563,191247.96875,755453.5,22.215,19.0,25.0,0.3033682169765234,0.2716085612773895,0.33657170832157135,0.29125,0.0,0.5
3,borda,canonical,38,200,68.315,64.0,73.0,28.55,21.0,35.0,686328.7941308594,208419.90625,861618.0625,22.135,20.0,25.0,0.3033470892906189,0.27578697353601456,0.3324286416172981,0.32625,0.25,0.5
3,borda,canonical,39,200,67.355,63.75,72.0,28.915,21.0,35.0,772127.6400976563,230338.37890625,973597.578125,22.32,19.0,25.0,0.3035159770399332,0.2749119997024536,0.3347969427704811,0.27375,0.0,0.5
3,borda,canonical,40,200,67.415,63.0,71.0,29.31,22.0,36.0,877601.0026953125,243321.75,1093227.84375,22.345,19.0,25.0,0.30417806752026083,0.27918335795402527,0.3355145677924156,0.325,0.25,0.5
3,borda,canonical,41,200,68.7,64.0,73.0,29.55,21.0,37.0,986927.9765917968,255284.08984375,1232893.375,22.675,19.0,25.0,0.3000395651906729,0.27302052080631256,0.32983896136283875,0.30875,0.25,0.5
3,borda,canonical,42,200,67.6,63.0,72.0,29.84,22.0,37.0,1119515.0161767579,280692.21875,1403654.625,22.925,20.0,26.0,0.2989521735161543,0.26794207096099854,0.3281768336892128,0.28375,0.0,0.5
3,borda,canonical,43,200,67.725,63.0,72.0,30.16,22.0,37.0,1263184.0597851563,301574.5390625,1609566.46875,22.955,20.0,25.25,0.29949764735996726,0.26856962591409683,0.3293328806757927,0.28875,0.0,0.5
3,borda,canonical,44,200,67.945,63.0,73.0,30.585,23.0,38.0,1429675.2306933594,329186.1015625,1718336.8125,22.98,19.0,26.0,0.29871096208691594,0.26767614483833313,0.3276260271668434,0.295,0.0,0.5
3,borda,canonical,45,200,67.555,62.0,73.0,30.84,23.0,38.0,1623541.6806298827,355704.671875,1958511.375,22.765,19.0,25.0,0.2994402534514666,0.2690567374229431,0.32934023439884186,0.28,0.0,0.5
3,borda,canonical,46,200,67.785,63.0,72.0,31.185,23.0,38.25,1812055.4559033203,389656.4375,2253459.75,22.68,19.75,26.0,0.30090319477021693,0.27145425230264664,0.3284265249967575,0.31,0.1875,0.5
3,borda,canonical,47,200,67.49,62.0,72.0,31.405,23.0,38.25,2039024.2954589843,442211.5546875,2492243.375,22.705,19.0,26.0,0.3002187207341194,0.2720591872930527,0.32715217769145966,0.2725,0.0,0.5
3,borda,canonical,48,200,66.74,61.0,71.0,31.565,23.75,39.0,2252963.116826172,488078.7421875,2844673.1875,22.6,19.0,26.0,0.30224579937756063,0.273525707423687,0.3300817087292671,0.31,0.0,0.5
3,borda,canonical,49,200,67.41,63.0,71.0,31.8,24.0,40.0,2520484.6109277345,557468.21875,3148822.25,22.525,19.0,26.0,0.30079055644571784,0.27373455464839935,0.32761572301387787,0.2575,0.0,0.5
3,borda,canonical,50,200,68.19,62.75,74.0,32.245,25.0,39.0,2859925.4617822263,573701.453125,3400291.25,22.39,19.0,26.0,0.30438384622335435,0.27797023952007294,0.33290935307741165,0.32625,0.25,0.5
3,borda,canonical,51,200,67.405,61.75,73.0,32.53,25.0,39.0,3196774.2453271486,642429.578125,3841216.0625,22.56,19.0,26.0,0.3028948924690485,0.27383724600076675,0.32682914286851883,0.3225,0.0,0.5
3,borda,canonical,52,200,67.835,63.0,72.0,32.745,25.0,39.25,3567680.0498291017,665978.578125,4279268.25,22.65,19.0,26.0,0.3013131057471037,0.27509990334510803,0.3314789980649948,0.29125,0.0,0.5
3,borda,canonical,53,200,67.955,63.0,73.0,32.985,25.0,40.0,4007116.140126953,701564.28125,4675061.0,22.595,19.0,25.0,0.3020523721724749,0.27322981506586075,0.3290560245513916,0.30625,0.0,0.5
3,borda,canonical,54,200,67.225,61.75,73.0,33.195,25.0,40.0,4487032.996894531,758648.1875,5168889.25,22.605,19.0,25.0,0.301074256002903,0.2751060575246811,0.32499512284994125,0.28375,0.0,0.5
3,borda,canonical,55,200,67.625,62.0,72.25,33.46,25.0,40.25,4994918.801767578,810478.34375,5734629.375,22.365,19.0,25.0,0.30200052849948406,0.2748062312602997,0.3236889988183975,0.28875,0.0,0.5
3,borda,canonical,56,200,66.855,61.0,72.25,33.655,26.0,41.0,5621148.956162109,911121.609375,5943914.5,22.555,20.0,25.0,0.301985320597887,0.2748274579644203,0.3257952407002449,0.30125,0.0,0.5
3,borda,canonical,57,200,67.0,61.0,72.25,33.83,25.75,41.0,6261144.336601563,997862.578125,6613725.5,22.395,19.0,25.0,0.3033626226335764,0.2770003154873848,0.32956551760435104,0.3225,0.25,0.5
3,borda,canonical,58,200,68.145,63.0,73.0,34.105,25.0,41.0,7010382.932490234,1087204.84375,7359587.0,22.53,19.0,25.0,0.3020658578723669,0.274298831820488,0.3298737108707428,0.30375,0.0,0.5
3,borda,canonical,59,200,66.78,61.0,72.25,34.335,25.75,42.0,7839600.439648437,1190360.15625,8673757.75,22.55,19.0,25.0,0.30233847044408324,0.2746649906039238,0.32907553017139435,0.30375,0.0,0.5
3,borda,canonical,60,200,67.01,62.0,73.0,34.565,26.0,42.0,8840570.486328125,1357286.90625,9369557.75,22.5,19.75,25.0,0.30309266798198226,0.27841242402791977,0.3326590284705162,0.275,0.0,0.5
3,borda,canonical,61,200,67.605,63.0,72.25,34.75,26.0,42.0,9986556.18841797,1476201.09375,10144053.5,22.655,19.0,25.25,0.30401104018092157,0.27826930582523346,0.3333810940384865,0.3,0.0,0.5
3,borda,canonical,62,200,67.2,62.0,73.0,34.98,26.75,42.25,11290279.43836914,1618506.625,11171534.0,22.875,20.0,26.0,0.3018739099800587,0.269945465028286,0.3294328898191452,0.2875,0.0,0.5
3,borda,canonical,63,200,67.63,62.0,73.0,35.25,27.0,42.0,12868497.714667968,1717941.75,12860136.5,23.115,20.0,26.0,0.30110609374940395,0.27471767365932465,0.33016549050807953,0.275,0.0,0.5
3,borda,canonical,64,200,67.45,61.75,73.0,35.43,27.75,42.25,14643787.903007813,1943926.0625,14101647.25,23.0,20.0,26.0,0.3023237021267414,0.27783457189798355,0.3333500996232033,0.2825,0.0,0.5
3,borda,canonical,65,200,67.48,61.0,74.0,35.64,27.75,43.0,16491115.524140624,2165637.25,15147372.75,22.83,20.0,26.0,0.30392722226679325,0.2750926837325096,0.3333512246608734,0.3075,0.1875,0.5
3,borda,canonical,66,200,67.365,62.0,74.0,35.875,27.75,43.25,18648153.723183595,2270120.875,16728466.0,22.85,20.0,26.0,0.30253912933170796,0.27661364525556564,0.33259739726781845,0.29875,0.25,0.5
3,borda,canonical,67,200,67.01,61.0,73.0,36.06,28.0,44.0,21209384.83515625,2333292.6875,18861924.0,22.955,20.0,26.0,0.3013646106421948,0.2728530988097191,0.3351026549935341,0.305,0.25,0.5
3,borda,canonical,68,200,67.295,62.0,72.25,36.315,28.0,44.0,24215134.406132814,2558421.5625,20961220.0,22.74,19.0,26.0,0.3006250835955143,0.2735048085451126,0.33091670274734497,0.2925,0.0,0.5
3,borda,canonical,69,200,66.81,60.75,73.0,36.57,28.0,45.0,27384325.766933594,2834502.625,23649953.0,22.66,19.0,26.0,0.3001769118756056,0.26578544825315475,0.33251237124204636,0.29375,0.0,0.5
3,borda,canonical,70,200,67.565,61.0,73.0,36.755,28.0,46.0,31454475.215507813,3141384.5625,26134822.0,22.725,20.0,26.0,0.2999224177747965,0.27308017015457153,0.3303477391600609,0.29,0.0,0.5
3,borda,canonical,71,200,66.825,61.0,72.25,36.935,28.0,45.25,36152934.36824219,3402549.0,30003991.5,22.97,20.0,26.0,0.29895548775792125,0.27230192720890045,0.32904307544231415,0.30625,0.25,0.5
3,borda,canonical,72,200,67.265,62.0,73.0,37.125,28.0,46.0,41924367.79119141,3717259.375,34664119.0,23.175,20.0,26.0,0.29659908890724185,0.2712200656533241,0.3268609493970871,0.2925,0.0,0.5
3,borda,canonical,73,200,66.81,61.0,73.0,37.25,28.75,46.0,47812425.717617184,3831442.25,40040818.0,23.24,19.0,26.25,0.29578940719366076,0.2682459428906441,0.3262478709220886,0.305,0.25,0.5
3,borda,canonical,74,200,68.05,62.75,73.25,37.4,28.75,47.0,55055118.119824216,4248246.125,44385050.0,23.195,19.0,26.25,0.2958984979987144,0.2677883878350258,0.3239044100046158,0.28375,0.0,0.5
3,borda,canonical,75,200,67.265,61.0,73.25,37.665,29.0,47.0,63085526.09435547,4847403.0,50978045.0,22.95,19.75,26.0,0.2973146539926529,0.27375025302171707,0.32669318467378616,0.3025,0.25,0.5
3,borda,canonical,76,200,66.975,60.75,73.25,37.79,28.0,47.0,72198440.4119336,5187314.875,58735483.0,22.895,19.0,26.0,0.29843980237841605,0.2741274759173393,0.32686179876327515,0.29375,0.0,0.5
3,borda,canonical,77,200,67.115,60.0,73.0,37.875,28.0,47.0,81989123.43544921,5939284.0,63416705.0,22.85,19.0,25.0,0.29977445140480996,0.274263933300972,0.3295760825276375,0.30875,0.0,0.5
3,borda,canonical,78,200,67.36,61.0,73.0,38.03,28.0,47.0,93664918.78503907,6590655.25,70238198.0,22.61,19.0,26.0,0.29991567857563495,0.27431657910346985,0.33026064187288284,0.29,0.0,0.5
3,borda,canonical,79,200,67.61,61.0,74.0,38.205,28.75,47.25,107085978.29851562,7378371.5,82692198.0,22.675,19.0,25.0,0.30163699939846994,0.27266184985637665,0.3315405324101448,0.32625,0.25,0.5
3,borda,canonical,80,200,67.06,61.0,74.0,38.38,28.75,48.0,122508969.50496094,8073109.875,88151402.0,22.755,19.0,26.0,0.30022886604070664,0.2739032506942749,0.32860124856233597,0.29125,0.0,0.5
3,borda,canonical,81,200,66.93,61.0,74.0,38.425,28.0,48.0,140833682.6386328,8756489.25,98915898.0,22.605,19.0,26.0,0.30114852882921694,0.2721204310655594,0.32932887226343155,0.28875,0.0,0.5
3,borda,canonical,82,200,67.075,60.75,73.0,38.67,28.75,48.25,160006744.5161328,9808705.25,111641430.0,22.47,19.0,25.0,0.30195543326437474,0.27354731410741806,0.3322717100381851,0.305,0.0,0.5
3,borda,canonical,83,200,66.84,60.0,73.25,38.805,29.0,48.25,183105472.28003907,10467336.5,126116334.0,22.34,19.0,25.0,0.3029626740515232,0.27580074220895767,0.3308357372879982,0.2975,0.0,0.5
3,borda,canonical,84,200,67.145,59.75,73.0,38.975,28.75,49.0,209908964.86320314,11518613.25,144194972.0,22.545,20.0,25.0,0.30205486953258515,0.27637334913015366,0.3287993296980858,0.33125,0.25,0.5
3,borda,canonical,85,200,66.865,60.0,73.0,39.11,28.75,50.0,240447362.563125,12686856.25,165535120.0,22.71,19.0,26.0,0.3022628290206194,0.2710680589079857,0.3332373723387718,0.2875,0.0,0.5
3,borda,canonical,86,200,67.54,61.0,74.0,39.215,28.75,49.25,277160207.7686719,13841026.75,186626364.0,22.655,19.0,26.0,0.3033979354053736,0.2733468860387802,0.33167564868927,0.29625,0.25,0.5
3,borda,canonical,87,200,67.205,60.0,74.0,39.38,28.75,50.0,322986483.7821875,15318755.25,207511144.0,22.975,20.0,26.0,0.30167475260794163,0.27454038709402084,0.32809241116046906,0.3075,0.25,0.5
3,borda,canonical,88,200,66.92,61.0,73.0,39.565,28.75,50.0,375346437.318125,17352413.0,234920292.0,23.045,19.0,26.0,0.3011013893038034,0.272139810025692,0.3280182033777237,0.275,0.0,0.5
3,borda,canonical,89,200,66.975,60.0,73.0,39.725,29.0,50.0,433873982.48976564,19399774.0,266383980.0,23.125,20.0,26.0,0.300063099116087,0.2752825394272804,0.32314351946115494,0.29625,0.0,0.5
3,borda,canonical,90,200,67.015,60.0,73.25,39.875,29.0,50.0,503215222.3690625,21648358.5,293624536.0,23.25,20.0,27.0,0.2992921996116638,0.265992633998394,0.32347165048122406,0.315,0.25,0.5
3,borda,canonical,91,200,66.985,60.0,73.0,40.105,30.0,50.0,588264549.9453125,23982259.0,330243360.0,23.195,20.0,27.0,0.2983025110512972,0.272604763507843,0.32331427186727524,0.2825,0.0,0.5
3,borda,canonical,92,200,66.575,59.0,73.0,40.245,31.0,51.0,675575748.851875,26310129.0,369358184.0,23.185,19.75,26.0,0.2985374237596989,0.2746011018753052,0.32332777976989746,0.295,0.0,0.5
3,borda,canonical,93,200,66.855,60.0,73.25,40.435,31.0,50.25,763145353.9875,28597847.0,408374288.0,23.295,19.0,26.0,0.29727065287530424,0.2682424932718277,0.32509177923202515,0.26375,0.0,0.5
3,borda,canonical,94,200,67.25,61.0,74.0,40.56,32.0,50.25,846801492.6610937,30855981.0,469122816.0,23.315,20.0,26.0,0.2972568535804749,0.2696652337908745,0.3258648067712784,0.31875,0.25,0.5
3,borda,canonical,95,200,66.805,60.0,73.0,40.74,31.75,50.25,966007093.9275,33456752.5,517253104.0,23.17,20.0,26.0,0.2950004480034113,0.2656191363930702,0.3209925517439842,0.275,0.0,0.5
3,borda,canonical,96,200,67.115,60.0,74.0,40.845,32.0,51.0,1112233677.5053124,35905996.0,632103648.0,23.05,20.0,26.0,0.2954725752770901,0.2674935311079025,0.3223726376891136,0.275,0.0,0.5
3,borda,canonical,97,200,67.0,59.0,74.0,41.03,32.0,50.25,1262471773.97625,38681958.0,717021904.0,23.01,19.0,26.0,0.29688597433269026,0.2707844004034996,0.3245904967188835,0.285,0.0,0.5
3,borda,canonical,98,200,66.61,60.0,72.0,41.235,32.0,51.0,1431361329.781875,41840049.0,765664000.0,23.16,20.0,26.0,0.29777237460017203,0.26863759756088257,0.3275492861866951,0.29,0.0,0.5
3,borda,canonical,99,200,67.505,61.0,74.0,41.34,32.0,51.0,1639520146.8465624,43991222.0,812991760.0,22.94,20.0,26.0,0.2990379687398672,0.27048662304878235,0.3274032175540924,0.265,0.0,0.5
3,borda,canonical,100,200,67.24,60.0,75.0,41.515,32.0,51.0,1861770519.16375,47176182.0,959200816.0,22.59,19.0,25.25,0.30031176827847955,0.27395619451999664,0.3311895877122879,0.3,0.1875,0.5
3,borda,canonical,101,200,66.865,60.0,73.25,41.555,32.0,51.0,2142279877.6575,47614525.0,1013220160.0,22.515,19.0,25.0,0.3019271257519722,0.2741355001926422,0.3342774882912636,0.30125,0.1875,0.5
3,borda,canonical,102,200,66.85,60.0,74.25,41.66,32.0,51.0,2472524599.736875,52319699.0,1179579168.0,22.625,19.0,25.0,0.3017125467956066,0.27227071672677994,0.3330121263861656,0.31625,0.25,0.5
3,borda,canonical,103,200,66.6,59.75,74.0,41.715,32.75,51.0,2857444735.230625,57959654.0,1313137376.0,22.725,19.0,25.0,0.3006438295543194,0.27227233350276947,0.3284524604678154,0.27625,0.0,0.5
3,borda,canonical,104,200,67.01,60.0,73.0,41.855,32.0,51.0,3252577571.085625,67296649.0,1518461248.0,22.615,19.0,25.0,0.30151712968945504,0.272110715508461,0.33254191279411316,0.3325,0.0,0.5
3,borda,canonical,105,200,67.11,61.0,74.0,41.895,32.0,51.25,3750255486.81125,77391742.0,1720361792.0,22.72,19.0,25.0,0.2983531005680561,0.27092693746089935,0.3275213837623596,0.29875,0.25,0.5
3,borda,canonical,106,200,66.51,58.0,74.0,42.09,32.0,52.0,4280500819.878125,86443558.0,2003068512.0,22.57,19.0,25.0,0.30073695473372936,0.27281229197978973,0.3281351998448372,0.31875,0.25,0.5
3,borda,canonical,107,200,66.395,58.75,74.0,42.185,32.75,52.0,4906270162.640625,91363874.0,2178514624.0,22.67,19.75,25.0,0.30004424549639225,0.2729719877243042,0.3285975828766823,0.3225,0.25,0.5
3,borda,canonical,108,200,67.205,61.0,74.0,42.29,32.0,52.0,5652428854.620625,105218930.0,2526313984.0,22.9,20.0,25.25,0.29938835836946964,0.27207937836647034,0.3262253776192665,0.305,0.0,0.5
3,borda,canonical,109,200,67.505,61.0,75.0,42.405,33.0,52.0,6331601944.75625,116004830.0,2780328384.0,22.825,19.0,26.0,0.3000407299399376,0.27398334443569183,0.3298000991344452,0.32875,0.0,0.5
3,borda,canonical,110,200,66.755,60.0,73.25,42.48,33.0,52.25,7062619959.65,125387526.0,3049585152.0,22.78,20.0,25.25,0.29859743162989616,0.2772139832377434,0.3247600197792053,0.305,0.0,0.5
3,borda,canonical,111,200,66.98,60.0,73.25,42.71,34.0,52.25,8036708331.1525,139345928.0,3366844288.0,22.595,19.0,25.0,0.29954917140305043,0.27894342690706253,0.3235829770565033,0.295,0.0,0.5
3,borda,canonical,112,200,67.235,60.0,74.0,42.82,34.0,53.0,8996192046.524376,142886852.0,3791508032.0,22.7,19.0,26.0,0.2997393413633108,0.2769198790192604,0.3256652429699898,0.3125,0.25,0.5
3,borda,canonical,113,200,66.85,59.0,74.0,43.02,35.0,53.0,10016817768.778126,159288728.0,4239019840.0,22.76,19.0,25.0,0.3001208564639091,0.276551328599453,0.32747749984264374,0.30375,0.0,0.5
3,borda,canonical,114,200,66.28,59.0,73.0,43.26,34.0,53.0,11041784719.6225,177444784.0,4947169408.0,22.925,19.75,26.0,0.30095826752483845,0.2720506936311722,0.3267558440566063,0.34,0.25,0.5
3,borda,canonical,115,200,66.73,59.0,74.0,43.39,34.0,53.0,12249064139.143126,201373412.0,5749811200.0,23.095,20.0,26.0,0.29976562835276127,0.271928071975708,0.32292862981557846,0.33125,0.1875,0.5
3,borda,canonical,116,200,66.895,59.0,73.0,43.48,34.0,53.0,13555633741.33875,209596120.0,6538475904.0,22.945,20.0,26.0,0.2999926371127367,0.2717921808362007,0.325344480574131,0.32875,0.25,0.5
3,borda,canonical,117,200,66.565,60.0,74.0,43.64,34.0,53.0,15247622865.1375,207468788.0,7711846528.0,22.835,20.0,25.0,0.3011039352416992,0.272368386387825,0.32732053846120834,0.31375,0.25,0.5
3,borda,canonical,118,200,66.82,59.0,75.0,43.825,35.0,53.0,17316300304.356876,236556224.0,8601606400.0,22.76,19.0,25.25,0.30103312864899634,0.27144529670476913,0.3302018642425537,0.31375,0.0,0.5
3,borda,canonical,119,200,66.61,60.0,74.0,43.945,34.0,53.0,19618436196.015,245139680.0,9530184448.0,22.785,19.0,25.25,0.30196176819503306,0.27225860208272934,0.3295429199934006,0.3175,0.25,0.5
3,borda,canonical,120,200,66.86,60.0,74.0,44.025,34.75,53.25,22227960326.145,274468220.0,10721432320.0,22.87,19.0,26.0,0.30145658619701865,0.2705128937959671,0.3300403580069542,0.3025,0.0,0.5
3,borda,canonical,121,200,66.965,60.0,74.0,44.195,35.0,54.0,25318186600.50375,307075920.0,11692900864.0,22.915,19.0,26.0,0.3009177093207836,0.26869426667690277,0.32870182394981384,0.29375,0.0,0.5
3,borda,canonical,122,200,66.8,59.0,74.0,44.265,34.0,54.0,29163195887.29375,355495176.0,13890925056.0,22.92,19.0,26.0,0.30174245066940786,0.26994913816452026,0.33016373962163925,0.29125,0.0,0.5
3,borda,canonical,123,200,66.445,59.0,74.0,44.335,35.0,54.0,32942342942.12625,399475128.0,16269923584.0,23.13,20.0,26.0,0.3019537999480963,0.27645546197891235,0.32726355642080307,0.32,0.1875,0.5
3,borda,canonical,124,200,66.51,60.0,74.0,44.415,35.0,54.25,38036182853.2575,457629824.0,18045269504.0,23.375,20.0,26.0,0.2999348530173302,0.2696356400847435,0.32694512605667114,0.2875,0.0,0.5
3,borda,canonical,125,200,66.51,60.0,74.0,44.49,35.0,55.0,43457930037.76875,518015056.0,20082861056.0,23.37,20.0,26.0,0.3015277601033449,0.27232638001441956,0.3305180296301842,0.265,0.0,0.5
3,borda,canonical,126,200,66.755,59.0,74.0,44.525,35.0,55.0,49400626288.4425,512976216.0,22558395904.0,23.445,20.0,26.0,0.3024278576672077,0.2709669768810272,0.33239736407995224,0.31125,0.0,0.5
3,borda,canonical,127,200,66.335,60.0,74.0,44.62,35.0,54.25,55678690364.05125,579261776.0,26411262976.0,23.365,20.0,26.25,0.3020271871984005,0.2770468443632126,0.33291492611169815,0.30875,0.25,0.5
3,borda,canonical,128,200,66.665,60.0,74.25,44.82,35.0,55.0,62960324424.52875,660343152.0,30068447232.0,23.5,20.0,27.0,0.30244584411382675,0.27314411848783493,0.33133774250745773,0.33,0.25,0.5
3,borda,canonical,129,200,65.84,58.0,74.0,44.96,35.75,55.0,71058023163.02126,681482480.0,34230824448.0,23.695,20.0,27.0,0.3016437312960625,0.2727819234132767,0.3303370028734207,0.31875,0.0,0.5
3,borda,canonical,130,200,66.435,60.0,74.0,45.145,35.75,55.0,80411368609.99,778508992.0,37397177344.0,23.55,20.0,27.0,0.30282983504235744,0.27120890468358994,0.3332366943359375,0.33125,0.0,0.5
3,borda,canonical,131,200,66.285,58.75,73.25,45.35,36.0,55.0,90138220337.0775,884888528.0,38868709376.0,23.645,21.0,26.0,0.30116496220231054,0.2732565253973007,0.33351606875658035,0.29625,0.0,0.5
3,borda,canonical,132,200,66.4,60.0,74.0,45.485,36.0,55.0,104173263665.4725,947764384.0,41115018240.0,23.545,20.0,26.25,0.3017636989802122,0.2693798765540123,0.33224301785230637,0.285,0.0,0.5
3,borda,canonical,133,200,66.275,59.0,73.25,45.685,36.0,55.25,120300486556.33,1102486880.0,46761069568.0,23.495,20.0,27.0,0.30205189175903796,0.27230898290872574,0.3314071521162987,0.31,0.0,0.5
3,borda,canonical,134,200,66.64,60.0,75.0,45.825,36.0,56.0,138978612583.07,1121450048.0,50253047808.0,23.72,20.0,27.0,0.2998811058700085,0.26971980184316635,0.32988645136356354,0.3,0.0,0.5
3,borda,canonical,135,200,66.26,58.0,74.0,45.965,36.0,55.25,158357402133.955,1239803264.0,59913773056.0,23.63,20.0,27.0,0.30083906076848504,0.2751968801021576,0.3283098265528679,0.30375,0.0,0.5
3,borda,canonical,136,200,66.555,59.0,75.0,45.96,36.0,55.25,177078634827.195,1361876896.0,66793933824.0,23.63,21.0,26.0,0.30039766415953634,0.27259381115436554,0.3319972902536392,0.29375,0.0,0.5
3,borda,canonical,137,200,66.875,59.0,75.25,46.045,36.0,55.0,194618637677.3875,1412261152.0,74385498112.0,23.46,20.0,26.0,0.2995597102493048,0.2715879827737808,0.3305673599243164,0.3,0.0,0.5
3,borda,canonical,138,200,66.895,60.0,74.0,46.075,36.0,55.0,218645112780.0975,1503407488.0,84976635904.0,23.585,20.0,26.0,0.2983483126014471,0.27213727682828903,0.3268638104200363,0.2925,0.0,0.5
3,borda,canonical,139,200,66.555,59.0,73.0,46.17,36.0,55.0,247614106671.865,1616920736.0,89109270528.0,23.685,21.0,26.0,0.298660479336977,0.27158769965171814,0.3267750069499016,0.30875,0.25,0.5
3,borda,canonical,140,200,66.5,60.0,74.0,46.18,36.0,55.0,279938083663.685,1813603488.0,95348305920.0,23.525,20.0,27.0,0.2987225072830915,0.273440346121788,0.32486119121313095,0.285,0.0,0.5
3,borda,canonical,141,200,66.135,59.0,74.25,46.25,36.0,55.0,318448714884.235,2094925856.0,99759872000.0,23.315,20.0,26.0,0.30074209250509737,0.2770455554127693,0.3295985981822014,0.2825,0.0,0.5
3,borda,canonical,142,200,66.615,58.0,75.0,46.275,36.0,55.0,364447310393.695,2206353600.0,112743079936.0,23.03,20.0,26.0,0.30273644015192985,0.27513882517814636,0.32960379123687744,0.3075,0.25,0.5
3,borda,canonical,143,200,66.49,58.75,74.0,46.27,36.0,55.0,411093668437.96,2439344128.0,127397857280.0,22.91,20.0,26.0,0.3040693376213312,0.27704859524965286,0.33428414165973663,0.30875,0.25,0.5
3,borda,canonical,144,200,66.56,59.75,74.0,46.28,36.0,56.0,466494256673.81,2842043904.0,144657743872.0,22.885,19.0,26.0,0.3043949627131224,0.27985256165266037,0.33152128010988235,0.31125,0.0,0.5
3,borda,canonical,145,200,66.275,59.0,73.0,46.32,36.0,56.0,520274883820.2,2801555392.0,170719223808.0,23.11,20.0,26.0,0.304071951508522,0.2820553481578827,0.3319428786635399,0.285,0.0,0.5
3,borda,canonical,146,200,66.905,59.0,74.0,46.38,36.0,56.0,594740479818.75,3314971008.0,190924550144.0,22.97,20.0,26.0,0.3035743534564972,0.27802958339452744,0.3271153196692467,0.295,0.0,0.5
3,borda,canonical,147,200,66.33,58.75,74.0,46.47,36.75,56.25,671744670212.34,3627590848.0,226538414080.0,23.085,19.0,26.25,0.30255615696310995,0.27757730334997177,0.32752710580825806,0.285,0.0,0.5
3,borda,canonical,148,200,66.355,59.0,74.0,46.56,36.75,57.0,761249716843.26,4083521472.0,274404212736.0,23.25,19.75,26.0,0.3031492704898119,0.2793821468949318,0.32996325194835663,0.3,0.0,0.5
3,borda,canonical,149,200,66.865,59.0,75.0,46.655,36.75,57.0,880240933723.4,4619804416.0,296965357568.0,23.605,20.0,27.0,0.3026606488972902,0.2787625193595886,0.3291623592376709,0.3,0.0,0.5
3,borda,canonical,150,200,66.25,58.75,75.0,46.68,36.0,57.0,988521435965.62,5011647616.0,347697717248.0,23.695,20.0,26.0,0.3009206268191338,0.2762235701084137,0.3258137181401253,0.2775,0.0,0.5
3,borda,canonical,151,200,66.695,59.0,75.0,46.765,37.0,57.0,1118937592629.72,5248598272.0,332100100096.0,23.58,20.0,27.0,0.3013798298686743,0.2777523994445801,0.32958246022462845,0.2975,0.0,0.5
3,borda,canonical,152,200,66.515,59.0,75.0,46.865,37.0,57.25,1263369647784.24,6022844928.0,364524118016.0,23.83,21.0,27.0,0.30137856423854825,0.2786179631948471,0.3280496746301651,0.28375,0.0,0.5
3,borda,canonical,153,200,66.51,58.0,74.25,46.94,36.75,57.25,1427141041960.32,6443776640.0,379352252416.0,23.94,20.0,27.0,0.301636118888855,0.2769607603549957,0.3294220492243767,0.33,0.25,0.5
3,borda,canonical,154,200,66.645,59.0,75.0,46.95,37.0,57.0,1594541089386.84,7022856832.0,440176001024.0,23.9,21.0,27.0,0.29988506592810155,0.2756621390581131,0.3264172077178955,0.32875,0.25,0.5
3,borda,canonical,155,200,66.485,58.75,75.0,47.05,37.0,57.0,1795043767024.72,7934470784.0,493276749824.0,23.625,21.0,27.0,0.2991319217532873,0.27117475122213364,0.327697217464447,0.3125,0.25,0.5
3,borda,canonical,156,200,66.365,58.0,75.0,47.07,37.0,57.0,2089040570823.36,8642844800.0,570595049472.0,23.51,20.0,27.0,0.29971777729690074,0.274382047355175,0.3279509097337723,0.2975,0.0,0.5
3,borda,canonical,157,200,66.28,59.0,74.25,47.135,37.0,57.0,2362055891320.56,9639348736.0,639331172352.0,23.72,20.0,27.0,0.2992588371783495,0.27429474890232086,0.3204455077648163,0.29125,0.0,0.5
3,borda,canonical,158,200,66.495,58.0,75.0,47.175,37.0,57.0,2674504810773.84,10898892288.0,673258127360.0,23.665,20.0,27.0,0.29802789241075517,0.2753656730055809,0.3233021944761276,0.305,0.0,0.5
3,borda,canonical,159,200,66.175,58.0,74.0,47.225,38.0,57.0,2966173280691.12,12197972736.0,788351680512.0,23.635,20.0,27.0,0.29823835007846355,0.2741715535521507,0.3223614990711212,0.30125,0.0,0.5
3,borda,canonical,160,200,66.485,58.0,75.0,47.23,38.0,56.25,3436675001112.48,13640057600.0,869477335040.0,23.585,20.0,27.0,0.29874258987605573,0.2714286744594574,0.32259024679660797,0.31875,0.1875,0.5
3,borda,canonical,161,200,66.12,58.0,74.0,47.245,37.75,56.25,3966450383479.84,15582629632.0,998297862144.0,23.28,20.0,26.0,0.30045001946389677,0.27599483728408813,0.3267020359635353,0.31875,0.0,0.5
3,borda,canonical,162,200,66.265,58.0,75.25,47.255,37.75,57.0,4352953312148.96,16584085760.0,1139542196224.0,23.355,20.0,26.0,0.29912060536444185,0.27155934274196625,0.32487834244966507,0.30625,0.0,0.5
3,borda,canonical,163,200,65.84,58.0,75.0,47.245,37.75,57.0,5100172712574.24,19107111936.0,1327909339136.0,23.125,20.0,26.0,0.3000641544163227,0.27501339465379715,0.32553840428590775,0.32625,0.25,0.5
3,borda,canonical,164,200,66.305,58.0,75.0,47.225,37.0,57.25,5659172234054.56,18916284928.0,1557378138112.0,23.42,20.0,26.0,0.2993145090341568,0.27441222965717316,0.3212716579437256,0.33875,0.25,0.5
3,borda,canonical,165,200,66.385,57.75,76.0,47.275,37.0,58.0,6367093270363.04,20676724224.0,1588857569280.0,23.525,20.0,26.0,0.29833008237183095,0.27256007492542267,0.32300838083028793,0.32125,0.25,0.5
3,borda,canonical,166,200,66.62,59.0,75.0,47.32,37.0,58.0,7202695685810.72,23013868544.0,1742695399424.0,23.455,19.75,26.0,0.29769925996661184,0.26847661286592484,0.3256421610713005,0.3325,0.25,0.5
3,borda,canonical,167,200,66.53,58.0,75.0,47.365,38.0,57.25,8450491045783.68,26433133568.0,1870884274176.0,23.61,20.0,27.0,0.297099087908864,0.26767054945230484,0.32143525779247284,0.32125,0.25,0.5
3,borda,canonical,168,200,66.16,58.0,75.0,47.435,38.0,57.25,9544771649345.28,28881692672.0,2116115562496.0,23.53,20.0,27.0,0.298149586468935,0.2721046730875969,0.32120155543088913,0.3425,0.25,0.5
3,borda,canonical,169,200,65.775,58.0,75.0,47.55,37.75,58.0,10782834596859.52,32048067072.0,2425128419328.0,23.42,20.0,26.25,0.29927669584751126,0.27827876061201096,0.32508429884910583,0.3275,0.25,0.5
3,borda,canonical,170,200,65.995,58.0,76.0,47.595,37.75,58.0,12006607385204.16,35436587520.0,2821670830080.0,23.585,20.0,27.0,0.2998186431825161,0.27208949625492096,0.3282322436571121,0.3125,0.0,0.5
3,borda,canonical,171,200,66.24,59.0,75.0,47.715,38.0,58.0,13106724743021.76,39254051840.0,3346468503552.0,23.525,20.0,26.0,0.2997269836068153,0.27315959334373474,0.3244962766766548,0.2975,0.0,0.5
3,borda,canonical,172,200,65.79,57.75,74.25,47.82,38.0,58.0,14968768603052.8,44120499200.0,3889474174976.0,23.57,20.0,27.0,0.30097785077989103,0.2762712463736534,0.3277624547481537,0.34125,0.25,0.5
3,borda,canonical,173,200,65.885,57.0,74.25,47.96,38.0,58.0,16341786883225.6,50161123328.0,4017521557504.0,23.76,20.75,26.25,0.29966651149094103,0.27354801446199417,0.3277105391025543,0.30875,0.0,0.5
3,borda,canonical,174,200,65.995,58.75,75.0,48.125,38.75,58.0,18436066982004.48,53199830016.0,4484164354048.0,23.735,20.0,27.0,0.3000489791482687,0.2732483819127083,0.33022256940603256,0.2875,0.0,0.5
3,borda,canonical,175,200,66.15,58.0,74.0,48.18,39.0,58.0,20840468593015.04,56362136576.0,5290484695040.0,23.685,20.0,27.0,0.30024077884852884,0.2744569629430771,0.3286680728197098,0.31875,0.25,0.5
3,borda,canonical,176,200,65.865,58.0,75.0,48.245,39.0,58.0,23896480413768.32,60984328192.0,5828334190592.0,23.655,20.0,27.0,0.29906614646315577,0.26779159158468246,0.3274875655770302,0.2775,0.0,0.5
3,borda,canonical,177,200,66.19,58.0,74.25,48.285,39.0,58.0,27303627370647.04,67699588096.0,6511543582720.0,23.37,20.0,26.0,0.3008158352971077,0.27262672036886215,0.3314834535121918,0.30625,0.0,0.5
3,borda,canonical,178,200,65.62,57.0,74.25,48.3,39.0,58.0,30660993451802.88,74462455808.0,7255303913472.0,23.5,20.0,27.0,0.30028365068137647,0.2673962339758873,0.33433400839567184,0.31625,0.0,0.5
3,borda,canonical,179,200,65.765,57.0,74.0,48.365,39.0,58.0,35073872176894.08,85105405952.0,7814665076736.0,23.66,20.0,27.0,0.2990732951462269,0.2673758268356323,0.3324524834752083,0.29375,0.0,0.5
3,borda,canonical,180,200,65.955,58.0,75.0,48.34,39.0,58.0,40241060562251.52,97769588736.0,7663200501760.0,23.52,20.0,26.0,0.3004161730408669,0.27119530737400055,0.3337693586945534,0.315,0.25,0.5
3,borda,canonical,181,200,65.955,57.0,74.0,48.43,39.75,58.25,45957126481858.56,106046117888.0,8497700536320.0,23.61,20.0,26.0,0.2996999254077673,0.2709222733974457,0.3286130055785179,0.2875,0.0,0.5
3,borda,canonical,182,200,65.695,58.0,74.0,48.53,39.75,58.0,51211944540419.84,111502587904.0,9719027335168.0,23.45,20.0,26.25,0.3012526585906744,0.2754893824458122,0.32819028943777084,0.29125,0.0,0.5
3,borda,canonical,183,200,65.64,57.0,75.0,48.625,40.0,59.0,59325891307847.68,120615157760.0,11385083527168.0,23.29,20.0,26.0,0.30131013967096804,0.2742934599518776,0.32864080369472504,0.3175,0.1875,0.5
3,borda,canonical,184,200,66.25,58.0,75.25,48.69,39.75,59.0,67364110501967.36,135331831808.0,13678883897344.0,23.37,20.0,26.0,0.3000877936184406,0.2718898877501488,0.32687079161405563,0.295,0.0,0.5
3,borda,canonical,185,200,66.055,57.0,74.0,48.75,40.0,58.0,79037330764207.36,151005999104.0,14383007924224.0,23.29,19.0,27.0,0.30025460228323936,0.26940833032131195,0.3286415636539459,0.3125,0.0,0.5
3,borda,canonical,186,200,66.125,58.75,75.25,48.74,40.0,58.0,89973494119622.4,159781834752.0,16844260900864.0,23.445,19.0,27.0,0.2995323571562767,0.2743373066186905,0.3246540054678917,0.31875,0.0,0.5
3,borda,canonical,187,200,66.205,57.75,74.25,48.805,41.0,58.0,103916725104388.48,171513602048.0,19718395658240.0,23.76,19.0,27.0,0.29809575200080873,0.2717459425330162,0.3229723200201988,0.30375,0.25,0.5
3,borda,canonical,188,200,65.91,57.0,74.0,48.82,41.0,58.0,119080204079565.44,185531203584.0,19759032172544.0,23.74,20.0,27.25,0.2992060035467148,0.2740250453352928,0.325292706489563,0.3075,0.25,0.5
3,borda,canonical,189,200,66.23,58.0,75.25,48.775,41.0,58.0,137065946593704.31,205267132416.0,23954598658048.0,23.435,20.0,27.0,0.30064085029065607,0.2725338339805603,0.32678742706775665,0.28875,0.0,0.5
3,borda,canonical,190,200,66.05,57.0,74.0,48.83,41.0,58.0,155732638216112.62,233944690688.0,26579658342400.0,23.56,20.0,27.0,0.29935519620776174,0.2723650559782982,0.32526660710573196,0.31125,0.0,0.5
3,borda,canonical,191,200,65.68,57.75,74.25,48.855,41.0,58.0,177819931085307.53,262191575040.0,31877431296000.0,23.78,21.0,27.0,0.2986171482503414,0.27273035794496536,0.3238205909729004,0.31125,0.1875,0.5
3,borda,canonical,192,200,65.99,58.0,74.25,48.885,41.0,58.0,201224607311552.62,284105129984.0,37262511308800.0,23.69,20.0,27.0,0.30064864896237853,0.2772253155708313,0.32495803385972977,0.31,0.0,0.5
3,borda,canonical,193,200,65.93,58.0,74.25,48.895,41.0,58.0,233780492174669.44,311245963264.0,40199051542528.0,23.715,20.0,27.0,0.3022330264002085,0.2795935273170471,0.32830435037612915,0.31875,0.0,0.5
3,borda,canonical,194,200,65.69,58.0,75.0,48.885,40.75,57.25,267485780295774.72,346881400832.0,42360171921408.0,23.54,20.0,26.0,0.30331790409982207,0.2854810506105423,0.32727067172527313,0.305,0.0,0.5
3,borda,canonical,195,200,65.51,56.0,75.0,48.86,40.0,57.25,291197972831398.4,365427277824.0,48251228127232.0,23.495,20.0,26.0,0.302524538859725,0.28258711844682693,0.3266483247280121,0.33375,0.25,0.5
3,borda,canonical,196,200,65.73,57.0,75.0,48.885,40.0,58.0,321569774938474.9,397427073024.0,55992400216064.0,23.575,20.0,26.0,0.3022583041340113,0.2806719020009041,0.3273383527994156,0.30125,0.0,0.5
3,borda,canonical,197,200,65.94,57.0,74.25,48.845,40.0,58.0,349495966481089.94,421610586112.0,66264578916352.0,23.555,20.0,26.0,0.3040623776614666,0.2812820374965668,0.32984843850135803,0.3175,0.25,0.5
3,borda,canonical,198,200,66.025,58.0,75.25,48.88,40.0,58.0,375610666587791.4,469697257472.0,65888505036800.0,23.34,20.0,27.0,0.30545529916882513,0.2831004038453102,0.33539339900016785,0.3325,0.25,0.5
3,borda,canonical,199,200,65.43,59.0,74.0,48.925,40.0,58.0,395848210446684.2,530976915456.0,79365735972864.0,23.405,19.75,26.0,0.3048962303251028,0.27980007976293564,0.3312220275402069,0.3225,0.25,0.5
3,borda,canonical,200,200,65.685,56.75,73.0,48.92,40.0,58.0,437833116150956.2,593264918528.0,84583150256128.0,23.695,20.0,26.0,0.30207011073827744,0.2795601859688759,0.3248104304075241,0.32,0.25,0.5
3,borda,canonical,201,200,65.865,57.0,75.0,48.935,40.0,58.0,489499512794923.5,602064027648.0,95413264711680.0,23.82,20.0,27.0,0.3024319523572922,0.27596987038850784,0.3240671530365944,0.335,0.25,0.5
3,borda,canonical,202,200,65.64,57.0,75.0,48.93,40.75,58.0,510376870083770.9,678004211712.0,110569979904000.0,23.87,20.0,27.0,0.3009720826894045,0.2748216763138771,0.32359399646520615,0.31,0.1875,0.5
3,borda,canonical,203,200,65.95,57.0,74.0,48.915,40.0,58.0,566185974081524.5,794899152896.0,132593586536448.0,23.67,20.0,26.25,0.30170374669134614,0.2776753231883049,0.3245219960808754,0.29,0.0,0.5
3,borda,canonical,204,200,65.88,57.0,75.25,48.86,40.0,58.0,635562079729121.2,931930013696.0,134360363696128.0,23.68,19.75,27.0,0.30214052081108095,0.27555156499147415,0.3291655331850052,0.32875,0.25,0.5
3,borda,canonical,205,200,65.865,57.0,75.0,48.85,40.0,58.0,649017749362420.5,1079740203008.0,149306682114048.0,23.91,20.0,27.0,0.29916380524635316,0.2713255360722542,0.3269995450973511,0.33375,0.25,0.5
3,borda,canonical,206,200,65.83,57.0,76.0,48.81,40.0,58.25,733237485138059.5,1213472243712.0,179333528289280.0,23.975,20.0,27.0,0.2978523650765419,0.27072661370038986,0.32664209604263306,0.31375,0.25,0.5
3,borda,canonical,207,200,65.67,56.0,74.0,48.815,40.0,58.25,822645477092348.1,1347016065024.0,206961484234752.0,23.645,20.0,27.0,0.2984105464071035,0.2697601020336151,0.3224792182445526,0.32,0.25,0.5
3,borda,canonical,208,200,66.16,58.0,75.0,48.86,40.0,58.0,919900225295572.5,1460804059136.0,220906689396736.0,23.54,20.0,27.0,0.2977048223465681,0.26805462688207626,0.32235800474882126,0.315,0.25,0.5
3,borda,canonical,209,200,65.375,56.75,74.0,48.79,40.0,58.25,1020066842539563.5,1626991165440.0,252062520573952.0,23.425,20.0,26.25,0.29725043550133706,0.26928818225860596,0.32603560388088226,0.3075,0.25,0.5
3,borda,canonical,210,200,65.745,57.75,75.25,48.785,39.75,58.0,1136319255444400.8,1825987952640.0,299265435893760.0,23.28,20.0,27.0,0.2991787186264992,0.2754783108830452,0.326947957277298,0.2825,0.0,0.5
3,borda,canonical,211,200,66.0,58.0,75.25,48.8,39.0,58.0,1253940717137362.0,2005947908096.0,353495748182016.0,23.17,19.75,26.0,0.2992652951925993,0.2746759131550789,0.32860956341028214,0.32125,0.25,0.5
3,borda,canonical,212,200,65.395,57.0,74.0,48.825,39.0,58.0,1400847565237793.2,2276359634944.0,407382060433408.0,23.19,20.0,26.0,0.2987266740947962,0.277500256896019,0.3266504406929016,0.315,0.0,0.5
3,borda,canonical,213,200,65.475,57.75,74.25,48.84,39.75,58.0,1549069106994762.2,2505881747456.0,463240140161024.0,23.235,20.0,26.0,0.2985782188922167,0.27286389470100403,0.3277495875954628,0.315,0.25,0.5
3,borda,canonical,214,200,65.675,57.75,75.0,48.825,39.75,58.0,1731389615822013.5,2511706193920.0,523102882627584.0,23.38,20.0,26.0,0.29856113947927954,0.27266165614128113,0.32872845232486725,0.36625,0.25,0.5
3,borda,canonical,215,200,65.765,58.0,74.0,48.85,39.75,58.0,1979852411182447.2,2800812818432.0,543157469052928.0,23.375,19.75,26.25,0.29904570415616033,0.2674342095851898,0.32984502613544464,0.31875,0.0,0.5
3,borda,canonical,216,200,65.65,58.0,73.0,48.825,39.75,58.0,2225141015840629.8,3068065742848.0,575752772780032.0,23.155,19.0,26.0,0.3016872085630894,0.2695913761854172,0.3296535760164261,0.33,0.0,0.5
3,borda,canonical,217,200,65.775,56.75,75.0,48.885,39.75,58.0,2494981802768333.0,3445080719360.0,638234992312320.0,23.075,20.0,26.0,0.30265464797616004,0.26982874423265457,0.33045636117458344,0.32375,0.25,0.5
3,borda,canonical,218,200,65.87,58.0,74.25,48.92,40.0,58.0,2698607116376184.5,3809464483840.0,688718608334848.0,22.96,20.0,26.0,0.30423794463276865,0.2736854925751686,0.33333979547023773,0.3625,0.25,0.5
3,borda,canonical,219,200,65.515,57.0,74.25,48.94,40.0,58.0,3085017081066461.5,4253336600576.0,694054115344384.0,23.19,20.0,26.0,0.3033941989392042,0.27083006501197815,0.3335089161992073,0.3125,0.25,0.5
3,borda,canonical,220,200,66.125,56.75,74.25,49.02,40.0,58.0,3426608625453865.0,4299282251776.0,770610951094272.0,23.2,20.0,26.0,0.3028243289142847,0.2677794173359871,0.3350932002067566,0.3175,0.1875,0.5
3,borda,canonical,221,200,65.475,56.0,75.0,49.03,40.0,58.0,3941571041874739.0,4975128870912.0,867524757422080.0,23.17,19.0,26.25,0.303638508990407,0.26770883798599243,0.335178904235363,0.31375,0.25,0.5
3,borda,canonical,222,200,65.705,57.75,74.0,49.08,40.0,58.0,4589868777551543.0,5451228250112.0,1034378700390400.0,23.37,20.0,27.0,0.3008324289321899,0.2676785737276077,0.3277302607893944,0.3125,0.0,0.5
3,borda,canonical,223,200,65.46,57.0,74.0,49.115,40.75,58.25,5270081590954327.0,5837521289216.0,1180764020408320.0,23.535,20.0,27.0,0.29938131920993327,0.26506855338811874,0.3302263990044594,0.3375,0.25,0.5
3,borda,canonical,224,200,65.405,56.75,75.0,49.175,40.0,58.0,6004830950659361.0,6658398093312.0,1317133929676800.0,23.46,20.0,27.0,0.30011420242488385,0.26979998499155045,0.3323715180158615,0.30625,0.25,0.5
3,borda,canonical,225,200,65.77,57.0,75.0,49.19,40.75,58.0,6857030391960280.0,7528508424192.0,1557437047898112.0,23.355,20.0,26.25,0.30170176319777964,0.27257443964481354,0.33196360617876053,0.3025,0.25,0.5
3,borda,canonical,226,200,65.395,57.0,75.0,49.24,40.0,58.0,8031552392251713.0,8039456702464.0,1750569479831552.0,23.235,20.0,26.0,0.3018810603767633,0.2712562382221222,0.331454798579216,0.315,0.0,0.5
3,borda,canonical,227,200,65.735,57.0,75.0,49.265,40.0,58.0,9291102247915578.0,8942068432896.0,1966395847868416.0,23.44,20.0,27.0,0.3004397627711296,0.26947757601737976,0.32961565256118774,0.31875,0.25,0.5
3,borda,canonical,228,200,65.645,56.0,75.0,49.28,40.0,58.0,1.0651717929606568e+16,9590768271360.0,2177114157613056.0,23.585,21.0,26.0,0.2998885968327522,0.26685748994350433,0.3269701898097992,0.31,0.0,0.5
3,borda,canonical,229,200,65.745,57.0,74.0,49.34,40.0,58.25,1.2104749647699172e+16,10222946222080.0,2540476913680384.0,23.795,21.0,27.0,0.2989566859602928,0.2660922706127167,0.3297961801290512,0.31375,0.0,0.5
3,borda,canonical,230,200,65.165,56.0,74.25,49.375,40.75,58.0,1.4073776153130768e+16,11981092552704.0,2939720430518272.0,23.67,20.0,26.25,0.30005001924932,0.2751651480793953,0.3261237293481827,0.31125,0.25,0.5
3,borda,canonical,231,200,65.615,57.0,74.0,49.405,41.0,58.0,1.6338969898627344e+16,13136084598784.0,3375626325065728.0,23.945,21.0,27.0,0.298207823112607,0.26694804430007935,0.32956358790397644,0.31,0.0,0.5
3,borda,canonical,232,200,66.06,58.0,75.0,49.495,41.0,58.25,1.8599554930350384e+16,13458643877888.0,3810623901138944.0,23.805,21.0,27.0,0.2984136878699064,0.2668790817260742,0.3275620564818382,0.32,0.25,0.5
3,borda,canonical,233,200,65.78,57.0,75.0,49.53,41.0,58.0,2.1468438564285716e+16,14510683324416.0,4219470360870912.0,23.905,21.0,27.0,0.29761372491717336,0.26982612162828445,0.3273491859436035,0.28875,0.0,0.5
3,borda,canonical,234,200,65.73,57.75,75.0,49.59,41.0,58.0,2.4914691930266228e+16,15936956923904.0,4497318304808960.0,23.715,20.0,27.0,0.29793732553720476,0.2684222087264061,0.32698484510183334,0.32,0.0,0.5
3,borda,canonical,235,200,65.485,57.0,75.0,49.64,41.0,58.0,2.8826107250501252e+16,17899661557760.0,4904520463155200.0,23.685,20.0,26.0,0.29592120185494425,0.2678571417927742,0.32136353850364685,0.325,0.25,0.5
3,borda,canonical,236,200,65.255,55.0,75.0,49.675,41.0,58.0,3.341027582131951e+16,20106799742976.0,6051147076861952.0,23.95,20.0,27.0,0.2942423875629902,0.2678930312395096,0.32176919281482697,0.3075,0.25,0.5
3,borda,canonical,237,200,65.725,57.0,75.0,49.68,41.0,58.0,3.871721974182995e+16,22097995759616.0,7016293874008064.0,23.925,20.75,27.0,0.2960916344076395,0.2708548307418823,0.32340257614851,0.28875,0.0,0.5
3,borda,canonical,238,200,65.67,56.0,76.0,49.71,41.0,58.0,4.453922815609198e+16,24331613110272.0,8383740594094080.0,24.04,20.0,27.0,0.29621558137238024,0.2730431407690048,0.3251766338944435,0.28625,0.0,0.5
3,borda,canonical,239,200,65.645,57.0,75.0,49.715,41.0,58.0,5.146409027954176e+16,25853669933056.0,9489062909968384.0,24.28,20.75,27.0,0.2947217433899641,0.26988422870635986,0.32250872254371643,0.29375,0.0,0.5
3,borda,canonical,240,200,65.315,56.0,74.0,49.77,41.0,58.0,5.908844287687995e+16,25568283197440.0,1.0711879559151616e+16,24.405,21.0,27.0,0.29654472455382347,0.2706589624285698,0.32433222234249115,0.31,0.0,0.5
3,borda,canonical,241,200,65.605,56.0,75.0,49.815,41.75,59.0,6.742932320663749e+16,27169576714240.0,1.0940219347959808e+16,24.3,20.0,28.0,0.2975451534241438,0.2707791328430176,0.3255680799484253,0.3025,0.0,0.5
3,borda,canonical,242,200,65.47,57.0,75.0,49.8,41.0,59.0,7.91770866583828e+16,29440697958400.0,1.1513852495659008e+16,24.27,21.0,28.0,0.2980299288779497,0.27296002954244614,0.3214734345674515,0.31125,0.1875,0.5
3,borda,canonical,243,200,65.575,57.0,75.0,49.76,41.0,59.0,9.082299094624312e+16,33291872763904.0,1.1956627653525504e+16,24.52,21.0,27.0,0.2982936031371355,0.2704307660460472,0.32610058039426804,0.29375,0.0,0.5
3,borda,canonical,244,200,65.435,56.0,75.0,49.735,41.0,59.0,1.069740664579792e+17,36881914920960.0,1.3488834150924288e+16,24.455,21.0,28.0,0.29907578840851784,0.26900940388441086,0.33038489520549774,0.275,0.0,0.5
3,borda,canonical,245,200,65.195,56.0,75.0,49.705,41.0,59.0,1.2050682631038238e+17,41402608123904.0,1.4239418340605952e+16,24.385,21.0,27.25,0.3007945442944765,0.27003443986177444,0.3326927572488785,0.295,0.0,0.5
3,borda,canonical,246,200,65.645,55.75,75.0,49.78,41.0,59.0,1.3856434777806792e+17,45019955200000.0,1.6591980234539008e+16,24.26,20.0,27.0,0.30022216312587263,0.27464231848716736,0.33091218769550323,0.29625,0.0,0.5
3,borda,canonical,247,200,65.4,57.0,74.0,49.775,41.0,59.0,1.5428980823552397e+17,49882608959488.0,1.8877985436205056e+16,24.41,21.0,27.0,0.2994642248749733,0.2724756523966789,0.3280475214123726,0.31625,0.0,0.5
3,borda,canonical,248,200,65.885,57.0,75.25,49.785,41.0,59.0,1.669471978947881e+17,57996817203200.0,2.0876076699877376e+16,24.48,21.0,27.0,0.2988182770460844,0.2723763957619667,0.3251246362924576,0.29,0.0,0.5
3,borda,canonical,249,200,65.57,56.75,75.0,49.8,41.0,59.0,1.8323086930175094e+17,64919805362176.0,2.273493156626432e+16,24.345,21.0,28.0,0.29877132512629034,0.27007588744163513,0.324818953871727,0.30125,0.0,0.5
3,borda,canonical,250,200,65.65,57.0,75.0,49.8,41.0,59.0,2.0214002132841546e+17,72166026510336.0,2.621759652941005e+16,24.46,21.0,28.0,0.29867323525249956,0.2709374576807022,0.3244969993829727,0.2725,0.0,0.5
4,schulze,canonical,1,200,67.12,64.75,70.0,2.085,1.0,3.0,10909.46384765625,10733.01318359375,11363.146240234375,20.415,18.0,22.0,0.3271015299856663,0.2988799437880516,0.34749750792980194,0.28625,0.0,0.5
4,schulze,canonical,2,200,67.415,64.75,71.0,4.085,2.0,5.0,11984.347814941406,11484.059326171875,12750.046875,21.43,19.0,23.0,0.309803434163332,0.29000619798898697,0.3268466740846634,0.26625,0.0,0.5
4,schulze,canonical,3,200,67.585,65.0,70.0,5.855,4.0,8.0,13177.108630371094,12280.376953125,14482.0615234375,22.075,20.0,24.0,0.3063059412688017,0.28493479639291763,0.32831475883722305,0.26375,0.0,0.5
4,schulze,canonical,4,200,67.29,64.0,71.0,7.37,5.0,10.0,14497.844873046875,13054.71044921875,16134.238037109375,22.435,19.0,25.0,0.30558127373456956,0.2799355760216713,0.3338802829384804,0.25875,0.0,0.5
4,schulze,canonical,5,200,67.435,64.0,71.0,8.585,5.0,11.0,15872.415166015626,13427.725830078125,18137.525390625,22.46,19.0,25.0,0.3073959505558014,0.27929458767175674,0.33705442398786545,0.26375,0.0,0.5
4,schulze,canonical,6,200,67.315,64.0,70.0,9.915,7.0,13.0,17485.97409423828,13815.542724609375,20464.7158203125,22.25,19.0,25.25,0.3088710368424654,0.2767525091767311,0.3387007564306259,0.28625,0.0,0.5
4,schulze,canonical,7,200,67.635,64.0,71.0,11.02,7.0,14.0,19339.543520507814,15295.564697265625,22758.00830078125,22.595,19.0,26.0,0.30666673816740514,0.27785683423280716,0.3387250527739525,0.25625,0.0,0.5
4,schulze,canonical,8,200,66.93,64.0,70.0,12.2,8.0,16.0,21415.7055078125,16563.72509765625,25277.62939453125,22.26,19.0,25.0,0.30754201352596283,0.2768262177705765,0.33854299783706665,0.27875,0.0,0.5
4,schulze,canonical,9,200,67.6,64.0,71.0,13.19,9.0,17.25,23731.81739013672,17943.0703125,28949.91064453125,22.27,19.0,25.0,0.3070524798333645,0.2829681411385536,0.3381591886281967,0.28875,0.0,0.5
4,schulze,canonical,10,200,67.095,63.75,70.25,14.18,10.0,18.0,26462.27380859375,19233.5205078125,32648.8203125,22.42,19.0,25.0,0.304837910681963,0.27773797512054443,0.3317711800336838,0.25625,0.0,0.5
4,schulze,canonical,11,200,67.525,64.0,71.0,14.985,10.0,20.0,29653.22155029297,21255.99609375,36698.642578125,22.245,19.0,25.0,0.3050926335155964,0.27724209427833557,0.3327745199203491,0.26625,0.0,0.5
4,schulze,canonical,12,200,67.575,65.0,71.0,15.98,10.0,21.0,33078.41105224609,23252.244140625,40853.3212890625,22.39,19.0,25.0,0.3042125150561333,0.2767438367009163,0.3317331075668335,0.25375,0.0,0.5
4,schulze,canonical,13,200,67.215,64.0,71.0,16.965,11.0,21.25,37151.318500976566,25084.97021484375,46720.75,22.595,19.0,25.0,0.30340879648923874,0.2762025073170662,0.33241353929042816,0.27125,0.0,0.5
4,schulze,canonical,14,200,67.52,64.0,71.0,17.865,11.75,23.0,41822.39744628906,27284.75341796875,52047.6572265625,22.525,19.0,25.0,0.30381760723888873,0.27455471456050873,0.3355526179075241,0.25875,0.0,0.5
4,schulze,canonical,15,200,67.62,65.0,71.0,18.655,12.0,24.0,46933.866398925784,30237.08154296875,58564.4384765625,22.735,20.0,25.0,0.30278388381004334,0.2774200662970543,0.3332960680127144,0.28125,0.0,0.5
4,schulze,canonical,16,200,67.49,64.0,70.25,19.51,13.0,25.0,52621.107944335934,32038.6552734375,66054.52734375,22.955,20.0,25.0,0.30207466691732404,0.2774250730872154,0.32900551706552505,0.28,0.0,0.5
4,schulze,canonical,17,200,67.51,64.0,72.0,20.16,13.75,25.25,59283.98462158203,34386.95703125,76597.837890625,23.06,19.75,26.0,0.30070424631237985,0.27382197231054306,0.3298063278198242,0.25625,0.0,0.5
4,schulze,canonical,18,200,67.335,64.0,71.0,20.93,14.0,26.0,66446.47689697266,37803.3876953125,85490.54296875,23.17,20.0,26.0,0.3005971976369619,0.27293511480093,0.32469191402196884,0.25125,0.0,0.5
4,schulze,canonical,19,200,67.89,64.0,72.0,21.61,15.0,27.0,73389.9410498047,41351.1767578125,97158.2578125,23.17,20.0,26.0,0.3014702782779932,0.27514977753162384,0.33081071823835373,0.2975,0.0,0.5
4,schulze,canonical,20,200,67.895,63.0,72.0,22.235,16.0,28.0,81709.6898046875,43076.9208984375,109917.58203125,23.045,20.0,26.0,0.30073329865932463,0.27223077416419983,0.32509656995534897,0.28375,0.0,0.5
4,schulze,canonical,21,200,67.735,64.0,72.0,22.915,16.0,29.0,91512.51872558593,48759.0361328125,120874.486328125,23.09,19.0,26.0,0.3001876909285784,0.2699529752135277,0.32896755635738373,0.245,0.0,0.5
4,schulze,canonical,22,200,67.25,63.0,71.0,23.565,16.0,30.0,102734.54650634766,51719.4814453125,133386.96875,23.205,20.0,27.0,0.29943201787769796,0.2696530446410179,0.329781211912632,0.285,0.0,0.5
4,schulze,canonical,23,200,67.48,64.0,71.0,24.255,17.0,31.0,115153.6027307129,56478.4912109375,146414.09765625,23.205,19.0,27.0,0.29944314531981947,0.26658908277750015,0.3274565115571022,0.30125,0.0,0.5
4,schulze,canonical,24,200,67.74,63.75,72.0,24.915,18.0,31.0,128719.59135498047,60070.8916015625,162361.6171875,23.02,19.0,26.0,0.300801372975111,0.2730844095349312,0.33115044981241226,0.255,0.0,0.5
4,schulze,canonical,25,200,67.555,64.0,72.0,25.31,17.75,32.0,144265.41415527344,63966.63671875,180377.70703125,22.75,19.0,26.0,0.30368578210473063,0.27571573853492737,0.33631768822669983,0.25625,0.0,0.5
4,schulze,canonical,26,200,67.425,63.0,72.0,25.84,18.0,33.0,162239.22321533202,70456.10546875,197700.5,22.505,19.0,25.0,0.30630974695086477,0.2763884738087654,0.3389434814453125,0.29625,0.0,0.5
4,schulze,canonical,27,200,67.795,63.0,71.25,26.185,18.0,33.0,182174.16659179688,77624.27734375,227227.4375,22.685,19.0,26.0,0.3048823471367359,0.27425891906023026,0.34345173835754395,0.265,0.0,0.5
4,schulze,canonical,28,200,67.19,63.0,71.0,26.67,19.0,33.25,203787.71683105468,82054.00390625,262447.3828125,22.455,19.0,26.0,0.3061949623376131,0.27184298634529114,0.3428349792957306,0.29375,0.0,0.5
4,schulze,canonical,29,200,67.34,63.0,72.0,27.22,19.75,34.0,227565.84757324218,87254.513671875,291881.609375,22.595,19.0,26.0,0.304398624971509,0.2730487436056137,0.34158962219953537,0.28875,0.0,0.5
4,schulze,canonical,30,200,67.335,63.0,71.0,27.53,20.0,34.25,257518.9158203125,99318.400390625,322957.0390625,22.28,19.0,25.0,0.3054119972884655,0.2767157033085823,0.3377082049846649,0.28875,0.0,0.5
4,schulze,canonical,31,200,67.445,63.0,72.0,27.94,20.0,34.25,292149.7650634766,106191.15234375,366865.28125,22.425,19.0,25.0,0.3048672600835562,0.27297160029411316,0.3378395438194275,0.28,0.0,0.5
4,schulze,canonical,32,200,67.96,63.0,73.0,28.195,20.0,36.0,330285.89200439455,113383.1640625,400264.890625,22.36,19.0,25.0,0.3050915206223726,0.2770683467388153,0.3369201496243477,0.27125,0.0,0.5
4,schulze,canonical,33,200,67.145,63.0,71.0,28.59,21.0,36.25,373544.87936035154,124129.845703125,452972.6015625,22.455,19.0,26.0,0.30620651379227637,0.27671174705028534,0.3397805988788605,0.30125,0.0,0.5
4,schulze,canonical,34,200,68.175,64.0,72.0,28.915,21.0,36.25,417461.8624316406,134919.80078125,496642.8984375,22.59,20.0,25.0,0.30434800997376443,0.2745443135499954,0.33907973766326904,0.31875,0.0,0.5
4,schulze,canonical,35,200,66.79,62.0,71.0,29.25,21.0,37.0,470802.9398681641,149359.53125,539283.40625,22.545,19.0,26.0,0.302981096804142,0.26984556019306183,0.3344579041004181,0.29875,0.0,0.5
4,schulze,canonical,36,200,67.525,63.0,72.0,29.625,22.0,38.0,527586.322866211,155442.390625,600448.265625,22.75,19.0,26.0,0.30316008269786837,0.27304045855998993,0.33531008660793304,0.2725,0.0,0.5
4,schulze,canonical,37,200,66.72,62.0,71.25,29.91,22.0,38.0,591838.9390673828,166043.453125,669176.90625,22.875,20.0,26.0,0.30426620990037917,0.2679274007678032,0.33723723888397217,0.29375,0.0,0.5
4,schulze,canonical,38,200,68.165,63.0,73.0,30.25,22.0,38.0,664788.8113085937,178036.4609375,782156.078125,22.735,20.0,25.25,0.30449564844369886,0.2752589285373688,0.3317033052444458,0.31375,0.0,0.5
4,schulze,canonical,39,200,67.065,63.0,71.0,30.585,22.0,39.0,755480.2449853516,187849.95703125,882338.828125,22.99,19.0,26.0,0.30473028592765333,0.27354349195957184,0.3365497514605522,0.28625,0.0,0.5
4,schulze,canonical,40,200,67.395,64.0,71.25,30.795,22.0,40.0,861579.1776708984,201778.3671875,1032528.3125,23.06,19.0,27.0,0.30437713764607904,0.27382470667362213,0.33763106167316437,0.28875,0.0,0.5
4,schulze,canonical,41,200,68.465,64.0,72.25,31.055,23.0,40.0,969258.3710253906,212083.390625,1155525.375,23.365,20.0,27.0,0.3022105233371258,0.26914171874523163,0.3340328112244606,0.2875,0.0,0.5
4,schulze,canonical,42,200,67.68,63.0,72.0,31.385,22.0,40.0,1102073.8107910156,220697.69921875,1332816.25,23.45,20.0,27.0,0.3018354142457247,0.26765281707048416,0.33240676671266556,0.2825,0.0,0.5
4,schulze,canonical,43,200,67.675,63.0,72.0,31.575,22.0,40.25,1250143.6307714845,243034.08984375,1486457.84375,23.77,20.0,27.0,0.30059169307351113,0.26635710150003433,0.33465105295181274,0.29375,0.0,0.5
4,schulze,canonical,44,200,67.77,62.0,72.25,31.87,22.0,41.0,1413035.2295117187,258813.0859375,1656521.25,23.87,20.0,27.0,0.2976692548394203,0.2622949555516243,0.33088772743940353,0.285,0.0,0.5
4,schulze,canonical,45,200,67.44,62.0,73.0,32.245,22.0,41.0,1592387.022973633,276241.9609375,1850680.65625,23.5,20.0,27.0,0.29791857771575453,0.26661550253629684,0.32725000381469727,0.29,0.0,0.5
4,schulze,canonical,46,200,67.525,62.0,72.0,32.54,23.0,41.0,1779123.7141503906,300700.625,2126110.9375,23.345,20.0,26.25,0.29895453102886677,0.2668076232075691,0.3323805183172226,0.28875,0.0,0.5
4,schulze,canonical,47,200,67.4,62.0,72.25,32.785,23.0,41.0,2002772.200942383,332581.4375,2192466.6875,23.4,20.0,26.25,0.3007378206402063,0.27288421243429184,0.3274261876940727,0.2825,0.0,0.5
4,schulze,canonical,48,200,66.84,61.75,71.25,33.055,23.0,41.25,2253055.267319336,372838.984375,2412508.0625,23.1,19.75,26.0,0.3015660060942173,0.27382709085941315,0.3286556303501129,0.2825,0.0,0.5
4,schulze,canonical,49,200,67.245,63.0,72.0,33.4,24.0,42.0,2549316.7352441405,405300.5625,2728927.0625,22.885,19.0,26.0,0.3035239475220442,0.2754831537604332,0.33218954503536224,0.29,0.0,0.5
4,schulze,canonical,50,200,68.245,63.0,74.0,33.77,24.0,42.0,2898218.3566210936,453450.328125,2968849.75,23.165,20.0,26.0,0.30288231663405896,0.2758750542998314,0.33058586716651917,0.3125,0.0,0.5
4,schulze,canonical,51,200,67.335,62.0,73.0,34.065,25.0,42.0,3253415.311484375,470119.625,3380491.0,23.275,20.0,26.0,0.302661394327879,0.2731892690062523,0.33305099606513977,0.30625,0.0,0.5
4,schulze,canonical,52,200,67.525,63.0,72.0,34.31,25.0,42.0,3660160.406225586,514384.21875,3949144.25,23.43,20.0,26.0,0.3014680853486061,0.2727142199873924,0.3270496353507042,0.27875,0.0,0.5
4,schulze,canonical,53,200,67.715,62.0,73.25,34.555,26.0,42.0,4095878.7963623046,570082.046875,4145163.0,23.28,20.0,26.25,0.3029107670485973,0.2729564979672432,0.3336697071790695,0.3075,0.0,0.5
4,schulze,canonical,54,200,67.04,62.0,73.0,34.685,25.0,43.0,4565761.922749024,621616.734375,4730001.625,23.2,20.0,26.0,0.3019222239404917,0.27448277175426483,0.3266195207834244,0.30625,0.0,0.5
4,schulze,canonical,55,200,67.495,62.0,73.0,34.91,26.0,43.0,5110019.682080078,676643.71875,4937034.375,23.225,19.75,27.0,0.3009208003431559,0.2700977921485901,0.3267674595117569,0.2975,0.0,0.5
4,schulze,canonical,56,200,66.765,61.75,72.25,35.21,26.75,43.0,5730915.231928711,746748.421875,5448746.625,23.205,20.0,26.0,0.3012632936984301,0.27101558446884155,0.3297281637787819,0.3025,0.0,0.5
4,schulze,canonical,57,200,66.855,60.0,72.25,35.34,26.0,44.0,6421924.380756836,829682.6875,6070410.625,23.21,20.0,26.0,0.30106907442212105,0.27271587401628494,0.32810748368501663,0.30625,0.0,0.5
4,schulze,canonical,58,200,67.85,62.75,73.0,35.63,27.75,44.0,7130409.895688477,872859.34375,6860184.25,23.19,20.0,26.0,0.3011296732723713,0.27175547927618027,0.3284494951367378,0.28875,0.0,0.5
4,schulze,canonical,59,200,66.69,61.0,72.0,35.795,27.0,44.0,7961042.530805664,936072.6875,7592658.625,22.945,19.0,26.0,0.3026431746780872,0.27674681693315506,0.33172718435525894,0.27375,0.0,0.5
4,schulze,canonical,60,200,66.825,61.0,73.0,36.035,28.0,44.25,8933585.17857422,1014641.109375,8794870.75,23.005,19.0,26.0,0.3044760636240244,0.278181254863739,0.33365269005298615,0.30125,0.0,0.5
4,schulze,canonical,61,200,67.305,62.0,72.0,36.335,29.0,44.0,10195018.104101563,1039258.09375,9526988.75,23.045,19.75,26.0,0.3036332971602678,0.27852437645196915,0.33155373483896255,0.31,0.0,0.5
4,schulze,canonical,62,200,67.095,61.0,73.0,36.54,29.0,44.0,11483635.721381836,1122861.625,10885905.0,23.44,20.0,26.0,0.29967916712164877,0.269945852458477,0.3287353590130806,0.30125,0.0,0.5
4,schulze,canonical,63,200,67.5,62.0,73.0,36.78,29.0,45.0,13065094.841923827,1257625.3125,11552299.75,23.725,20.0,27.0,0.3006587614119053,0.2673276364803314,0.33344220370054245,0.28875,0.0,0.5
4,schulze,canonical,64,200,67.345,61.0,73.0,36.98,29.0,45.0,14721352.403803712,1376012.3125,12564849.75,23.705,20.0,27.0,0.3008505117148161,0.2705729007720947,0.33517226576805115,0.2925,0.0,0.5
4,schulze,canonical,65,200,67.485,61.0,73.0,37.195,29.75,45.25,16514617.973930664,1503800.9375,13910290.25,23.595,20.0,27.0,0.3012235848605633,0.2718602418899536,0.332933247089386,0.30125,0.0,0.5
4,schulze,canonical,66,200,67.095,61.0,73.0,37.29,29.0,46.0,18740319.53612305,1528651.5,15755152.5,23.57,20.0,26.25,0.3002660110592842,0.27282988280057907,0.32965386658906937,0.29,0.0,0.5
4,schulze,canonical,67,200,66.795,61.0,73.0,37.42,29.0,46.0,21326889.544780273,1738847.8125,18172539.0,23.6,20.0,27.0,0.2983395187556744,0.2694232389330864,0.32835105806589127,0.2775,0.0,0.5
4,schulze,canonical,68,200,67.22,62.0,72.0,37.51,29.0,45.25,24322391.66006836,1833554.40625,19272661.5,23.53,20.0,27.0,0.3008538994938135,0.26892050355672836,0.33452748507261276,0.28625,0.0,0.5
4,schulze,canonical,69,200,66.585,60.75,72.0,37.695,30.0,46.0,27841121.981367186,1951612.25,20348122.5,23.255,20.0,26.25,0.30072908125817777,0.2686367705464363,0.3361123651266098,0.3125,0.0,0.5
4,schulze,canonical,70,200,67.56,62.0,74.0,37.915,30.0,47.0,31684450.31488281,2228251.8125,23209418.5,23.63,20.75,27.0,0.2984719491750002,0.26644081622362137,0.32998038083314896,0.28625,0.0,0.5
4,schulze,canonical,71,200,66.85,61.0,73.0,38.06,29.0,47.0,36360638.929101564,2446996.9375,26266065.5,23.78,20.0,27.0,0.29787279687821866,0.2686495706439018,0.32923006266355515,0.285,0.0,0.5
4,schulze,canonical,72,200,67.14,61.0,73.0,38.275,29.75,47.0,42550787.05466797,2680648.6875,29787162.5,23.955,20.0,28.0,0.2972946801036596,0.2649717703461647,0.3332904055714607,0.2975,0.0,0.5
4,schulze,canonical,73,200,66.715,61.0,73.0,38.585,30.0,47.0,48396600.44619141,2946386.4375,31694805.5,23.825,20.0,27.0,0.29599397771060465,0.26817211508750916,0.3280201777815819,0.2775,0.0,0.5
4,schulze,canonical,74,200,67.93,62.0,73.25,38.74,30.75,47.0,55685108.317304686,3333363.3125,34537903.0,23.565,20.0,26.25,0.2978459448367357,0.2682763487100601,0.33040598779916763,0.27,0.0,0.5
4,schulze,canonical,75,200,66.945,60.75,73.0,38.95,30.75,47.0,64404598.94847656,3740703.375,39289428.0,23.39,20.0,26.0,0.2989208288490772,0.2722300514578819,0.33353472501039505,0.285,0.0,0.5
4,schulze,canonical,76,200,66.825,60.0,73.0,39.195,30.75,48.0,73609491.59925781,4244808.875,43170835.0,23.265,20.0,26.0,0.2995015683025122,0.2763228788971901,0.33107607811689377,0.28875,0.0,0.5
4,schulze,canonical,77,200,67.14,59.75,73.25,39.43,31.0,48.0,84077739.68203124,4542089.375,46666575.0,23.355,20.0,27.0,0.29991142623126504,0.27326350659132004,0.3318413645029068,0.30625,0.0,0.5
4,schulze,canonical,78,200,67.005,62.0,72.0,39.69,31.0,48.0,98130301.05699219,4786928.625,53883079.0,23.195,19.75,27.0,0.3000630035996437,0.2698151171207428,0.32766493409872055,0.30375,0.0,0.5
4,schulze,canonical,79,200,67.53,62.0,73.0,39.83,31.0,48.25,113906075.36476563,5651829.0,61591583.0,23.38,20.0,26.25,0.29953359946608543,0.2709992229938507,0.32748882472515106,0.315,0.0,0.5
4,schulze,canonical,80,200,66.845,61.0,73.0,39.97,31.0,48.0,131272154.76109375,6119148.5,67540183.0,23.52,19.0,27.0,0.2998114455491304,0.27161235362291336,0.3319104537367821,0.3125,0.0,0.5
4,schulze,canonical,81,200,66.595,60.0,73.0,40.13,32.0,49.0,150665842.27789062,7078083.5,74419500.0,23.49,20.0,27.0,0.2988105262815952,0.2689114287495613,0.32931964844465256,0.295,0.0,0.5
4,schulze,canonical,82,200,66.815,60.0,74.0,40.245,32.0,49.0,173836964.8909375,7777052.75,81646310.0,23.34,20.0,26.0,0.29915534079074857,0.27157747745513916,0.3294331505894661,0.2675,0.0,0.5
4,schulze,canonical,83,200,66.475,60.0,73.0,40.295,32.0,49.0,198799010.57917967,9080518.5,90672538.0,23.0,19.0,26.0,0.30150689609348774,0.2761751636862755,0.33074094355106354,0.28,0.0,0.5
4,schulze,canonical,84,200,66.75,60.0,73.25,40.455,32.0,49.25,224910274.24007812,8315303.875,100668116.0,23.055,20.0,26.0,0.3019003739207983,0.2718423753976822,0.33319228887557983,0.29125,0.0,0.5
4,schulze,canonical,85,200,66.5,60.0,73.0,40.495,32.0,49.25,254739963.77332032,8843197.25,114379778.0,23.005,19.75,26.0,0.30369586020708084,0.2733444273471832,0.33326539397239685,0.30625,0.0,0.5
4,schulze,canonical,86,200,67.055,61.0,74.0,40.575,32.0,50.0,293902796.82203126,9083178.75,127915972.0,23.26,20.0,27.0,0.3018969310075045,0.2698947638273239,0.3322741910815239,0.3125,0.0,0.5
4,schulze,canonical,87,200,66.98,60.0,74.0,40.67,32.0,50.0,344945468.18296874,9659875.75,140349292.0,23.66,20.0,27.0,0.2996498949080706,0.2684551551938057,0.3307918831706047,0.3125,0.0,0.5
4,schulze,canonical,88,200,66.75,60.75,73.0,40.865,32.0,50.25,403662181.045,10286357.25,155885476.0,23.89,20.0,27.0,0.29943970397114755,0.267373226583004,0.32726528495550156,0.28125,0.0,0.5
4,schulze,canonical,89,200,66.77,60.0,72.25,40.94,32.0,50.25,473810015.3567188,12240992.25,173241824.0,24.0,20.0,27.25,0.2988150095939636,0.2699407637119293,0.32541175186634064,0.31125,0.0,0.5
4,schulze,canonical,90,200,66.605,59.75,73.0,41.075,31.0,51.0,564464071.4589844,13781529.75,193351460.0,24.2,21.0,27.25,0.2978725254535675,0.26481957733631134,0.32594386488199234,0.295,0.0,0.5
4,schulze,canonical,91,200,66.845,59.0,74.0,41.19,32.0,51.0,647757402.5427344,15469930.25,213455440.0,23.995,20.0,28.0,0.29789418175816534,0.269571453332901,0.3237457498908043,0.2875,0.0,0.5
4,schulze,canonical,92,200,66.425,60.0,73.0,41.265,32.0,50.25,761480775.844375,16708293.5,238736440.0,24.085,20.75,28.0,0.29794198878109457,0.26898299902677536,0.32481636852025986,0.2925,0.0,0.5
4,schulze,canonical,93,200,66.675,59.75,74.25,41.385,32.0,51.0,875456692.6217188,16361749.0,267338984.0,23.91,20.0,27.0,0.29608493961393834,0.2660747542977333,0.32214538753032684,0.23875,0.0,0.5
4,schulze,canonical,94,200,67.12,61.0,74.0,41.505,32.0,51.0,1023716579.7989062,18227308.5,285619328.0,23.83,20.0,27.0,0.2972504212707281,0.2702595293521881,0.32392914593219757,0.31625,0.1875,0.5
4,schulze,canonical,95,200,66.615,60.0,73.0,41.69,32.0,51.0,1180698884.980625,20641165.0,315249888.0,23.955,20.0,27.0,0.29596921406686305,0.26370372623205185,0.3231307938694954,0.25875,0.0,0.5
4,schulze,canonical,96,200,66.955,60.0,73.25,41.765,32.0,50.25,1396439673.4995313,23158654.5,325616944.0,23.895,20.0,27.0,0.29699841409921646,0.26416199654340744,0.3301362320780754,0.28625,0.0,0.5
4,schulze,canonical,97,200,66.615,58.0,74.0,41.865,32.0,51.0,1658238911.7207813,24269332.5,384756352.0,23.895,20.0,27.0,0.2967161723971367,0.26923874765634537,0.3240581303834915,0.3,0.0,0.5
4,schulze,canonical,98,200,66.345,59.75,73.0,42.165,33.0,51.25,1884187181.4496875,26761534.0,431033608.0,24.005,20.0,27.0,0.29575284384191036,0.2643398568034172,0.32356685400009155,0.31375,0.0,0.5
4,schulze,canonical,99,200,67.165,60.0,73.0,42.26,33.0,52.0,2208432624.7921877,30802331.0,493633784.0,23.995,20.0,27.0,0.295834826156497,0.2671850323677063,0.32276594638824463,0.265,0.0,0.5
4,schulze,canonical,100,200,66.79,60.75,74.0,42.41,33.0,52.0,2489313192.26375,34521881.0,503248488.0,23.585,20.0,27.0,0.29768954299390316,0.2736172080039978,0.32607491314411163,0.2825,0.0,0.5
4,schulze,canonical,101,200,66.515,60.0,74.0,42.495,32.75,52.0,2878615925.448125,34823443.0,531325880.0,23.265,20.0,26.0,0.29984180197119714,0.2681521698832512,0.32899657636880875,0.3025,0.0,0.5
4,schulze,canonical,102,200,66.52,60.0,74.25,42.66,33.0,52.0,3440229639.0778127,34546423.5,590478640.0,23.28,20.0,26.0,0.29999807678163054,0.269096314907074,0.32888200879096985,0.33875,0.25,0.5
4,schulze,canonical,103,200,66.315,59.0,74.0,42.67,32.75,52.0,3906639248.149375,39137581.0,634546816.0,23.51,20.0,26.0,0.29707398772239685,0.266207218170166,0.3277779147028923,0.295,0.0,0.5
4,schulze,canonical,104,200,66.63,60.0,73.0,42.705,33.0,52.0,4396151337.23125,44427534.0,703874256.0,23.54,20.0,26.0,0.2969898285716772,0.26682812720537186,0.3288649320602417,0.29125,0.0,0.5
4,schulze,canonical,105,200,66.66,60.0,74.0,42.79,33.0,52.0,5049557463.605312,46885113.0,788428208.0,23.185,19.0,26.0,0.2989675499498844,0.26805373281240463,0.33276811242103577,0.29875,0.0,0.5
4,schulze,canonical,106,200,66.13,59.0,74.0,42.78,32.0,52.0,5968572795.913125,51298624.0,939257424.0,23.095,19.0,26.0,0.2995434022694826,0.2695841044187546,0.3338581845164299,0.30375,0.0,0.5
4,schulze,canonical,107,200,66.325,59.75,74.0,42.87,33.0,52.0,6819776475.0875,55613986.0,1034409424.0,22.94,19.0,26.0,0.30005864046514036,0.2732771262526512,0.3284251466393471,0.33375,0.0,0.5
4,schulze,canonical,108,200,66.685,60.0,74.0,42.87,32.75,52.0,7980953505.340625,60418955.0,1178047360.0,23.415,20.0,26.25,0.2982267398387194,0.2735069617629051,0.32823704183101654,0.3225,0.0,0.5
4,schulze,canonical,109,200,67.155,59.0,75.0,42.925,33.0,52.0,8805421141.893438,64080546.0,1379325760.0,23.57,20.0,26.0,0.2977320481836796,0.2669050619006157,0.32958780974149704,0.31875,0.0,0.5
4,schulze,canonical,110,200,66.695,60.75,73.0,42.94,33.0,52.25,9723418353.595,73369142.0,1628775328.0,23.71,20.0,26.0,0.29764851205050946,0.2722908556461334,0.32652609795331955,0.3,0.0,0.5
4,schulze,canonical,111,200,66.56,59.0,74.0,42.92,34.0,52.0,10811398329.527813,77219716.0,1907040448.0,23.475,20.0,27.0,0.29932465851306916,0.27281254529953003,0.3231016770005226,0.30375,0.0,0.5
4,schulze,canonical,112,200,66.815,60.0,73.0,43.03,34.0,52.25,12249547991.18125,79840222.0,2135413408.0,23.325,19.0,26.25,0.30026753403246403,0.2771313041448593,0.3263797461986542,0.3275,0.0,0.5
4,schulze,canonical,113,200,66.265,59.0,73.0,43.13,34.0,53.0,13582022210.649063,88751398.0,2345193728.0,23.56,20.0,27.0,0.29886302463710307,0.2732695862650871,0.3199838250875473,0.31,0.0,0.5
4,schulze,canonical,114,200,66.2,59.0,73.0,43.31,34.0,53.0,15201560272.542187,87515336.0,2586746368.0,23.395,20.0,26.0,0.2992612911760807,0.26876427233219147,0.326859250664711,0.33875,0.25,0.5
4,schulze,canonical,115,200,66.525,59.0,73.0,43.49,35.0,53.0,17015584240.859062,91370506.0,2824655808.0,23.615,20.0,26.0,0.29752122014760973,0.2679760009050369,0.32513438165187836,0.30625,0.0,0.5
4,schulze,canonical,116,200,66.38,59.0,74.0,43.61,35.0,53.0,19658943305.253124,101172768.0,3143442560.0,23.375,20.0,27.0,0.29953087113797666,0.2681869566440582,0.32865016907453537,0.33875,0.0,0.5
4,schulze,canonical,117,200,66.225,59.75,73.0,43.73,34.5,53.0,21960826729.544376,121777248.0,3348787904.0,23.375,20.0,26.0,0.3007219690084457,0.270937480032444,0.33060405403375626,0.34125,0.0,0.5
4,schulze,canonical,118,200,66.335,60.0,74.0,43.855,34.0,53.0,25570522200.454376,140638150.0,3771817984.0,23.46,20.0,26.0,0.29934455305337904,0.2685920000076294,0.3292033150792122,0.3075,0.0,0.5
4,schulze,canonical,119,200,66.41,59.0,74.0,44.015,34.0,53.0,30317876847.71125,149059964.0,4369389824.0,23.34,20.0,26.0,0.300327615365386,0.2689758315682411,0.330485962331295,0.31875,0.0,0.5
4,schulze,canonical,120,200,66.71,59.75,75.0,44.135,34.0,53.25,35896068540.315,165042824.0,4411285376.0,23.605,20.0,27.25,0.2998884496837854,0.26580948382616043,0.3271126300096512,0.3025,0.0,0.5
4,schulze,canonical,121,200,66.565,59.0,73.25,44.315,34.0,54.0,42592834823.649376,179379368.0,4727787776.0,23.59,20.0,27.0,0.3009422882646322,0.2686080113053322,0.3330256938934326,0.31125,0.0,0.5
4,schulze,canonical,122,200,66.56,59.0,74.0,44.465,34.0,54.0,49186806318.10438,198363160.0,5097830400.0,23.765,20.0,27.0,0.30010389983654023,0.26940157264471054,0.32993295788764954,0.30875,0.0,0.5
4,schulze,canonical,123,200,66.215,59.0,74.0,44.65,35.0,54.0,55941774621.47625,220316116.0,5119461632.0,23.84,20.0,27.0,0.30050760462880133,0.27154436707496643,0.3276137486100197,0.31125,0.0,0.5
4,schulze,canonical,124,200,66.155,59.0,75.0,44.8,35.0,54.0,64456625917.19625,230505480.0,5389984000.0,24.11,20.75,27.0,0.29999099649488925,0.2673182338476181,0.3299218788743019,0.3175,0.0,0.5
4,schulze,canonical,125,200,66.32,59.0,74.0,44.96,36.0,54.0,72837331003.25626,256177656.0,6226207616.0,24.19,20.0,27.25,0.2988323029875755,0.27012115716934204,0.32921624183654785,0.29125,0.0,0.5
4,schulze,canonical,126,200,66.25,58.0,74.25,45.08,37.0,54.0,82264552883.36626,294189736.0,6653431168.0,24.455,21.0,28.0,0.2992406314611435,0.27167464047670364,0.3299415186047554,0.31,0.0,0.5
4,schulze,canonical,127,200,66.02,59.0,74.0,45.245,37.0,54.25,96414938004.56625,328806856.0,7021677696.0,24.545,21.0,28.0,0.2999022436887026,0.2687646597623825,0.3345057740807533,0.3075,0.0,0.5
4,schulze,canonical,128,200,66.475,59.0,75.0,45.405,36.0,55.0,107074796210.66437,337368720.0,8382635392.0,24.56,21.0,28.0,0.3006302596628666,0.2695145159959793,0.3311008885502815,0.365,0.25,0.5
4,schulze,canonical,129,200,65.695,57.0,75.0,45.56,37.0,54.25,119403378411.21375,361517576.0,9524013312.0,24.72,21.0,28.0,0.29729499623179434,0.26546957343816757,0.32526280730962753,0.33625,0.0,0.5
4,schulze,canonical,130,200,66.215,59.0,74.0,45.725,37.0,55.0,135247212871.21437,405986000.0,11382770176.0,24.43,20.0,28.0,0.2986090148240328,0.2695486396551132,0.3288046568632126,0.34,0.0,0.5
4,schulze,canonical,131,200,65.87,59.0,73.25,45.83,37.0,55.0,146340943138.645,461097208.0,13179368960.0,24.605,20.0,29.0,0.29758880093693735,0.2696356773376465,0.32859717309474945,0.3025,0.0,0.5
4,schulze,canonical,132,200,66.085,59.0,73.0,45.96,37.0,55.0,170289987127.28436,482621440.0,14241172480.0,24.575,21.0,28.0,0.2998402187228203,0.2653769925236702,0.3296329379081726,0.29125,0.0,0.5
4,schulze,canonical,133,200,65.86,58.0,74.0,46.045,37.75,55.25,194107037347.71063,560935392.0,14705553152.0,24.415,20.75,28.0,0.30052567429840565,0.2722763270139694,0.3286803439259529,0.29875,0.0,0.5
4,schulze,canonical,134,200,66.35,59.0,75.0,46.225,38.0,55.0,218144022334.08313,622555248.0,15195379712.0,24.3,21.0,27.25,0.29824495628476144,0.2696053981781006,0.3253227695822716,0.30875,0.0,0.5
4,schulze,canonical,135,200,66.07,58.75,75.0,46.36,38.0,55.0,241685812063.8975,703727984.0,17505650176.0,24.355,21.0,28.0,0.2970817022770643,0.2695118263363838,0.3261471390724182,0.3225,0.0,0.5
4,schulze,canonical,136,200,66.045,58.75,74.0,46.425,38.0,55.0,262426888817.77374,830694112.0,20309792768.0,24.495,21.0,27.0,0.29653826214373114,0.2650908827781677,0.3261846601963043,0.3075,0.0,0.5
4,schulze,canonical,137,200,66.355,58.0,75.0,46.415,37.0,55.25,290915524625.7388,895491584.0,23391786496.0,24.295,21.0,27.0,0.29677455201745034,0.2679753080010414,0.32885273545980453,0.31875,0.0,0.5
4,schulze,canonical,138,200,66.395,59.0,74.0,46.385,37.0,55.0,319292384361.5538,965666096.0,28012222976.0,24.355,21.0,27.0,0.2946949888765812,0.26560066640377045,0.3246265947818756,0.29,0.0,0.5
4,schulze,canonical,139,200,66.325,58.0,74.0,46.41,37.0,55.0,356579260950.0925,1025999008.0,30863683584.0,24.3,21.0,27.0,0.29624245516955855,0.2715189680457115,0.32427767664194107,0.29625,0.0,0.5
4,schulze,canonical,140,200,66.095,59.75,74.0,46.365,37.0,55.25,402962654870.7425,1124518384.0,34322668544.0,24.325,21.0,27.25,0.29669643111526967,0.2725984826683998,0.3225023150444031,0.30625,0.0,0.5
4,schulze,canonical,141,200,65.715,58.0,74.0,46.38,37.75,55.25,459045084290.9625,1209309568.0,38653813760.0,24.275,21.0,28.0,0.29860638715326787,0.2731136381626129,0.3249340355396271,0.31375,0.0,0.5
4,schulze,canonical,142,200,66.32,58.0,75.0,46.49,38.0,55.0,526162909647.5875,1307110208.0,45181958144.0,24.075,21.0,28.0,0.299551070407033,0.2717999741435051,0.33017460256814957,0.30125,0.0,0.5
4,schulze,canonical,143,200,65.935,57.75,74.0,46.5,38.0,55.0,592168771056.1975,1453831296.0,52164760576.0,23.73,20.0,27.0,0.3012426106631756,0.2731318548321724,0.3301379457116127,0.30125,0.0,0.5
4,schulze,canonical,144,200,66.335,59.0,74.25,46.555,39.0,55.0,667488610246.815,1625400992.0,54419562496.0,23.45,20.0,26.0,0.3033960062265396,0.27666912227869034,0.3284142538905144,0.3125,0.0,0.5
4,schulze,canonical,145,200,66.035,58.75,74.0,46.545,38.75,55.0,745006420697.965,1823757760.0,60215992320.0,23.6,20.0,27.0,0.30405272141098977,0.2777250334620476,0.33405569195747375,0.29,0.0,0.5
4,schulze,canonical,146,200,66.36,58.75,75.0,46.53,38.0,55.0,851455334770.945,2046036864.0,66924499968.0,23.425,19.75,27.0,0.3035839716345072,0.278088741004467,0.32841379940509796,0.30375,0.0,0.5
4,schulze,canonical,147,200,66.065,58.0,74.0,46.555,37.75,55.0,979707441117.12,2327313984.0,73349906432.0,23.785,20.0,27.0,0.30176745042204856,0.2763078585267067,0.327907957136631,0.3025,0.0,0.5
4,schulze,canonical,148,200,65.875,58.0,74.0,46.545,37.0,55.0,1122337491641.32,2442857344.0,84095651840.0,23.72,20.0,27.0,0.3020878323912621,0.27809330075979233,0.3292023465037346,0.32875,0.0,0.5
4,schulze,canonical,149,200,66.4,58.0,75.25,46.61,37.0,55.0,1292712449539.56,2485555520.0,100909705216.0,24.06,20.0,27.0,0.3004203163087368,0.27894484996795654,0.3296326547861099,0.32,0.0,0.5
4,schulze,canonical,150,200,65.94,58.0,75.0,46.63,37.0,55.0,1443354382458.35,2617697600.0,112081068032.0,24.245,20.0,28.0,0.2987806971371174,0.27288180589675903,0.3311527222394943,0.2875,0.0,0.5
4,schulze,canonical,151,200,66.28,57.0,74.0,46.66,37.75,55.0,1595808832299.16,2871843456.0,124025620480.0,24.12,21.0,27.25,0.30012479938566683,0.27606071531772614,0.32758940011262894,0.30125,0.0,0.5
4,schulze,canonical,152,200,66.16,59.0,75.0,46.625,37.75,55.0,1796209697594.88,3079745536.0,140441387008.0,24.305,21.0,28.0,0.29957063592970373,0.2766993120312691,0.32737385481595993,0.3025,0.0,0.5
4,schulze,canonical,153,200,66.38,57.0,74.25,46.695,38.0,55.25,2016984909243.04,3367184768.0,156898701312.0,24.3,20.0,28.0,0.29997535146772863,0.2756270542740822,0.3297354057431221,0.3,0.0,0.5
4,schulze,canonical,154,200,66.275,59.0,75.0,46.74,37.0,56.0,2265195354450.36,3563160448.0,174785413120.0,24.1,20.75,27.0,0.3000970350205898,0.2694631367921829,0.32849034667015076,0.32875,0.0,0.5
4,schulze,canonical,155,200,65.975,57.75,75.0,46.755,37.75,56.0,2552961138368.38,3683452608.0,197322272768.0,24.17,21.0,27.25,0.2983209253102541,0.2711549326777458,0.32718318700790405,0.33375,0.0,0.5
4,schulze,canonical,156,200,65.7,58.0,74.25,46.765,37.75,56.0,2879831572583.34,3930255616.0,226586484736.0,24.23,20.75,28.0,0.2969382282346487,0.2717488184571266,0.3217931240797043,0.29625,0.0,0.5
4,schulze,canonical,157,200,65.84,57.0,74.25,46.875,37.0,56.0,3243118142753.05,4182992128.0,264339808256.0,24.3,21.0,28.0,0.2972962138801813,0.2666184678673744,0.3242557570338249,0.32,0.0,0.5
4,schulze,canonical,158,200,66.03,57.0,74.25,46.91,38.0,56.0,3692991024950.91,4456041024.0,306513690624.0,24.33,21.0,28.0,0.2962169717997313,0.26769182831048965,0.32045847922563553,0.28875,0.0,0.5
4,schulze,canonical,159,200,66.02,58.0,74.0,46.985,38.75,56.0,4042200857147.86,4304364864.0,343326105600.0,24.22,21.0,28.0,0.29679836437106133,0.27052247524261475,0.3232002630829811,0.31625,0.0,0.5
4,schulze,canonical,160,200,65.89,58.0,74.0,46.99,37.75,56.0,4477093779558.39,4675164672.0,388432429056.0,24.33,20.0,28.0,0.29700986690819264,0.27090827375650406,0.3204341009259224,0.30375,0.0,0.5
4,schulze,canonical,161,200,65.69,58.0,75.0,47.06,38.0,56.25,4843657500466.76,5149470720.0,430275010560.0,24.17,20.0,28.0,0.29950665548443794,0.27352219820022583,0.3264222517609596,0.325,0.0,0.5
4,schulze,canonical,162,200,65.76,57.0,74.25,47.14,38.0,57.0,5605879532302.07,5802178944.0,472142233600.0,24.13,20.0,28.0,0.2983019381016493,0.2703269422054291,0.3256687819957733,0.3075,0.0,0.5
4,schulze,canonical,163,200,65.445,57.0,74.0,47.125,38.0,57.0,6569669504690.69,6363237504.0,484614971392.0,24.09,20.0,27.0,0.298430792093277,0.26979318261146545,0.32418176531791687,0.3125,0.0,0.5
4,schulze,canonical,164,200,65.79,57.75,74.25,47.275,38.0,57.0,7117496529766.94,7296129280.0,557080920064.0,23.945,20.0,27.0,0.2986075170338154,0.27426593005657196,0.32336628437042236,0.35,0.25,0.5
4,schulze,canonical,165,200,66.135,57.0,76.0,47.375,38.0,57.0,8033190904657.6,8510242944.0,517508710400.0,24.155,20.0,27.0,0.2962006451934576,0.2699062153697014,0.32531775534152985,0.34,0.25,0.5
4,schulze,canonical,166,200,66.11,58.0,75.0,47.485,39.0,57.0,9037329439149.32,8665802496.0,581789630464.0,24.0,20.0,27.0,0.29720091342926025,0.2713511660695076,0.3223443254828453,0.32875,0.1875,0.5
4,schulze,canonical,167,200,66.015,57.0,75.0,47.555,39.0,57.0,9931524726863.95,9375358208.0,672901087232.0,24.05,20.0,27.25,0.2968726117163897,0.2673923000693321,0.3226647526025772,0.33,0.0,0.5
4,schulze,canonical,168,200,65.67,58.0,75.0,47.6,39.0,57.0,11373352104758.05,10256051200.0,717309493248.0,24.07,20.0,27.0,0.2976274411380291,0.2720348685979843,0.32537147402763367,0.3375,0.1875,0.5
4,schulze,canonical,169,200,65.32,58.0,74.25,47.715,39.0,57.0,13122633512373.45,11509987072.0,772234772480.0,23.995,20.0,27.0,0.298812108412385,0.2726937457919121,0.32548079639673233,0.33375,0.25,0.5
4,schulze,canonical,170,200,65.71,57.0,76.0,47.845,39.0,57.25,15543288911351.12,12293060096.0,890303610880.0,24.205,20.0,28.0,0.29773765452206136,0.26931386440992355,0.32665394991636276,0.335,0.0,0.5
4,schulze,canonical,171,200,65.625,58.0,74.25,47.905,38.75,57.25,17953185146537.11,12989886976.0,996640718848.0,24.17,20.0,27.0,0.2976979844272137,0.27328281849622726,0.3256203755736351,0.315,0.0,0.5
4,schulze,canonical,172,200,65.675,57.0,73.0,47.965,39.0,57.25,20614265984825.86,14479774208.0,1104354459648.0,24.215,21.0,27.0,0.2977238850295544,0.2693368270993233,0.32479391247034073,0.335,0.25,0.5
4,schulze,canonical,173,200,65.445,57.0,74.0,48.03,38.75,57.25,23605919241367.06,16662898944.0,1249896300544.0,24.36,21.0,27.25,0.29803648218512535,0.2673381268978119,0.32481398433446884,0.32875,0.0,0.5
4,schulze,canonical,174,200,65.71,58.75,75.0,48.105,38.0,58.0,27674565509180.26,19039870464.0,1349500665856.0,24.445,20.0,27.0,0.2972352044284344,0.2717648446559906,0.32532037049531937,0.29875,0.0,0.5
4,schulze,canonical,175,200,65.73,57.0,74.0,48.105,38.0,57.25,32297086700762.24,20130336256.0,1522664210432.0,24.465,21.0,27.0,0.2974280846118927,0.26853542774915695,0.32707007974386215,0.3075,0.0,0.5
4,schulze,canonical,176,200,65.405,57.0,74.25,48.245,38.0,57.0,37651465867610.38,22304942080.0,1671681736704.0,24.32,20.75,27.0,0.2975190014392137,0.2680930346250534,0.32760606706142426,0.315,0.0,0.5
4,schulze,canonical,177,200,65.86,57.75,75.0,48.34,38.0,57.0,43535064169981.46,24174054912.0,1958318505984.0,24.315,21.0,27.0,0.2967781677097082,0.26600150763988495,0.32642488926649094,0.29125,0.0,0.5
4,schulze,canonical,178,200,65.235,56.0,74.0,48.385,39.0,58.0,50239822914904.28,26090099200.0,2351369879552.0,24.45,21.0,28.0,0.2977476239949465,0.2666553258895874,0.33089733123779297,0.31125,0.0,0.5
4,schulze,canonical,179,200,65.32,56.0,73.25,48.44,40.0,58.0,57756555484992.56,29649791488.0,2532946149376.0,24.62,21.0,28.0,0.2971068172901869,0.2642446607351303,0.3334192782640457,0.30625,0.0,0.5
4,schulze,canonical,180,200,65.605,57.0,75.0,48.47,40.0,58.0,66905943371595.36,34522689024.0,2885125472256.0,24.66,21.0,29.0,0.29892229452729224,0.269848495721817,0.33389583975076675,0.29875,0.0,0.5
4,schulze,canonical,181,200,65.445,56.0,74.25,48.49,40.0,58.0,76541859120491.69,36867497984.0,3276556533760.0,24.455,21.0,28.0,0.2985478086024523,0.26759684830904007,0.33184288442134857,0.285,0.0,0.5
4,schulze,canonical,182,200,65.39,57.0,74.0,48.555,40.0,58.0,88376397424637.2,41561836544.0,3451055243264.0,24.325,21.0,27.25,0.29973031118512156,0.27366435527801514,0.3314311057329178,0.3125,0.0,0.5
4,schulze,canonical,183,200,65.13,56.0,74.0,48.625,40.0,58.0,102573823346836.69,44246124544.0,3723627069440.0,24.39,20.0,28.0,0.2986585108935833,0.2646520063281059,0.3292602077126503,0.31125,0.0,0.5
4,schulze,canonical,184,200,66.105,58.0,75.0,48.67,40.0,58.0,113575384505331.36,46213140480.0,4171667537920.0,24.275,20.0,28.0,0.29976002149283887,0.26806890219449997,0.3325827792286873,0.31125,0.0,0.5
4,schulze,canonical,185,200,65.64,57.0,74.0,48.765,41.0,58.0,132964477109143.6,51141378048.0,4828183920640.0,24.02,20.0,27.0,0.29885188192129136,0.27095650881528854,0.326136514544487,0.34125,0.25,0.5
4,schulze,canonical,186,200,65.705,58.0,76.0,48.745,40.0,58.0,149606748563202.88,60031553536.0,5178152583168.0,24.405,20.0,28.0,0.2961489614099264,0.2730383053421974,0.3226495161652565,0.29875,0.0,0.5
4,schulze,canonical,187,200,65.93,58.0,75.0,48.715,41.0,58.0,174200143780673.3,66291968000.0,5772585336832.0,24.385,20.0,28.0,0.29782302491366863,0.2705739811062813,0.32468412816524506,0.28125,0.0,0.5
4,schulze,canonical,188,200,65.535,57.0,74.0,48.76,40.75,58.0,201624131773999.75,72405311488.0,6907861794816.0,24.195,21.0,28.0,0.29982799887657163,0.27404846996068954,0.3278881385922432,0.3475,0.1875,0.5
4,schulze,canonical,189,200,65.95,56.0,76.0,48.825,40.75,58.0,234439886098543.28,81864370176.0,7984496902144.0,24.335,20.75,27.0,0.2979880526661873,0.27426162362098694,0.3265750780701637,0.31375,0.0,0.5
4,schulze,canonical,190,200,65.725,57.0,74.25,48.815,40.0,58.0,261819094722318.3,92245663744.0,8397118767104.0,24.46,21.0,28.0,0.29719227708876134,0.273493729531765,0.32481683790683746,0.295,0.0,0.5
4,schulze,canonical,191,200,65.285,57.75,74.25,48.8,40.75,58.0,292670136263884.06,97783308288.0,8757480259584.0,24.355,21.0,28.0,0.2983576901257038,0.2724522352218628,0.3264010548591614,0.30875,0.0,0.5
4,schulze,canonical,192,200,65.64,57.0,75.0,48.785,41.0,58.0,339507379862898.3,97603678208.0,10108392964096.0,23.965,20.0,27.0,0.30169967681169507,0.2773614227771759,0.3257986977696419,0.37125,0.0,0.5
4,schulze,canonical,193,200,65.525,57.0,74.0,48.82,40.75,59.0,393333523988098.9,109621364736.0,11544585043968.0,24.4,21.0,28.0,0.2980648311972618,0.2713237777352333,0.32480282336473465,0.285,0.0,0.5
4,schulze,canonical,194,200,65.185,56.75,74.0,48.775,40.75,58.25,401288412670526.06,117744297984.0,12877361840128.0,24.095,20.75,27.0,0.30171799831092355,0.28089936822652817,0.3257598429918289,0.29625,0.0,0.5
4,schulze,canonical,195,200,65.25,55.0,75.0,48.845,41.0,59.0,428097447149849.75,130035484672.0,13503141249024.0,23.895,20.0,27.0,0.30135302983224393,0.2812546491622925,0.32759664952754974,0.34,0.0,0.5
4,schulze,canonical,196,200,65.375,56.75,74.0,48.87,41.0,59.0,460032542387178.56,143748288512.0,14833943314432.0,24.285,20.0,27.25,0.30075771287083625,0.278211772441864,0.32632507383823395,0.3175,0.1875,0.5
4,schulze,canonical,197,200,65.72,56.75,75.0,48.895,41.0,59.0,488729826578885.44,155502809088.0,16597178384384.0,24.205,21.0,27.0,0.3011536891758442,0.277328297495842,0.3257913216948509,0.345,0.0,0.5
4,schulze,canonical,198,200,65.5,57.0,75.0,48.96,41.0,59.0,516683860801368.0,173341134848.0,18876217688064.0,24.415,21.0,27.0,0.30121252238750457,0.2735685333609581,0.32688310742378235,0.33625,0.0,0.5
4,schulze,canonical,199,200,65.21,57.0,74.0,48.955,41.75,58.0,513329582810962.4,201980317696.0,22966485123072.0,24.505,21.0,27.0,0.30141006276011467,0.2735251188278198,0.32716691493988037,0.3425,0.0,0.5
4,schulze,canonical,200,200,65.23,56.0,75.0,48.985,41.0,58.0,549223368419041.1,218723807232.0,22138030391296.0,24.64,21.0,28.0,0.29965280249714854,0.27768079936504364,0.3260350301861763,0.31125,0.0,0.5
4,schulze,canonical,201,200,65.11,56.0,74.0,49.075,41.0,59.0,548061196507928.6,253877317632.0,23122805784576.0,24.485,21.0,27.0,0.30170947924256325,0.27909476310014725,0.32505472004413605,0.33625,0.1875,0.5
4,schulze,canonical,202,200,65.4,56.75,76.0,49.125,41.0,58.0,577930805635178.2,271139098624.0,25632384745472.0,24.67,20.0,28.0,0.30018921099603174,0.27269380539655685,0.32538989186286926,0.3275,0.25,0.5
4,schulze,canonical,203,200,65.665,57.0,74.0,49.14,41.0,58.0,635642710372423.0,300222316544.0,28785229955072.0,24.745,21.0,28.0,0.2995116645842791,0.27241212129592896,0.3249487429857254,0.28875,0.0,0.5
4,schulze,canonical,204,200,65.33,55.75,75.25,49.21,41.0,59.0,695705557757846.2,341392777216.0,30145229357056.0,24.8,20.75,28.25,0.29964980252087114,0.2731573209166527,0.32354817539453506,0.32875,0.1875,0.5
4,schulze,canonical,205,200,65.47,56.0,74.0,49.27,41.0,59.0,732553236028014.4,356237279232.0,33399354425344.0,24.945,20.0,29.0,0.29775842994451523,0.2712424695491791,0.3215557038784027,0.33875,0.1875,0.5
4,schulze,canonical,206,200,65.515,56.0,75.0,49.25,41.0,59.0,787104392640507.4,395454152704.0,37799123222528.0,24.94,21.0,29.0,0.2956749764084816,0.26729267835617065,0.3230941817164421,0.2725,0.0,0.5
4,schulze,canonical,207,200,65.41,57.0,73.25,49.29,41.0,59.0,857985773957337.2,437631336448.0,43526447431680.0,24.165,20.0,28.0,0.2983560198545456,0.2686588391661644,0.3271546959877014,0.315,0.0,0.5
4,schulze,canonical,208,200,65.5,57.0,74.25,49.215,41.0,59.0,862564396297794.9,508421079040.0,50449581342720.0,24.17,20.0,28.0,0.297466838657856,0.26595746725797653,0.3297254741191864,0.34125,0.0,0.5
4,schulze,canonical,209,200,65.21,55.0,75.0,49.14,41.0,59.0,935387799358261.5,589759594496.0,52192015810560.0,24.28,20.0,27.25,0.2954855662584305,0.2682514935731888,0.3249124735593796,0.345,0.1875,0.5
4,schulze,canonical,210,200,65.505,56.0,74.25,49.165,40.75,59.0,1019579395447553.6,643607511040.0,60486208978944.0,24.215,20.75,27.0,0.29556932888925075,0.2660190016031265,0.32213300466537476,0.29875,0.0,0.5
4,schulze,canonical,211,200,65.49,56.0,75.25,49.2,40.0,58.0,1131132557613839.0,679354826752.0,68973468057600.0,24.035,20.75,27.0,0.2964839616417885,0.268987312912941,0.3250243663787842,0.305,0.0,0.5
4,schulze,canonical,212,200,65.185,56.0,74.0,49.2,40.0,59.0,1196097525948410.2,789948760064.0,80448568950784.0,23.965,20.0,27.0,0.29800859436392785,0.2693115472793579,0.3292738348245621,0.29,0.0,0.5
4,schulze,canonical,213,200,65.18,57.0,74.25,49.175,40.0,59.0,1276166996097049.5,838982565888.0,87291615772672.0,23.965,20.0,27.0,0.2985370572656393,0.2763563394546509,0.326154388487339,0.33,0.0,0.5
4,schulze,canonical,214,200,65.295,56.0,75.0,49.195,41.0,59.0,1372717366496310.5,970948132864.0,97188912824320.0,24.13,20.0,28.0,0.2981756152957678,0.27201097458601,0.32507502287626266,0.35125,0.25,0.5
4,schulze,canonical,215,200,65.61,57.75,74.0,49.19,41.0,59.0,1394482741665394.0,1061803982848.0,109969542217728.0,23.975,20.0,28.0,0.2985898980498314,0.2712564989924431,0.32705406099557877,0.31,0.0,0.5
4,schulze,canonical,216,200,65.35,56.0,74.0,49.2,41.0,59.0,1524104717725102.8,1203819872256.0,117220529143808.0,23.715,20.0,27.0,0.3009374190121889,0.2710336968302727,0.3286468982696533,0.31625,0.0,0.5
4,schulze,canonical,217,200,65.45,57.0,75.0,49.16,40.0,58.25,1734977575787634.0,1339025981440.0,128688691609600.0,23.325,19.75,26.0,0.30381484404206277,0.2686270847916603,0.33284521102905273,0.3475,0.25,0.5
4,schulze,canonical,218,200,65.52,56.0,75.0,49.145,40.0,59.0,1940806738962727.0,1485785169920.0,148503519035392.0,23.48,20.0,26.0,0.3035087243467569,0.2718368470668793,0.3327697515487671,0.37,0.25,0.5
4,schulze,canonical,219,200,65.235,57.0,73.25,49.165,40.75,59.0,2111046622110142.8,1642813882368.0,169871677587456.0,23.68,20.0,26.25,0.301455250531435,0.2681497260928154,0.3293220028281212,0.3225,0.25,0.5
4,schulze,canonical,220,200,65.515,56.0,74.0,49.145,40.75,59.0,2289476736379165.5,1799049740288.0,205792150028288.0,23.54,20.0,27.0,0.30149732694029807,0.26980799436569214,0.332360103726387,0.3425,0.0,0.5
4,schulze,canonical,221,200,65.12,55.0,75.0,49.115,40.75,59.0,2470876864334582.5,2004100120576.0,228183953637376.0,23.66,20.0,27.0,0.2999421775341034,0.26845159381628036,0.3326107859611511,0.3225,0.0,0.5
4,schulze,canonical,222,200,65.175,55.75,74.0,49.17,40.75,59.0,2801136706572400.0,2224610869248.0,238384727457792.0,23.9,21.0,27.25,0.29923913776874544,0.2679474651813507,0.333901084959507,0.33125,0.0,0.5
4,schulze,canonical,223,200,65.385,57.0,74.0,49.2,40.75,59.0,3261357376654251.5,2464856014848.0,244407089496064.0,24.17,20.0,28.0,0.29868912234902384,0.27154533565044403,0.3293490707874298,0.33375,0.25,0.5
4,schulze,canonical,224,200,65.085,55.0,74.0,49.285,40.0,59.0,3699193985546914.0,2915375513600.0,234179090448384.0,24.025,20.0,28.0,0.3002094129472971,0.2693796008825302,0.3332686647772789,0.345,0.25,0.5
4,schulze,canonical,225,200,65.6,55.0,75.0,49.255,40.75,59.0,4151979808322626.5,3224820318208.0,258483815448576.0,24.135,21.0,27.25,0.29876884423196315,0.2706059366464615,0.32824498414993286,0.36125,0.25,0.5
4,schulze,canonical,226,200,65.37,56.75,75.0,49.245,40.75,59.0,4781526508028223.0,3298895659008.0,297548958924800.0,24.32,21.0,27.0,0.29619706436991694,0.2644302397966385,0.32665565609931946,0.31625,0.0,0.5
4,schulze,canonical,227,200,65.435,56.0,75.0,49.215,41.0,59.0,5431169805881416.0,3368158494720.0,351663877521408.0,24.38,21.0,28.0,0.2968026946485043,0.26708874851465225,0.327726848423481,0.3225,0.0,0.5
4,schulze,canonical,228,200,65.49,56.0,75.0,49.25,41.0,59.0,6216634039759542.0,3636770766848.0,428546174484480.0,24.42,21.0,28.0,0.29614244304597376,0.26628414541482925,0.32999929040670395,0.34625,0.25,0.5
4,schulze,canonical,229,200,65.58,57.0,75.0,49.305,41.0,59.0,7035587472782981.0,3972347854848.0,495026287149056.0,24.59,21.0,28.0,0.29453785784542563,0.262546144425869,0.32638028264045715,0.295,0.0,0.5
4,schulze,canonical,230,200,64.99,54.0,75.0,49.315,41.0,59.0,8267377188682362.0,4372512833536.0,562599628374016.0,24.5,21.0,28.0,0.29766014762222764,0.2637894079089165,0.32871781289577484,0.295,0.0,0.5
4,schulze,canonical,231,200,65.39,56.0,74.0,49.275,40.75,59.25,9533523935412736.0,4718699085824.0,651042266021888.0,24.425,21.0,28.0,0.2992155610769987,0.2673729881644249,0.3326682448387146,0.32125,0.0,0.5
4,schulze,canonical,232,200,65.73,57.0,75.0,49.305,41.0,59.25,1.0884279626450636e+16,5393786994688.0,793747017170944.0,24.295,20.0,27.0,0.2985524220764637,0.2672097980976105,0.33133654296398163,0.29875,0.0,0.5
4,schulze,canonical,233,200,65.29,56.0,75.0,49.355,40.0,59.25,1.2421269822700008e+16,5496929386496.0,940844731334656.0,24.285,21.0,28.0,0.29768624119460585,0.2678970918059349,0.3319012522697449,0.3075,0.0,0.5
4,schulze,canonical,234,200,65.415,55.75,75.0,49.335,40.0,59.25,1.4580556568452912e+16,5969264377856.0,978303523487744.0,24.355,20.0,28.0,0.29598833158612253,0.26772282272577286,0.3262484297156334,0.31125,0.0,0.5
4,schulze,canonical,235,200,65.375,57.0,74.25,49.305,41.0,59.25,1.7115404556474742e+16,6643260850176.0,1149706675683328.0,24.475,21.0,28.0,0.2954279650002718,0.26322995871305466,0.3243181183934212,0.34125,0.0,0.5
4,schulze,canonical,236,200,65.045,55.0,75.25,49.275,40.75,60.0,2.0361062398105588e+16,6725591629824.0,1291237290147840.0,24.76,21.0,28.0,0.29392498210072515,0.26712507009506226,0.3240860477089882,0.3225,0.0,0.5
4,schulze,canonical,237,200,65.475,56.0,75.0,49.32,40.75,60.0,2.4063267828633844e+16,7321074139136.0,1311453466329088.0,24.865,21.0,29.0,0.29431761011481283,0.26560793817043304,0.3248746395111084,0.31,0.0,0.5
4,schulze,canonical,238,200,65.265,56.0,76.0,49.37,40.75,60.0,2.758161613440607e+16,8049211604992.0,1384405767553024.0,25.11,21.0,28.25,0.29415247932076455,0.26659926772117615,0.3247712329030037,0.29,0.0,0.5
4,schulze,canonical,239,200,65.25,56.0,74.0,49.415,40.0,60.0,3.0883632748036364e+16,9387687018496.0,1573417413246976.0,25.06,21.0,29.0,0.29602537043392657,0.2687826156616211,0.32620975375175476,0.31625,0.0,0.5
4,schulze,canonical,240,200,65.035,55.75,75.0,49.495,40.0,60.0,3.63541899200543e+16,10414397063168.0,1689424379248640.0,25.105,21.0,29.0,0.29598152555525303,0.27101776748895645,0.3218534514307976,0.3225,0.25,0.5
4,schulze,canonical,241,200,65.095,56.0,74.25,49.545,40.75,60.0,4.0934304767715e+16,11243272798208.0,1875633558781952.0,25.32,21.0,29.0,0.29465220227837563,0.26790957897901535,0.32332921028137207,0.3025,0.0,0.5
4,schulze,canonical,242,200,65.065,56.0,74.25,49.605,40.75,60.0,4.846434269280928e+16,10718639030272.0,2075365409292288.0,25.195,21.0,29.0,0.2968800640851259,0.2675524055957794,0.3263879641890526,0.33375,0.1875,0.5
4,schulze,canonical,243,200,65.14,56.0,75.0,49.59,40.75,60.0,5.733035114903299e+16,11352130977792.0,2156670381719552.0,25.305,21.0,29.0,0.296131491959095,0.26711369305849075,0.3264467567205429,0.29875,0.0,0.5
4,schulze,canonical,244,200,65.16,56.0,75.25,49.55,40.75,60.0,6.655137616084785e+16,13367685677056.0,2253383482212352.0,25.285,21.0,29.0,0.2970227994769812,0.26492056995630264,0.3315691202878952,0.30125,0.0,0.5
4,schulze,canonical,245,200,64.89,56.0,75.0,49.575,40.0,60.0,7.569391122744157e+16,15196589916160.0,2549449033252864.0,25.225,21.0,29.0,0.29822523340582846,0.26751580834388733,0.332149475812912,0.2825,0.0,0.5
4,schulze,canonical,246,200,65.235,55.75,75.0,49.595,40.0,59.25,8.579338470325848e+16,16407263444992.0,2753496084381696.0,24.97,21.0,29.0,0.2993354856967926,0.26896730065345764,0.328963004052639,0.30125,0.0,0.5
4,schulze,canonical,247,200,65.055,56.0,75.0,49.635,40.75,60.0,9.608509283309102e+16,17808588800000.0,3097242382630912.0,24.985,21.0,28.0,0.2986011166125536,0.2692858800292015,0.3231488913297653,0.31625,0.0,0.5
4,schulze,canonical,248,200,65.465,57.0,75.0,49.675,40.0,60.0,1.0374222869119688e+17,19103859867648.0,3379327781568512.0,24.98,21.0,28.25,0.2982199663668871,0.2688874527812004,0.3266771659255028,0.30875,0.0,0.5
4,schulze,canonical,249,200,65.32,57.0,75.0,49.66,40.0,59.0,1.128467041990334e+17,20661472329728.0,3987319392567296.0,25.14,21.0,29.0,0.2967557001113892,0.2658202648162842,0.3228350505232811,0.2975,0.0,0.5
4,schulze,canonical,250,200,65.44,57.0,74.25,49.685,40.0,59.0,1.2667296752406933e+17,22352894099456.0,4628381446438912.0,24.95,21.0,28.25,0.29739256501197814,0.27024276554584503,0.3185603842139244,0.27875,0.0,0.5
5,random,reference,1,200,67.12,64.75,70.0,2.155,1.0,3.0,9396.41805908203,8192.898803710938,10692.52392578125,20.415,18.0,22.0,0.3271015299856663,0.2988799437880516,0.34749750792980194,0.61,0.5,0.75
5,random,reference,2,200,67.2,64.0,70.0,3.255,2.0,4.0,8852.364248046875,7299.674072265625,9454.40380859375,20.3,18.0,22.0,0.3284652771800756,0.30193597823381424,0.3491153419017792,0.6225,0.5,0.75
5,random,reference,3,200,67.42,64.0,71.0,4.24,2.0,6.0,8506.295,7038.0201416015625,9719.201171875,20.29,18.75,22.0,0.3296888688206673,0.30140265077352524,0.3535163179039955,0.58875,0.5,0.75
5,random,reference,4,200,66.945,64.0,70.0,5.03,3.0,7.0,8019.169486083984,6236.3055419921875,9515.2099609375,20.3,18.75,22.0,0.3297238855808973,0.30587299168109894,0.35297492146492004,0.62125,0.5,0.75
5,random,reference,5,200,67.105,64.0,70.25,5.65,3.0,7.0,7475.097159423828,5870.05908203125,8773.60791015625,20.11,18.0,22.0,0.32953318402171133,0.30532196909189224,0.35546624660491943,0.6475,0.5,0.75
5,random,reference,6,200,66.785,64.0,70.0,6.185,3.0,8.0,7065.553780517578,5167.8092041015625,8329.891845703125,20.205,18.0,22.0,0.3286746673285961,0.3073558732867241,0.3493497893214226,0.61875,0.5,0.75
5,random,reference,7,200,67.025,64.0,71.0,6.6,4.0,9.0,6576.9468286132815,4930.291259765625,8069.5107421875,20.085,18.0,22.0,0.32949697397649286,0.3043835386633873,0.35076040029525757,0.64375,0.5,0.75
5,random,reference,8,200,66.04,63.0,69.0,7.13,4.0,9.0,6325.333654785156,4456.4447021484375,7776.0228271484375,20.33,18.0,22.0,0.3259979726374149,0.30214984714984894,0.34793906658887863,0.61875,0.5,0.75
5,random,reference,9,200,66.41,64.0,69.0,7.67,5.0,10.0,5896.7810546875,4003.1942749023438,7068.362548828125,20.29,18.0,22.0,0.326690358966589,0.3078392669558525,0.34424079209566116,0.63125,0.5,0.75
5,random,reference,10,200,66.175,63.0,70.0,7.92,4.0,10.0,5476.775758666992,3645.80517578125,6624.645751953125,20.22,18.75,22.0,0.32946365654468535,0.30931469053030014,0.34734899550676346,0.66125,0.5,0.75
5,random,reference,11,200,66.24,64.0,69.0,8.425,5.0,11.0,5183.946237182618,3481.3467407226562,6059.056884765625,20.19,18.0,22.0,0.3274387799203396,0.3014264479279518,0.3486071154475212,0.60125,0.5,0.75
5,random,reference,12,200,66.31,64.0,69.0,8.765,5.0,11.25,4863.191416625977,3146.9653930664062,6041.7794189453125,20.13,18.0,22.0,0.32845714449882507,0.30782079696655273,0.3482459634542465,0.62875,0.5,0.75
5,random,reference,13,200,65.75,63.0,69.0,9.18,6.0,12.0,4585.1115686035155,2971.6573486328125,5516.691162109375,19.98,18.0,22.0,0.32787792474031446,0.3066471591591835,0.3489183709025383,0.62375,0.5,0.75
5,random,reference,14,200,65.77,62.0,69.0,9.58,6.0,13.0,4288.8013876342775,2683.9859619140625,5372.227294921875,20.37,18.0,22.0,0.32747622415423394,0.3063116744160652,0.351559542119503,0.635,0.5,0.75
5,random,reference,15,200,66.035,62.0,70.0,10.38,6.0,14.0,3981.246956176758,2502.4967041015625,4755.989501953125,20.48,18.0,22.0,0.32630260653793813,0.30594635009765625,0.3491359204053879,0.64875,0.5,0.75
5,random,reference,16,200,65.9,62.75,69.0,10.685,6.0,15.0,3779.2839263916017,2378.5532836914062,4727.4161376953125,20.545,19.0,22.0,0.32622529901564123,0.3039296790957451,0.3487662896513939,0.62,0.5,0.75
5,random,reference,17,200,65.865,62.75,69.0,10.785,6.0,14.0,3507.714104309082,2145.7884521484375,4360.1212158203125,20.23,18.0,22.0,0.3282313460856676,0.3071696236729622,0.35065947473049164,0.6325,0.5,0.75
5,random,reference,18,200,65.405,63.0,68.0,11.345,6.0,15.0,3267.147167053223,2075.803955078125,4048.4470825195312,20.43,18.0,22.0,0.3253660314530134,0.30164992809295654,0.34770864248275757,0.63125,0.5,0.75
5,random,reference,19,200,65.45,62.0,69.0,11.705,7.0,15.0,3120.596509399414,1882.2986450195312,3843.90673828125,20.425,18.0,22.0,0.3274723556637764,0.30459290742874146,0.34436284750699997,0.6125,0.5,0.75
5,random,reference,20,200,65.46,62.0,69.0,12.015,7.75,16.0,2959.818801574707,1741.9452209472656,3968.726318359375,20.505,18.0,22.0,0.3265636822581291,0.300488218665123,0.3500266820192337,0.6325,0.5,0.75
5,random,reference,21,200,65.44,62.0,69.0,12.25,7.0,16.0,2799.8888487243653,1596.8998107910156,3525.0355224609375,20.295,18.0,22.0,0.3282958751916885,0.30588849633932114,0.3500317558646202,0.60625,0.5,0.75
5,random,reference,22,200,64.99,62.0,68.0,12.5,8.0,16.0,2647.24762298584,1502.8013916015625,3363.3035888671875,20.365,19.0,22.0,0.32642536126077176,0.30119550973176956,0.3467990458011627,0.61375,0.5,0.75
5,random,reference,23,200,64.895,61.0,68.0,12.745,7.0,17.0,2519.3571014404297,1331.7359924316406,3123.1738891601562,20.415,18.0,22.0,0.3279531952738762,0.3062031790614128,0.3511584848165512,0.6175,0.5,0.75
5,random,reference,24,200,65.2,62.0,68.0,12.74,7.0,17.0,2332.2865156555176,1265.4180297851562,2852.2877197265625,20.31,19.0,22.0,0.3273259598016739,0.30602703988552094,0.34911660850048065,0.6325,0.5,0.75
5,random,reference,25,200,65.005,62.0,68.0,13.095,8.0,17.0,2222.5402893066407,1159.4285278320312,2687.019287109375,20.135,18.75,22.0,0.3282896521687508,0.30476441979408264,0.3475140184164047,0.61125,0.5,0.75
5,random,reference,26,200,64.38,61.0,68.0,13.355,8.0,18.0,2080.131967468262,1078.7986450195312,2558.65771484375,20.02,18.0,22.0,0.33165130838751794,0.3109842538833618,0.35566572844982147,0.6475,0.5,0.75
5,random,reference,27,200,64.65,62.0,68.0,13.65,8.0,18.0,1985.1851100158692,1004.4404449462891,2476.2699584960938,19.86,18.0,21.25,0.3321508763730526,0.31133242696523666,0.3519085571169853,0.61875,0.5,0.75
5,random,reference,28,200,64.04,61.0,67.0,14.035,9.0,18.0,1889.375824279785,902.7719116210938,2216.3463134765625,19.915,18.0,22.0,0.32992346309125425,0.3062707781791687,0.35061657428741455,0.615,0.5,0.75
5,random,reference,29,200,63.96,60.0,68.0,14.33,9.0,18.0,1804.6112409973146,825.692626953125,2112.8078002929688,19.9,18.0,22.0,0.3307033582776785,0.30857716500759125,0.3511941209435463,0.62,0.5,0.75
5,random,reference,30,200,63.87,61.0,67.0,14.245,9.0,18.25,1706.2351512908936,767.7797088623047,2085.1156616210938,20.005,18.0,22.0,0.3305579099804163,0.31029263883829117,0.35001515597105026,0.62125,0.5,0.75
5,random,reference,31,200,64.23,61.0,67.0,14.21,9.0,19.0,1629.2134278869628,737.6106567382812,1908.0396423339844,19.98,18.0,22.0,0.32986322477459906,0.30671297013759613,0.3477497920393944,0.63,0.5,0.75
5,random,reference,32,200,64.545,61.0,68.0,14.585,9.0,19.0,1552.6781116485595,681.8637542724609,1742.7039489746094,19.835,18.0,21.0,0.3297925138473511,0.306087002158165,0.3509690910577774,0.61125,0.5,0.75
5,random,reference,33,200,63.6,61.0,67.0,14.94,10.0,19.0,1469.6347953796387,650.1971130371094,1762.8955993652344,20.0,18.0,22.0,0.3305014392733574,0.3059697449207306,0.35477204620838165,0.63875,0.5,0.75
5,random,reference,34,200,64.34,61.0,67.0,14.99,9.75,19.0,1385.8355082702637,573.3896179199219,1549.5945434570312,20.045,18.0,22.0,0.3312577349692583,0.3057272434234619,0.35265904664993286,0.61875,0.5,0.75
5,random,reference,35,200,62.9,59.0,67.0,15.26,9.0,19.0,1318.5369772338868,560.9931488037109,1419.4255676269531,19.965,18.0,22.0,0.3316265059262514,0.30679652094841003,0.3546657860279083,0.62375,0.5,0.75
5,random,reference,36,200,63.45,60.0,67.0,15.465,9.0,20.0,1241.584818725586,525.7407913208008,1545.1241455078125,20.085,18.0,22.0,0.3299557501077652,0.30510175973176956,0.34923747181892395,0.6175,0.5,0.75
5,random,reference,37,200,62.525,59.75,66.0,15.765,10.0,19.25,1188.0104273986817,468.4896240234375,1453.08349609375,20.155,18.75,22.0,0.32669029749929906,0.3045894578099251,0.34676866978406906,0.60625,0.5,0.75
5,random,reference,38,200,63.895,61.0,67.0,15.695,10.0,19.25,1100.7592010498047,445.42896270751953,1293.7822875976562,20.06,18.0,22.0,0.3293091860413551,0.30217891186475754,0.3561890721321106,0.635,0.5,0.75
5,random,reference,39,200,63.24,60.0,67.0,15.655,9.0,20.0,1020.6848254776,426.22132873535156,1294.60205078125,20.37,18.0,22.0,0.32621391892433166,0.3007832318544388,0.34761375188827515,0.64125,0.5,0.75
5,random,reference,40,200,63.135,60.0,67.0,15.435,10.0,19.0,967.984960308075,380.78458404541016,1112.0049438476562,20.46,19.0,22.0,0.32337680138647557,0.30272945016622543,0.34233275055885315,0.6375,0.5,0.75
5,random,reference,41,200,64.175,61.0,67.25,15.715,10.0,20.0,906.5933448028564,362.9181365966797,1102.3767700195312,20.395,18.0,22.0,0.32344496369361875,0.3034537136554718,0.34383709728717804,0.63875,0.5,0.75
5,random,reference,42,200,63.185,59.0,67.0,15.98,10.0,21.0,868.802492313385,335.4684753417969,1025.2255859375,20.25,18.0,22.0,0.32625315845012665,0.3018745258450508,0.34570062160491943,0.59125,0.5,0.75
5,random,reference,43,200,63.23,60.0,67.0,16.155,10.0,21.0,818.8238360977173,323.9001770019531,934.8292388916016,20.35,19.0,22.0,0.32781058341264724,0.303550086915493,0.3521435409784317,0.66375,0.5,0.75
5,random,reference,44,200,63.25,60.0,67.0,16.175,10.0,21.0,742.9054215049744,284.87998962402344,870.4844665527344,20.165,18.0,22.0,0.32936289012432096,0.3038494512438774,0.34932614862918854,0.65,0.5,0.75
5,random,reference,45,200,62.885,59.0,66.0,16.125,10.0,20.0,735.4753266525269,286.2602767944336,820.6551666259766,20.165,18.0,22.0,0.32842658817768094,0.3027208745479584,0.3502633348107338,0.60625,0.5,0.75
5,random,reference,46,200,62.415,59.75,66.0,16.31,11.0,21.0,698.7534112071991,245.38250732421875,809.5667266845703,20.325,18.0,22.0,0.3247444759309292,0.30204328149557114,0.34325917810201645,0.62125,0.5,0.75
5,random,reference,47,200,62.325,58.0,66.0,16.5,11.0,21.0,657.068544921875,219.76839065551758,744.5845642089844,20.16,18.0,22.0,0.32858043402433396,0.3074371889233589,0.34802549332380295,0.61875,0.5,0.75
5,random,reference,48,200,61.63,58.0,65.0,16.61,11.0,21.0,614.241860628128,203.20152282714844,697.7190399169922,20.085,18.0,22.0,0.33234057918190957,0.30794642120599747,0.35293322801589966,0.6325,0.5,0.75
5,random,reference,49,200,62.2,58.75,66.0,16.87,11.0,22.0,586.5047183418274,203.37929153442383,664.4782409667969,20.075,18.0,22.0,0.32865182220935824,0.3080405294895172,0.3480694144964218,0.6175,0.5,0.75
5,random,reference,50,200,63.085,59.0,66.25,17.11,11.0,21.25,532.6731125831604,181.93483352661133,649.6923675537109,20.39,18.0,22.0,0.32671842865645884,0.3016960024833679,0.35006992518901825,0.66375,0.5,0.75
5,random,reference,51,200,62.38,59.0,66.0,17.12,11.0,23.0,489.3254118347168,177.08050537109375,611.0103149414062,20.275,18.0,22.0,0.32643916286528113,0.30456972122192383,0.3466632142663002,0.655,0.5,0.75
5,random,reference,52,200,62.415,59.0,66.0,17.18,11.0,22.0,458.0315464115143,158.79824447631836,554.2364654541016,20.065,18.0,22.0,0.32980961084365845,0.30623190850019455,0.35340961813926697,0.61875,0.5,0.75
5,random,reference,53,200,62.555,60.0,66.0,17.16,11.0,21.0,425.5338737487793,153.4716796875,514.7368316650391,20.04,18.0,21.25,0.3290815669298172,0.31160176545381546,0.35022085905075073,0.63375,0.5,0.75
5,random,reference,54,200,61.74,58.0,65.0,17.185,11.0,22.0,406.44464568138125,148.07215118408203,509.26878356933594,20.0,18.0,21.0,0.3294937950372696,0.3077535554766655,0.3503592014312744,0.61125,0.5,0.75
5,random,reference,55,200,62.21,59.0,66.0,17.19,11.0,22.0,388.09894144535065,127.01548767089844,495.6271743774414,20.48,19.0,22.0,0.32515653952956197,0.30350153893232346,0.34664570540189743,0.6375,0.5,0.75
5,random,reference,56,200,61.355,58.0,65.0,17.36,11.0,22.0,366.47164318561556,124.24003601074219,431.11163330078125,20.325,18.0,22.0,0.3263349545747042,0.3042895793914795,0.34736546874046326,0.65,0.5,0.75
5,random,reference,57,200,60.9,58.0,64.25,17.25,10.0,22.0,339.28741552352903,113.1621150970459,396.59130859375,20.34,18.0,22.0,0.3277584186941385,0.30583856254816055,0.3500726446509361,0.6175,0.5,0.75
5,random,reference,58,200,62.145,58.0,65.0,17.38,11.0,22.0,320.52509697437284,99.94889259338379,355.4335479736328,20.21,18.0,22.0,0.32955975882709027,0.3021320551633835,0.35212089866399765,0.65,0.5,0.75
5,random,reference,59,200,61.01,57.0,65.0,17.685,11.0,22.0,302.93314404964445,95.3964672088623,334.1141357421875,20.295,18.0,22.25,0.3284347964823246,0.305387407541275,0.34697403758764267,0.61875,0.5,0.75
5,random,reference,60,200,61.02,57.0,65.0,17.915,12.0,23.0,278.5379966545105,93.45495414733887,323.8654098510742,20.375,18.0,22.0,0.32789691656827924,0.30119582265615463,0.3522765338420868,0.5925,0.5,0.75
5,random,reference,61,200,61.47,58.0,65.0,18.17,12.0,23.0,259.73419353961947,88.63856506347656,302.14188385009766,20.085,18.0,22.0,0.33029540672898294,0.30387289077043533,0.3561331629753113,0.6275,0.5,0.75
5,random,reference,62,200,60.855,57.0,65.0,18.35,12.0,24.0,242.95387516498565,84.23703575134277,290.6660385131836,20.41,18.0,23.0,0.32847402676939963,0.30148225277662277,0.3481154441833496,0.615,0.5,0.75
5,random,reference,63,200,61.28,58.75,64.0,18.3,11.0,23.0,230.91152017116548,78.29224967956543,264.2600402832031,20.37,19.0,22.0,0.3268894585967064,0.3037969768047333,0.3463352918624878,0.6025,0.5,0.75
5,random,reference,64,200,61.095,58.0,64.25,18.52,11.0,24.0,216.3740084695816,67.59317779541016,252.97198104858398,20.125,18.0,22.0,0.32737836420536043,0.30372266471385956,0.34825852513313293,0.6025,0.5,0.75
5,random,reference,65,200,60.985,57.0,64.25,18.765,12.0,24.0,200.73801535129547,63.2121057510376,214.3946533203125,20.01,18.75,22.0,0.3294865794479847,0.30712607502937317,0.34792225807905197,0.65375,0.5,0.75
5,random,reference,66,200,60.345,57.0,64.0,18.89,12.0,24.0,195.3066834282875,59.0532341003418,211.57684326171875,20.375,19.0,22.0,0.3263483764976263,0.30385572463274,0.34791169315576553,0.58625,0.5,0.75
5,random,reference,67,200,59.53,55.0,64.0,19.0,12.0,24.0,190.01016733407974,57.82847881317139,197.67937850952148,20.435,18.0,23.0,0.32483297273516654,0.30080546438694,0.34658025950193405,0.60875,0.5,0.75
5,random,reference,68,200,60.465,57.0,64.0,19.165,12.75,24.0,181.41595263957979,53.97765254974365,189.23711395263672,20.375,19.0,22.0,0.3251085927337408,0.30403126776218414,0.3458779975771904,0.6125,0.5,0.75
5,random,reference,69,200,59.93,56.0,64.0,19.315,13.0,24.0,171.5720365214348,51.02022075653076,199.19839477539062,20.39,19.0,22.0,0.32485537737607956,0.30296266824007034,0.34382331371307373,0.62375,0.5,0.75
5,random,reference,70,200,60.605,57.0,64.0,19.3,12.0,24.25,160.43178632497788,48.7896728515625,179.99315643310547,20.31,19.0,22.0,0.32425022557377814,0.30047716945409775,0.34281205385923386,0.63,0.5,0.75
5,random,reference,71,200,59.615,57.0,62.0,19.265,13.0,24.25,148.33233647823334,43.30256462097168,167.8182601928711,20.285,19.0,22.0,0.32323662683367727,0.3043585866689682,0.34096281230449677,0.62,0.5,0.75
5,random,reference,72,200,59.865,57.0,64.0,19.29,12.0,24.25,138.18343447208406,42.01011276245117,169.12029647827148,20.305,19.0,22.0,0.3257741714268923,0.3055679425597191,0.3447563126683235,0.61125,0.5,0.75
5,random,reference,73,200,59.795,56.0,63.0,19.35,12.75,24.25,128.15325857400893,38.865187644958496,150.2910499572754,20.255,19.0,22.0,0.32443352714180945,0.30439529567956924,0.344139888882637,0.635,0.5,0.75
5,random,reference,74,200,60.05,57.0,63.25,19.445,12.0,26.0,121.64366871356964,33.085899353027344,141.62641525268555,20.32,18.0,22.0,0.32386448107659815,0.30034618079662323,0.3438175097107887,0.6175,0.5,0.75
5,random,reference,75,200,60.02,57.0,63.0,19.66,12.0,25.25,115.77080459356308,34.45450496673584,133.1358184814453,20.21,18.75,22.0,0.32441842727363107,0.3020583838224411,0.3469233885407448,0.6125,0.5,0.75
5,random,reference,76,200,59.625,56.0,63.0,19.83,12.0,26.0,111.39273388624191,31.426687240600586,128.38333892822266,20.13,18.0,22.0,0.32575768887996676,0.29983311891555786,0.34563465416431427,0.62125,0.5,0.75
5,random,reference,77,200,59.755,56.0,63.0,20.18,12.75,26.0,103.75595803260804,30.752984523773193,116.34921073913574,20.29,18.0,23.0,0.32707469299435615,0.29914745688438416,0.350417785346508,0.6275,0.5,0.75
5,random,reference,78,200,59.425,56.0,63.0,20.36,12.0,27.0,97.15390219569207,27.792437076568604,113.11034202575684,20.255,18.0,22.0,0.32683980770409105,0.3033829554915428,0.35127539932727814,0.6325,0.5,0.75
5,random,reference,79,200,59.765,57.0,63.0,20.43,13.0,26.0,91.77260614871979,25.59577751159668,111.22554397583008,20.495,18.0,22.25,0.3249801316857338,0.3046932816505432,0.3459069952368736,0.60625,0.5,0.75
5,random,reference,80,200,59.105,55.0,63.0,20.655,12.75,27.0,87.13228732824325,23.582762718200684,103.21924209594727,20.265,18.0,22.0,0.3282355724275112,0.3069954961538315,0.34654227644205093,0.65,0.5,0.75
5,random,reference,81,200,58.63,55.0,62.0,20.87,13.0,27.0,84.85332724690437,21.43864917755127,101.05321884155273,20.4,18.75,22.0,0.32485791921615603,0.30508773028850555,0.341746985912323,0.61875,0.5,0.75
5,random,reference,82,200,59.165,56.0,62.0,20.94,12.0,27.0,78.20031206846237,21.590627670288086,89.05200576782227,19.96,18.0,22.0,0.326552851870656,0.3055973947048187,0.3471669480204582,0.635,0.5,0.75
5,random,reference,83,200,58.59,55.0,63.0,20.86,12.0,27.0,71.8072043144703,18.9474778175354,90.60754013061523,20.03,18.0,22.0,0.32843276888132095,0.30614709854125977,0.35033219307661057,0.65,0.5,0.75
5,random,reference,84,200,59.05,55.0,63.0,21.035,13.0,27.0,68.15786299824714,18.543288230895996,77.54692649841309,20.045,18.0,22.0,0.32804240345954894,0.304457888007164,0.35197963565588,0.5875,0.5,0.75
5,random,reference,85,200,58.3,55.0,61.0,21.365,13.0,28.0,65.18915258944034,16.034013748168945,77.06311988830566,20.0,18.0,22.0,0.32819314002990724,0.30441252887248993,0.35096608102321625,0.6325,0.5,0.75
5,random,reference,86,200,59.04,55.0,63.0,21.435,13.0,28.0,60.378876937627794,14.810433387756348,73.29837036132812,20.09,18.0,22.0,0.33013225547969344,0.3058781698346138,0.3529580682516098,0.62875,0.5,0.75
5,random,reference,87,200,58.785,55.75,62.25,21.775,13.0,28.25,56.36098167896271,13.943031072616577,69.84192848205566,19.895,18.0,21.25,0.33122774481773376,0.3095082938671112,0.3546482250094414,0.64625,0.5,0.75
5,random,reference,88,200,58.64,55.0,62.0,21.81,14.0,29.0,52.62724821567535,12.07455563545227,66.12355613708496,20.105,18.0,22.0,0.32840755678713324,0.30610838532447815,0.3526752293109894,0.64875,0.5,0.75
5,random,reference,89,200,58.21,54.75,62.0,22.06,14.0,29.0,51.920547820329666,12.081516981124878,66.3121452331543,20.435,19.0,22.0,0.32550118908286096,0.30485714972019196,0.34740547090768814,0.63,0.5,0.75
5,random,reference,90,200,58.11,53.75,62.25,22.305,14.0,30.0,49.15797549247742,10.722394704818726,58.58011341094971,20.35,18.0,22.0,0.3266730355471373,0.3064417243003845,0.35056696087121964,0.595,0.5,0.75
5,random,reference,91,200,58.52,55.0,63.0,22.22,13.0,30.0,45.84197480380535,10.524168252944946,55.91358184814453,20.195,18.0,22.0,0.32947503857314586,0.3047919124364853,0.3496266081929207,0.6375,0.5,0.75
5,random,reference,92,200,57.87,54.0,61.25,22.38,14.0,30.0,44.00003336310387,9.163126707077026,48.25097465515137,20.16,19.0,22.0,0.32755566664040087,0.30660148710012436,0.34819720685482025,0.6225,0.5,0.75
5,random,reference,93,200,57.895,55.0,62.0,22.53,14.0,30.0,40.93886328220368,8.603940963745117,43.61275291442871,20.19,19.0,22.0,0.32817999117076396,0.3028629869222641,0.349445678293705,0.62125,0.5,0.75
5,random,reference,94,200,58.39,54.0,62.0,22.71,14.0,30.0,39.50112805247307,8.264327764511108,46.59217643737793,20.37,19.0,22.0,0.32699204549193384,0.30806054919958115,0.347620889544487,0.62375,0.5,0.75
5,random,reference,95,200,57.435,54.0,61.0,22.76,14.0,30.0,36.653599309325216,7.128188133239746,41.12426471710205,20.4,19.0,22.0,0.3260209396481514,0.30241747945547104,0.34672584384679794,0.65875,0.5,0.75
5,random,reference,96,200,57.685,54.0,61.0,22.895,14.0,30.0,35.42013790816068,6.488154292106628,37.77827548980713,20.28,19.0,22.0,0.32842899069190024,0.3104412779211998,0.3463289812207222,0.615,0.5,0.75
5,random,reference,97,200,57.52,54.0,61.0,22.815,14.0,30.0,33.618420566022394,5.665223836898804,37.8573055267334,20.065,18.0,22.0,0.3300584453344345,0.30586011707782745,0.35428135097026825,0.6,0.5,0.75
5,random,reference,98,200,57.705,54.0,61.25,22.725,14.0,30.0,31.575386983454226,5.130314588546753,36.12862014770508,20.135,18.0,22.0,0.32904464535415173,0.3075472265481949,0.3514028415083885,0.60125,0.5,0.75
5,random,reference,99,200,57.71,54.0,61.0,22.84,14.75,29.0,29.649384484291076,4.899046540260315,34.35584831237793,20.395,18.0,22.0,0.32854013063013554,0.3016554191708565,0.35134365409612656,0.6125,0.5,0.75
5,random,reference,100,200,57.655,54.0,62.0,22.925,14.0,29.0,28.446495235860347,4.626750230789185,31.364840984344482,20.02,18.0,22.0,0.3296352419257164,0.3064017966389656,0.34872303158044815,0.62375,0.5,0.75
5,random,reference,101,200,57.26,53.0,61.0,23.085,14.0,30.0,27.798611991405487,4.356699109077454,30.70195436477661,19.925,18.0,22.0,0.3314726933091879,0.30525293946266174,0.3534577488899231,0.605,0.5,0.75
5,random,reference,102,200,57.135,53.0,61.0,23.315,14.75,31.0,26.738724547475577,4.160438895225525,30.6152400970459,20.09,18.0,22.0,0.3300451393425465,0.30415885895490646,0.34854336082935333,0.62625,0.5,0.75
5,random,reference,103,200,56.745,53.0,61.0,23.33,14.75,31.25,24.98697744548321,3.853908896446228,30.04243755340576,20.175,18.0,22.0,0.33022575318813324,0.3047932982444763,0.3495280221104622,0.63875,0.5,0.75
5,random,reference,104,200,56.98,53.0,61.0,23.295,14.0,31.0,23.90482109412551,3.398655891418457,28.59722661972046,20.25,18.0,22.0,0.32891492679715156,0.30472322553396225,0.351114384829998,0.6325,0.5,0.75
5,random,reference,105,200,57.175,54.0,61.0,23.31,14.0,32.0,22.237833937183023,3.1189299821853638,26.311803817749023,20.19,18.0,22.0,0.3269445939362049,0.3046782538294792,0.34958021342754364,0.64875,0.5,0.75
5,random,reference,106,200,56.625,53.0,60.0,23.665,15.0,32.0,20.40277632378042,2.9363521337509155,26.15878200531006,20.26,18.0,22.0,0.3252722792327404,0.29963263124227524,0.34776709973812103,0.615,0.5,0.75
5,random,reference,107,200,56.24,52.75,60.0,23.7,15.0,32.0,19.07857037037611,2.9968634843826294,23.211411476135254,20.18,18.0,22.0,0.3262334743142128,0.30369068682193756,0.34630241990089417,0.5975,0.5,0.75
5,random,reference,108,200,56.64,53.75,60.0,23.555,15.0,32.0,18.251757085621357,2.5847461819648743,22.651484489440918,19.99,18.0,22.0,0.3284472445398569,0.30240487307310104,0.35353127121925354,0.61,0.5,0.75
5,random,reference,109,200,56.505,52.0,61.0,23.81,14.0,33.0,17.17882792621851,2.612452447414398,20.488990783691406,19.925,18.0,21.0,0.32833145998418334,0.30144311487674713,0.3493514657020569,0.635,0.5,0.75
5,random,reference,110,200,56.675,52.75,61.0,23.975,14.0,32.0,16.173639136850834,2.5058714151382446,19.645275592803955,19.99,18.0,21.25,0.32758362412452696,0.3001825734972954,0.3507593497633934,0.60125,0.5,0.75
5,random,reference,111,200,56.095,52.0,60.0,24.05,15.0,33.0,15.607797292917967,2.394585430622101,18.373455047607422,20.12,18.0,22.0,0.32702918618917465,0.3053441345691681,0.3504112809896469,0.635,0.5,0.75
5,random,reference,112,200,56.52,53.0,60.0,24.265,15.0,33.0,14.651936980187893,2.1674349308013916,17.809714794158936,20.31,18.0,22.0,0.32570449009537694,0.3029719367623329,0.34791160374879837,0.64125,0.5,0.75
5,random,reference,113,200,56.035,52.75,59.0,24.145,15.0,33.0,13.884123427122832,2.1345983743667603,17.320245265960693,20.35,18.0,22.0,0.32513465486466886,0.302620567381382,0.34468262642621994,0.6175,0.5,0.75
5,random,reference,114,200,55.77,52.0,60.0,24.32,15.0,33.0,12.892677254453302,1.8523103892803192,16.10104465484619,20.55,19.0,22.0,0.32163517490029336,0.3013548254966736,0.3399098739027977,0.64,0.5,0.75
5,random,reference,115,200,55.99,53.0,59.0,24.27,14.0,33.0,12.487325601577759,1.9039086401462555,16.221125602722168,20.33,18.0,22.0,0.3245175576210022,0.30111555755138397,0.3473066911101341,0.58,0.5,0.75
5,random,reference,116,200,55.46,52.0,60.0,24.28,14.0,32.0,11.975256696641445,1.7802241742610931,14.812634944915771,20.39,19.0,22.0,0.32362923070788385,0.2974438816308975,0.347094401717186,0.59875,0.5,0.75
5,random,reference,117,200,55.2,52.0,58.0,24.33,14.0,33.0,11.511048755794764,1.6792568266391754,13.6666259765625,20.555,18.0,22.0,0.32328851491212846,0.3017256408929825,0.3460788279771805,0.62875,0.5,0.75
5,random,reference,118,200,55.78,52.0,59.25,24.365,14.75,32.0,10.64241890527308,1.5124561190605164,12.29723572731018,20.59,18.0,22.0,0.32407625891268255,0.29980068653821945,0.34797552973032,0.60375,0.5,0.75
5,random,reference,119,200,55.35,52.0,59.0,24.185,14.0,32.0,10.005786614641547,1.449627697467804,11.13131046295166,20.31,18.0,22.0,0.3277601705491543,0.3060876354575157,0.3503405749797821,0.62125,0.5,0.75
5,random,reference,120,200,54.755,51.0,59.0,24.175,15.0,32.0,9.593197654336691,1.4623063504695892,10.699114322662354,20.205,18.0,22.0,0.3288609224557877,0.30730661004781723,0.3481544852256775,0.62,0.5,0.75
5,random,reference,121,200,55.615,52.0,59.0,24.28,15.0,32.0,8.993466877304018,1.300956279039383,9.388119459152222,20.055,18.0,22.0,0.32682278893887995,0.3070429414510727,0.3425033465027809,0.6275,0.5,0.75
5,random,reference,122,200,55.41,52.0,58.0,24.225,15.0,33.0,8.64714927829802,1.2628670930862427,9.105139970779419,20.01,18.0,22.0,0.32837468475103376,0.3069659397006035,0.34665100276470184,0.63125,0.5,0.75
5,random,reference,123,200,55.025,51.75,58.0,24.11,15.0,33.0,8.113148672021925,1.1772590279579163,9.05091905593872,20.05,18.0,22.0,0.32840771846473216,0.3029877096414566,0.35155966132879257,0.60875,0.5,0.75
5,random,reference,124,200,54.7,51.0,58.0,24.22,15.0,32.0,7.740638557672501,1.112825483083725,8.397768020629883,20.16,18.0,22.0,0.32862083457410335,0.3029085248708725,0.3495456352829933,0.6475,0.5,0.75
5,random,reference,125,200,54.9,51.0,59.0,24.475,15.0,32.0,7.456414982751012,1.045995831489563,8.138432502746582,20.285,18.0,22.0,0.3265631102770567,0.3048129081726074,0.34606388211250305,0.61125,0.5,0.75
5,random,reference,126,200,54.705,51.75,58.0,24.6,15.0,33.0,6.95943970207125,0.9190284013748169,7.626227974891663,20.17,18.0,22.0,0.3271694738417864,0.30786021053791046,0.345135860145092,0.62375,0.5,0.75
5,random,reference,127,200,53.87,50.75,58.0,24.765,14.75,33.0,6.359360950775445,0.8716679066419601,7.015152454376221,20.25,18.0,22.0,0.3267451985180378,0.30202289670705795,0.3495277389883995,0.65125,0.5,0.75
5,random,reference,128,200,54.675,51.0,58.25,24.78,15.0,33.0,6.120395611077547,0.7418104857206345,6.629822850227356,20.475,18.0,22.0,0.32387406930327417,0.29989612102508545,0.3482704386115074,0.59625,0.5,0.75
5,random,reference,129,200,54.015,51.0,58.0,24.93,15.0,33.25,5.77751988504082,0.7585823386907578,5.97651743888855,20.415,18.0,23.0,0.3252780932188034,0.30079199373722076,0.34772513061761856,0.63,0.5,0.75
5,random,reference,130,200,54.52,50.75,59.0,25.135,15.0,33.0,5.518541718162596,0.7130807638168335,5.464806079864502,20.03,18.0,22.0,0.32855379618704317,0.30725985020399094,0.35280850529670715,0.65875,0.5,0.75
5,random,reference,131,200,53.74,50.0,58.0,25.135,15.0,34.0,5.282962961308658,0.668792113661766,5.480950713157654,20.085,18.0,22.0,0.32753309279680254,0.3014819324016571,0.34978847205638885,0.62375,0.5,0.75
5,random,reference,132,200,54.05,50.0,58.0,25.135,15.0,33.25,4.878603343255818,0.6571333110332489,5.464061498641968,20.2,18.0,22.0,0.3266328839957714,0.30354248732328415,0.3452669307589531,0.635,0.5,0.75
5,random,reference,133,200,53.555,50.0,57.25,25.11,15.75,33.0,4.591176127046347,0.6129361540079117,5.400644779205322,20.28,18.0,22.0,0.3256787274777889,0.30260301381349564,0.34598762542009354,0.5975,0.5,0.75
5,random,reference,134,200,54.125,50.0,59.0,25.065,15.75,35.0,4.48013035075739,0.5354990512132645,4.897228002548218,19.94,18.0,22.0,0.3287840574234724,0.3052743822336197,0.3478034511208534,0.6375,0.5,0.75
5,random,reference,135,200,53.33,50.0,57.0,24.9,15.0,34.0,4.173253330923617,0.5345645248889923,4.514321327209473,20.04,18.0,22.0,0.32748471707105636,0.3023436665534973,0.3501577079296112,0.61125,0.5,0.75
5,random,reference,136,200,53.825,50.0,58.0,24.925,15.0,33.25,3.972271978687495,0.47239160537719727,4.051252841949463,20.215,18.0,22.0,0.3272524933516979,0.30375758558511734,0.3500407189130783,0.645,0.5,0.75
5,random,reference,137,200,53.495,49.0,58.0,25.085,16.0,34.25,3.8229774424247442,0.40241045504808426,4.216368913650513,20.215,18.0,22.0,0.3277391190081835,0.30152615159749985,0.34803831577301025,0.6425,0.5,0.75
5,random,reference,138,200,54.065,50.0,58.0,25.37,16.0,34.0,3.701619207356125,0.36797747015953064,3.84772652387619,20.24,18.75,22.0,0.3283974524587393,0.30439843982458115,0.3485245704650879,0.62,0.5,0.75
5,random,reference,139,200,53.63,50.0,57.0,25.53,15.0,34.0,3.679025031523779,0.36984577775001526,4.156980872154236,20.385,19.0,22.0,0.3275541663914919,0.3018678203225136,0.3483641669154167,0.62375,0.5,0.75
5,random,reference,140,200,53.385,49.0,57.0,25.39,15.0,34.0,3.2703327052667737,0.3628704696893692,3.565444052219391,20.205,18.0,22.0,0.32933520175516606,0.3035217300057411,0.3528962805867195,0.59625,0.5,0.75
5,random,reference,141,200,53.375,50.0,57.0,25.405,15.0,35.0,3.070922475177795,0.3215344548225403,3.4000169038772583,20.065,18.0,22.0,0.3295583498477936,0.3027389347553253,0.3582242503762245,0.60875,0.5,0.75
5,random,reference,142,200,53.67,50.0,57.0,25.445,15.0,35.25,2.829831425184384,0.28724201768636703,3.0179343223571777,20.34,19.0,22.0,0.327189618870616,0.302162766456604,0.34821194410324097,0.6575,0.5,0.75
5,random,reference,143,200,53.27,49.0,57.25,25.695,15.0,36.0,2.665373504403979,0.28337783366441727,2.8736011385917664,20.155,18.0,22.0,0.32851709201931956,0.30620045214891434,0.3527415990829468,0.60125,0.5,0.75
5,random,reference,144,200,53.12,49.0,57.0,25.745,15.0,35.25,2.515483606830239,0.2723643556237221,2.5576298236846924,20.375,18.0,22.0,0.3265978501737118,0.3046691045165062,0.34979618340730667,0.63875,0.5,0.75
5,random,reference,145,200,52.835,50.0,57.0,25.75,16.0,35.0,2.4561202798970045,0.26101069152355194,2.364176332950592,20.415,18.0,22.0,0.3266410245746374,0.2993296980857849,0.3527887910604477,0.6575,0.5,0.75
5,random,reference,146,200,53.315,49.0,57.0,25.885,16.0,34.25,2.3438426082674413,0.25865279883146286,2.3474740386009216,20.375,19.0,22.0,0.32908434376120566,0.30132972449064255,0.3521387130022049,0.6025,0.5,0.75
5,random,reference,147,200,52.35,48.0,56.0,25.965,16.0,35.0,2.2106646627699957,0.2379814125597477,2.1214834451675415,20.095,18.0,22.0,0.33181372985243796,0.31008923053741455,0.35367048531770706,0.6525,0.5,0.75
5,random,reference,148,200,52.85,50.0,56.0,26.14,16.0,35.0,2.1199321928387507,0.20376384258270264,2.105762541294098,20.13,18.0,22.0,0.3309137133508921,0.30689118057489395,0.3522256016731262,0.6225,0.5,0.75
5,random,reference,149,200,53.205,49.75,57.0,26.125,16.0,35.0,1.9550914688315242,0.18627293407917023,1.9046958088874817,20.055,18.0,22.0,0.33341427803039553,0.3123534992337227,0.35274073481559753,0.6025,0.5,0.75
5,random,reference,150,200,52.66,49.0,57.0,26.11,16.0,36.0,1.838944375528954,0.17483944818377495,1.9138665795326233,20.085,18.0,22.0,0.33083702631294726,0.30738745629787445,0.3517187312245369,0.62125,0.5,0.75
5,random,reference,151,200,52.705,49.0,56.0,26.16,16.0,35.25,1.7381635205214843,0.16693159192800522,1.7952524721622467,20.02,18.0,22.0,0.3297187611460686,0.3052324503660202,0.3506322354078293,0.63125,0.5,0.75
5,random,reference,152,200,52.36,48.0,56.0,26.155,16.0,36.0,1.6395204059104436,0.15578226000070572,1.7019674479961395,19.82,18.0,22.0,0.3312767034769058,0.3069787099957466,0.3531719073653221,0.6425,0.5,0.75
5,random,reference,153,200,52.095,48.0,56.25,26.26,15.0,35.0,1.5873944743047468,0.1321556754410267,1.6331701576709747,20.02,18.0,22.0,0.33152352876961233,0.3090885803103447,0.35337771475315094,0.6325,0.5,0.75
5,random,reference,154,200,52.295,49.0,56.0,26.235,16.0,35.25,1.4445365579472855,0.12902013212442398,1.4159374237060547,19.87,18.0,22.0,0.33140196852386,0.30715803802013397,0.35247446596622467,0.63625,0.5,0.75
5,random,reference,155,200,52.585,49.0,56.0,26.505,16.0,35.25,1.356881412435323,0.12459182739257812,1.3623535931110382,20.05,18.0,22.0,0.3301248946785927,0.3028818964958191,0.35014335066080093,0.64875,0.5,0.75
5,random,reference,156,200,51.745,48.0,56.0,26.48,17.0,36.0,1.2665909153269603,0.11396822519600391,1.2593311965465546,19.925,18.0,22.0,0.33247632056474685,0.3092970922589302,0.35606272518634796,0.6025,0.5,0.75
5,random,reference,157,200,52.26,48.0,56.25,26.45,17.0,36.0,1.2221894065709784,0.10489150509238243,1.14904123544693,19.815,18.0,22.0,0.33347534768283366,0.30933690071105957,0.35424213111400604,0.645,0.5,0.75
5,random,reference,158,200,52.09,48.75,56.0,26.565,17.0,35.25,1.2049458010517993,0.09475748240947723,0.9959919899702072,20.07,18.0,22.0,0.330508277118206,0.3067176938056946,0.3505375161767006,0.60125,0.5,0.75
5,random,reference,159,200,51.395,48.0,55.0,26.545,16.0,35.25,1.1193920107139275,0.08435020595788956,0.9467126876115799,20.36,18.0,22.0,0.3267427185177803,0.30092664808034897,0.3469027355313301,0.61875,0.5,0.75
5,random,reference,160,200,51.265,47.75,55.0,26.63,16.0,36.0,1.0566101831104606,0.09059243649244308,0.9799714982509613,20.11,18.0,22.0,0.330170149281621,0.31236107647418976,0.3549623042345047,0.6025,0.5,0.75
5,random,reference,161,200,51.005,47.0,55.0,26.96,16.0,35.25,1.052047374760732,0.08578965067863464,0.8641102910041809,20.12,18.0,22.0,0.32900216139853,0.3039452135562897,0.35197658836841583,0.61625,0.5,0.75
5,random,reference,162,200,50.815,46.75,55.0,27.26,16.75,36.0,1.014261659020558,0.07826746813952923,0.8737459629774094,20.195,18.0,22.0,0.32937044501304624,0.30699140578508377,0.35080453753471375,0.62625,0.5,0.75
5,random,reference,163,200,50.84,46.75,55.0,27.12,17.0,35.25,0.9221890678280034,0.07096434012055397,0.8569497913122177,20.18,18.0,22.0,0.326824434325099,0.30056364834308624,0.34977616369724274,0.61125,0.5,0.75
5,random,reference,164,200,51.355,48.0,55.0,27.33,17.0,36.0,0.8376511183043476,0.06710940413177013,0.7818770855665207,20.225,18.0,22.0,0.32463546402752397,0.302442342042923,0.3463083431124687,0.6375,0.5,0.75
5,random,reference,165,200,51.695,48.0,56.0,27.505,17.0,36.5,0.8115882507991046,0.05983134265989065,0.7209413349628448,20.11,18.0,22.0,0.3263234797120094,0.30049412697553635,0.34888533502817154,0.62125,0.5,0.75
5,random,reference,166,200,51.49,47.75,55.0,27.53,17.0,36.25,0.7423578982613981,0.05181839503347874,0.6805669814348221,19.985,18.0,22.0,0.32607498645782473,0.30509963631629944,0.35013771057128906,0.63125,0.5,0.75
5,random,reference,167,200,51.73,48.0,56.0,27.57,17.0,37.0,0.7059295143489726,0.05246721860021353,0.7042636871337891,20.28,18.0,22.0,0.3259620460867882,0.30131614953279495,0.34809428453445435,0.60875,0.5,0.75
5,random,reference,168,200,50.755,47.0,54.0,27.52,17.75,36.0,0.6448669073695783,0.04790068417787552,0.6260529458522797,20.49,19.0,22.0,0.325964512526989,0.3044666647911072,0.3472853749990463,0.6275,0.5,0.75
5,random,reference,169,200,50.59,47.0,54.25,27.76,18.0,37.0,0.5910522490349831,0.04798287618905306,0.5935890525579453,20.305,18.75,22.0,0.327058991342783,0.30347251147031784,0.34958822280168533,0.65125,0.5,0.75
5,random,reference,170,200,50.955,47.0,54.0,27.54,18.0,35.25,0.5592467600980308,0.041345774196088314,0.5828110724687576,20.18,18.0,22.0,0.3295904649794102,0.3054242804646492,0.34803931415081024,0.63875,0.5,0.75
5,random,reference,171,200,50.78,47.75,54.0,27.725,18.0,35.0,0.5485439013480209,0.04487879667431116,0.547176793217659,20.375,18.0,22.0,0.32760558404028417,0.3026740923523903,0.3507614955306053,0.605,0.5,0.75
5,random,reference,172,200,49.81,45.0,54.0,27.7,18.0,35.25,0.5166823500255123,0.037765312008559704,0.5203166604042053,20.395,19.0,22.0,0.3272835698723793,0.30551641434431076,0.3477175608277321,0.64125,0.5,0.75
5,random,reference,173,200,50.51,47.0,54.0,27.565,18.0,35.0,0.48525143893668427,0.032668315805494785,0.44984862208366394,20.215,18.0,22.0,0.3274152522534132,0.3043909966945648,0.34814538061618805,0.63125,0.5,0.75
5,random,reference,174,200,50.61,47.0,55.0,27.555,17.0,35.0,0.46137308247183684,0.0320196682587266,0.42307233810424805,20.21,19.0,22.0,0.3268989720195532,0.3021950498223305,0.348988838493824,0.65125,0.5,0.75
5,random,reference,175,200,50.665,46.0,55.0,27.72,17.75,36.0,0.4324862946491339,0.031205150298774242,0.3809003159403801,20.26,18.0,22.0,0.3277976882457733,0.30784911662340164,0.34722597897052765,0.62875,0.5,0.75
5,random,reference,176,200,49.645,45.0,53.0,27.865,18.0,34.0,0.4036315772231319,0.029347536154091358,0.35187260061502457,20.29,18.0,22.0,0.3281248934566975,0.3035133332014084,0.3479398488998413,0.61625,0.5,0.75
5,random,reference,177,200,50.35,47.0,54.0,28.065,19.0,36.25,0.40671310997684484,0.025665154680609703,0.3422197103500366,19.995,18.0,21.0,0.33017875149846077,0.30686043947935104,0.3539144918322563,0.61875,0.5,0.75
5,random,reference,178,200,49.755,46.0,54.0,28.135,18.0,36.0,0.39256750141095836,0.024621047545224428,0.3054709658026695,20.065,18.0,21.25,0.3280822724848986,0.3065204694867134,0.35103739798069,0.6625,0.5,0.75
5,random,reference,179,200,49.845,45.0,54.0,28.215,18.0,36.0,0.3732268077234039,0.021655907854437828,0.29494430124759674,20.135,18.0,22.0,0.32769225895404813,0.3040836974978447,0.3456445038318634,0.62625,0.5,0.75
5,random,reference,180,200,49.905,46.0,54.0,28.175,18.0,36.0,0.3680774767778348,0.020796156488358974,0.27813101559877396,20.345,18.0,22.0,0.32574066646397115,0.3057415783405304,0.3427138552069664,0.61125,0.5,0.75
5,random,reference,181,200,49.7,45.75,53.0,28.025,18.0,37.0,0.35427040428257894,0.01956508867442608,0.2743090093135834,20.25,18.0,22.0,0.3261165700107813,0.30385633558034897,0.3452601879835129,0.62125,0.5,0.75
5,random,reference,182,200,49.31,45.0,53.25,28.035,18.75,36.25,0.35418037005510994,0.017896778415888548,0.2693726047873497,20.37,19.0,22.0,0.3243720142543316,0.30226898193359375,0.3422042652964592,0.6225,0.5,0.75
5,random,reference,183,200,49.71,46.0,53.0,28.06,19.0,37.0,0.3387393426464405,0.016920340713113546,0.22207465022802353,20.485,18.0,22.0,0.3241372414678335,0.30265073478221893,0.3487084209918976,0.64375,0.5,0.75
5,random,reference,184,200,50.385,46.0,54.25,28.18,18.75,38.0,0.3159905541288026,0.014884467935189605,0.2221904695034027,20.395,18.0,22.0,0.32322265408933165,0.3021825775504112,0.34108731895685196,0.6475,0.5,0.75
5,random,reference,185,200,49.495,45.75,53.0,28.38,19.0,38.0,0.28194598145768396,0.014111390803009272,0.1925974376499653,20.45,18.0,22.0,0.3261954028904438,0.30056240409612656,0.34914691746234894,0.65,0.5,0.75
5,random,reference,186,200,49.65,45.0,54.0,28.085,18.0,37.0,0.2698661924901535,0.012621714500710368,0.19129734858870506,20.355,18.0,22.25,0.32783777005970477,0.3010924756526947,0.34750621765851974,0.65125,0.5,0.75
5,random,reference,187,200,49.94,46.0,54.0,28.185,18.0,37.0,0.25802182349129,0.01239084848202765,0.17335077747702599,19.96,18.0,22.0,0.32777648434042933,0.3068344295024872,0.35112185031175613,0.59875,0.5,0.75
5,random,reference,188,200,49.83,45.0,54.0,28.3,18.75,37.0,0.24722990618392943,0.012594876578077674,0.17609506100416183,20.01,18.0,22.0,0.32618225924670696,0.30098945647478104,0.35092758387327194,0.59125,0.5,0.75
5,random,reference,189,200,49.265,45.0,53.0,28.285,18.0,37.0,0.235977829383919,0.011241005267947912,0.1719810552895069,19.76,18.0,21.0,0.32979662887752054,0.3060433939099312,0.3553459048271179,0.605,0.5,0.75
5,random,reference,190,200,49.43,45.0,53.0,28.095,17.75,38.0,0.22564946645579767,0.009767094627022743,0.15864399448037148,20.0,18.0,21.25,0.3292806100100279,0.3041110932826996,0.35114002227783203,0.605,0.5,0.75
5,random,reference,191,200,48.81,45.0,53.0,28.255,19.0,37.0,0.214914442175359,0.009863966377452016,0.13963210955262184,20.14,18.0,22.0,0.33071794249117376,0.3082374632358551,0.3512466251850128,0.64,0.5,0.75
5,random,reference,192,200,49.45,45.0,53.0,28.15,19.0,37.0,0.2032428587753384,0.009098729118704796,0.13506635278463364,20.2,18.0,22.0,0.33108519002795217,0.3059394583106041,0.35512202233076096,0.64125,0.5,0.75
5,random,reference,193,200,49.265,46.0,54.0,28.075,18.0,37.0,0.1998367064379272,0.008987145265564322,0.12073412723839283,20.355,19.0,22.0,0.3285011022537947,0.3034336417913437,0.3550463020801544,0.63375,0.5,0.75
5,random,reference,194,200,49.02,46.0,53.0,27.945,17.0,36.0,0.18335395432834048,0.008037138264626265,0.10305815748870373,20.245,18.75,22.0,0.3275135824084282,0.30534428358078003,0.34516096115112305,0.665,0.5,0.75
5,random,reference,195,200,48.385,45.0,52.0,27.94,17.75,37.0,0.17051636510928803,0.00717412808444351,0.0995258130133152,20.205,18.0,22.0,0.32876219153404235,0.3097214624285698,0.34529730677604675,0.59875,0.5,0.75
5,random,reference,196,200,48.325,44.0,53.0,27.81,18.0,36.0,0.16030510223565217,0.006618853192776442,0.09149855375289917,20.17,18.0,22.0,0.3298036155849695,0.3040006160736084,0.35159823298454285,0.635,0.5,0.75
5,random,reference,197,200,49.315,46.0,53.0,27.685,17.0,36.0,0.15489501731761265,0.006030391785316169,0.0915805920958519,20.065,18.0,22.0,0.32909257732331754,0.3043387606739998,0.3503273278474808,0.6175,0.5,0.75
5,random,reference,198,200,48.73,45.0,52.0,27.845,18.0,35.0,0.14234611779371334,0.006120634498074651,0.08027982525527477,20.255,18.0,22.0,0.32735396318137644,0.3024687096476555,0.35109153389930725,0.63375,0.5,0.75
5,random,reference,199,200,48.465,44.0,53.0,27.745,18.0,35.0,0.13087343778686772,0.005572070134803653,0.07745481841266155,20.175,18.0,22.0,0.3295239195227623,0.3022737130522728,0.35609621554613113,0.64375,0.5,0.75
5,random,reference,200,200,48.985,45.0,53.0,27.905,18.0,35.0,0.12849407751928082,0.005145555827766657,0.07687172293663025,20.46,19.0,22.0,0.32455848217010497,0.3015368729829788,0.3481864184141159,0.63875,0.5,0.75
5,random,reference,201,200,48.58,45.0,53.0,27.885,18.0,36.0,0.12424376639151888,0.004581632791087031,0.07797310873866081,20.62,19.0,22.0,0.32344053581357,0.2995051071047783,0.34719354659318924,0.62,0.5,0.75
5,random,reference,202,200,47.98,44.0,52.0,27.915,18.0,35.25,0.12033457255376562,0.00464833015576005,0.06919922679662704,20.605,19.0,22.0,0.32534285575151445,0.3008319213986397,0.3457248955965042,0.61125,0.5,0.75
5,random,reference,203,200,48.375,45.0,51.25,28.08,18.0,36.0,0.11560290561290458,0.004173858789727092,0.06918875314295292,20.445,19.0,22.0,0.32455496810376644,0.3038790225982666,0.3471405953168869,0.59375,0.5,0.75
5,random,reference,204,200,48.315,45.0,52.0,28.12,18.0,36.0,0.1113453293206112,0.004402953782118857,0.06971420533955097,20.38,19.0,22.0,0.324818848669529,0.2981073781847954,0.34671318531036377,0.62125,0.5,0.75
5,random,reference,205,200,47.725,45.0,51.0,28.235,18.0,36.0,0.09671359555453819,0.0040015007252804935,0.06352405063807964,20.28,19.0,22.0,0.3236390496045351,0.30354880541563034,0.3405914679169655,0.63875,0.5,0.75
5,random,reference,206,200,47.235,43.0,51.0,28.41,18.0,36.25,0.09460236742466804,0.0036602047039195895,0.05614913534373045,20.125,18.75,22.0,0.32579181745648383,0.30126117169857025,0.3440335616469383,0.62125,0.5,0.75
5,random,reference,207,200,47.55,43.0,51.0,28.65,18.0,37.0,0.09540696856431169,0.0033948308555409312,0.05403524171561003,20.25,18.75,22.0,0.32549043476581574,0.3011033236980438,0.34631597250699997,0.6275,0.5,0.75
5,random,reference,208,200,47.335,43.75,51.0,28.48,18.75,37.0,0.09236640594486743,0.003486266825348139,0.0505960201844573,20.1,18.0,22.0,0.32708716779947283,0.30563371628522873,0.3463986814022064,0.60375,0.5,0.75
5,random,reference,209,200,47.25,44.0,51.0,28.355,18.0,37.0,0.08673548771177593,0.0030539330327883363,0.04962670896202326,20.1,18.0,22.0,0.3296020371466875,0.3082486689090729,0.34812749922275543,0.6175,0.5,0.75
5,random,reference,210,200,47.28,43.0,51.0,28.34,17.0,36.0,0.08591205834698484,0.002726965001784265,0.04429071303457022,20.26,18.0,22.0,0.3282719025760889,0.3080780506134033,0.34829021245241165,0.60125,0.5,0.75
5,random,reference,211,200,47.155,43.0,51.0,28.265,17.0,36.0,0.07780576124208892,0.0028297764365561306,0.04256250523030758,20.07,18.0,22.0,0.32880960710346696,0.30598683655261993,0.34637315571308136,0.64,0.5,0.75
5,random,reference,212,200,47.44,43.0,51.25,28.36,17.75,36.0,0.0796103866161684,0.0024100408190861344,0.0400057528167963,20.245,18.0,22.0,0.3283087022602558,0.30907341837882996,0.34609735757112503,0.61125,0.5,0.75
5,random,reference,213,200,47.045,43.0,51.0,28.505,17.0,37.0,0.07388145156255632,0.0021677795448340476,0.036495545879006386,20.025,18.0,22.0,0.32896295048296453,0.3079957738518715,0.3475251868367195,0.6225,0.5,0.75
5,random,reference,214,200,47.295,43.0,51.0,28.65,17.0,38.0,0.07428457826836166,0.0019465982040856034,0.03279189579188824,19.915,18.0,22.0,0.32931497432291507,0.30690138787031174,0.34820691496133804,0.63375,0.5,0.75
5,random,reference,215,200,46.93,43.0,51.0,28.54,18.0,38.0,0.0699382228538343,0.0018347379518672824,0.03246862627565861,19.91,18.0,22.0,0.32799864292144776,0.30636489391326904,0.3505724221467972,0.62,0.5,0.75
5,random,reference,216,200,47.255,43.0,51.0,28.64,18.0,38.0,0.0657103852765249,0.0016320327122230083,0.028876638039946556,20.17,18.0,22.0,0.3258397141098976,0.30409032106399536,0.3473457619547844,0.63875,0.5,0.75
5,random,reference,217,200,46.455,42.0,50.25,28.4,18.0,36.0,0.0574967711885256,0.0015441762225236744,0.024683859664946795,20.29,18.75,22.0,0.32524301134049893,0.30369706451892853,0.3476131930947304,0.66,0.5,0.75
5,random,reference,218,200,46.455,42.0,50.0,28.33,19.0,37.0,0.05337567470529393,0.0015063767204992473,0.024142224807292223,20.345,18.75,22.0,0.32602100536227224,0.30292486399412155,0.3508468046784401,0.605,0.5,0.75
5,random,reference,219,200,46.545,43.0,50.0,28.285,19.0,37.0,0.05011777999217884,0.0014802698569837958,0.02228426607325673,20.245,18.0,22.0,0.32517343617975714,0.3020578995347023,0.3496409133076668,0.625,0.5,0.75
5,random,reference,220,200,46.67,43.0,51.0,28.3,19.0,37.0,0.04704190898575689,0.001404010457918048,0.022610045969486237,20.155,18.0,22.0,0.32828406676650046,0.30643779039382935,0.34771937131881714,0.6325,0.5,0.75
5,random,reference,221,200,46.165,42.0,50.0,28.295,19.0,36.0,0.04512234347912454,0.0011731093109119684,0.02009786991402507,20.145,18.0,22.0,0.32605439610779285,0.30470188707113266,0.34796909242868423,0.615,0.5,0.75
5,random,reference,222,200,46.73,43.0,51.0,28.285,19.75,36.25,0.043992883880300725,0.0010905655508395284,0.01895421138033271,20.625,19.0,22.0,0.32323539547622204,0.30249981582164764,0.3463323712348938,0.62625,0.5,0.75
5,random,reference,223,200,46.19,41.0,50.0,28.505,18.75,36.0,0.03971014637400913,0.0010010112746385857,0.017054786905646324,20.43,19.0,22.0,0.32408927991986275,0.30006565153598785,0.3471057787537575,0.6225,0.5,0.75
5,random,reference,224,200,46.205,42.0,50.0,28.585,19.0,37.0,0.03697422356082825,0.000930944355786778,0.016626371070742607,20.385,18.75,22.0,0.32368732877075673,0.30058863013982773,0.3467991277575493,0.64,0.5,0.75
5,random,reference,225,200,46.715,43.0,50.0,28.325,19.0,37.0,0.03622659466639561,0.0009412488143425435,0.015825181733816862,20.455,19.0,22.0,0.32245182156562807,0.3017035722732544,0.34419404715299606,0.62875,0.5,0.75
5,random,reference,226,200,46.68,43.0,51.0,28.205,18.0,36.0,0.03412952442453388,0.0008403561514569446,0.015038458397611976,20.37,18.0,22.0,0.3229177419841289,0.30102263391017914,0.3444800600409508,0.62625,0.5,0.75
5,random,reference,227,200,46.59,43.0,51.0,28.165,19.0,36.0,0.03261342104663527,0.000813197999377735,0.014369809767231345,20.355,18.0,22.0,0.3259334667026997,0.30136601626873016,0.3449350446462631,0.605,0.5,0.75
5,random,reference,228,200,46.25,42.0,50.0,28.225,18.0,35.0,0.030170719908246612,0.0008077515376498923,0.012767540058121085,20.535,18.0,23.0,0.3225285798311234,0.2998604029417038,0.3409157246351242,0.605,0.5,0.75
5,random,reference,229,200,46.535,42.0,51.0,28.035,18.0,35.0,0.028344191245269032,0.0006994391005719081,0.011668770806863904,20.39,18.0,22.0,0.3255808235704899,0.3036641478538513,0.34489722549915314,0.65625,0.5,0.75
5,random,reference,230,200,46.2,42.0,50.0,27.98,18.0,35.0,0.025695002661386752,0.0007195016951300204,0.010988984489813447,20.485,18.0,22.0,0.3239464060217142,0.30242281407117844,0.3429058641195297,0.62875,0.5,0.75
5,random,reference,231,200,45.865,42.0,49.25,28.03,18.0,35.0,0.024277046393599448,0.0006793423235649243,0.010958899743855,20.53,18.0,22.0,0.32463749676942827,0.302754707634449,0.3459510803222656,0.6075,0.5,0.75
5,random,reference,232,200,46.685,43.0,50.0,28.135,19.0,36.0,0.022821529566190293,0.0006627340335398912,0.010653730481863022,20.405,18.0,22.0,0.3265917456150055,0.3026866242289543,0.3478880673646927,0.62375,0.5,0.75
5,random,reference,233,200,45.85,42.0,50.0,28.25,18.0,36.0,0.02132379235004919,0.0005970003985567018,0.010089521296322346,20.29,18.0,22.0,0.32780881978571413,0.30316589772701263,0.35220417380332947,0.62375,0.5,0.75
5,random,reference,234,200,46.08,42.0,50.0,28.415,19.0,36.0,0.021181018879251497,0.0005347892001736909,0.009758651023730636,20.31,18.0,22.0,0.3274673745781183,0.3035587668418884,0.35164880007505417,0.59625,0.5,0.75
5,random,reference,235,200,45.34,41.0,49.0,28.135,18.0,35.0,0.020636884659347744,0.0005717467574868351,0.008988413261249661,20.56,18.75,22.0,0.32416259914636614,0.29845230281352997,0.3417985364794731,0.58875,0.5,0.75
5,random,reference,236,200,45.79,42.0,50.0,28.245,18.0,36.0,0.019916524024915817,0.0005180702210054733,0.008111641742289066,20.52,19.0,22.0,0.3221919660270214,0.2944861426949501,0.3433387130498886,0.5975,0.5,0.75
5,random,reference,237,200,45.62,41.0,50.0,28.21,18.0,35.25,0.01792068379612374,0.00047350781824206933,0.00768118561245501,20.53,18.0,22.0,0.3242420507967472,0.3020751625299454,0.345407597720623,0.64,0.5,0.75
5,random,reference,238,200,45.415,41.0,49.25,28.085,17.75,35.0,0.01618416656535828,0.0004308264688006602,0.007343433098867536,20.575,19.0,22.0,0.3244100294262171,0.30511724948883057,0.34305861592292786,0.6325,0.5,0.75
5,random,reference,239,200,45.655,41.0,49.0,28.23,18.0,35.0,0.015703352954403726,0.00042311259312555194,0.006724174367263913,20.58,19.0,22.0,0.3259765493869782,0.30198320001363754,0.3507348299026489,0.615,0.5,0.75
5,random,reference,240,200,44.935,40.0,49.0,28.27,18.0,35.0,0.015398674983405271,0.000383606951800175,0.006847552722319961,20.45,18.0,22.0,0.32658384352922437,0.30422696471214294,0.35269662737846375,0.59375,0.5,0.75
5,random,reference,241,200,44.78,40.0,48.0,28.5,18.0,35.0,0.01517709002470383,0.00034303715074202046,0.0062000316102057695,20.39,18.0,22.0,0.32756227664649484,0.3036283925175667,0.34708230197429657,0.625,0.5,0.75
5,random,reference,242,200,45.305,41.0,49.0,28.635,18.0,35.0,0.014083833294307624,0.00031425948691321537,0.005987787269987166,20.25,18.0,22.0,0.3286670523881912,0.3047681003808975,0.3553551137447357,0.655,0.5,0.75
5,random,reference,243,200,44.995,41.75,48.0,28.835,18.0,35.25,0.013934862096305097,0.00032874955650186166,0.006094972137361765,20.015,18.0,22.0,0.3305832150578499,0.30713004618883133,0.3523576855659485,0.6025,0.5,0.75
5,random,reference,244,200,45.02,41.0,48.0,28.885,18.0,37.0,0.014075305712231057,0.00028705642034765333,0.0058702705428004265,20.115,18.0,22.0,0.33010797448456286,0.3071788400411606,0.35018881410360336,0.6,0.5,0.75
5,random,reference,245,200,44.56,41.0,48.0,28.905,19.0,37.0,0.013920466866129572,0.00027228630642639473,0.005561979836784303,19.875,18.0,22.0,0.3298278085887432,0.3113587275147438,0.35058391839265823,0.6075,0.5,0.75
5,random,reference,246,200,45.1,41.75,48.0,28.88,18.0,37.0,0.013621690084640932,0.00026165752205997705,0.004912727512419224,20.09,18.0,22.0,0.3280539409816265,0.3049701228737831,0.3483677878975868,0.645,0.5,0.75
5,random,reference,247,200,44.955,41.0,49.0,28.825,18.0,37.0,0.014061271532858655,0.0002445554418954998,0.005072911735624075,20.19,18.0,22.0,0.32672706939280033,0.30086883157491684,0.3509647473692894,0.62,0.5,0.75
5,random,reference,248,200,44.915,41.0,49.0,28.845,18.0,36.0,0.012635641568982692,0.00022103562514530495,0.004589890944771469,20.535,18.0,22.0,0.32629996292293073,0.304185688495636,0.3500712215900421,0.62,0.5,0.75
5,random,reference,249,200,44.655,41.0,49.0,28.83,18.75,37.25,0.012364527746176463,0.0001856437374954112,0.004590383963659406,20.35,18.0,22.0,0.32824881441891196,0.3079533353447914,0.3464392200112343,0.625,0.5,0.75
5,random,reference,250,200,44.26,40.0,49.0,28.82,17.0,36.0,0.010706536462427039,0.00018076922424370423,0.0045556522672995925,20.12,18.0,22.0,0.3292668415606022,0.30417782068252563,0.35127042979002,0.63875,0.5,0.75
