design_id,rule_idx,rule_name,rule_group,seed,family_role,run_dir,quality_target_mode,turnout_mean,gini_assets_mean,gini_dissatisfaction_mean,quality_distance_mean,turnout_last_third_mean,turnout_final,turnout_volatility,gini_assets_last_third_mean,gini_assets_final,gini_assets_volatility,collective_assets_mean,collective_assets_last_third_mean,collective_assets_final,gini_dissatisfaction_last_third_mean,gini_dissatisfaction_final,gini_dissatisfaction_volatility,quality_distance_last_third_mean,quality_distance_final,quality_distance_volatility,mean_dissatisfaction_mean,mean_dissatisfaction_final,diversity_entropy_mean,diversity_entropy_final
149,0,plurality,reference,10246,main,data/simulation_output/thesis_final_runs_v1/design_0149/rule_majority/seed_10246/run_0,puzzle,85.656,21.244,33.636,0.455,86.17857142857143,85.0,0.023855421686746987,22.0,22.0,0.0007630522088353414,366222880872837.56,1080407249137859.0,5783620677533696.0,35.13095238095238,38.0,0.022048192771084336,0.5714285714285714,0.75,0.21184738955823293,0.20011559504270554,0.1857677400112152,0.7146083155870437,0.8486716747283936
149,0,plurality,reference,10393,main,data/simulation_output/thesis_final_runs_v1/design_0149/rule_majority/seed_10393/run_0,puzzle,61.864,53.464,24.164,0.522,49.26190476190476,47.0,0.0363855421686747,58.0,58.0,0.007028112449799197,67791863.50609472,201670374.94642857,2610799872.0,29.678571428571427,30.0,0.029598393574297187,0.5178571428571429,0.5,0.2580321285140562,0.33664349353313444,0.3557986319065094,0.7109987685680389,0.7217111587524414
149,0,plurality,reference,10588,main,data/simulation_output/thesis_final_runs_v1/design_0149/rule_majority/seed_10588/run_0,puzzle,61.708,51.112,26.444,0.544,62.833333333333336,64.0,0.034417670682730925,61.79761904761905,62.0,0.006867469879518072,15210398.251539063,40789707.5,76000576.0,26.547619047619047,31.0,0.020843373493975904,0.5476190476190477,0.75,0.30220883534136544,0.3155126827955246,0.3124188780784607,0.7195394713878631,0.7922441363334656
149,0,plurality,reference,11176,main,data/simulation_output/thesis_final_runs_v1/design_0149/rule_majority/seed_11176/run_0,puzzle,58.404,53.376,27.088,0.468,52.404761904761905,48.0,0.040120481927710845,59.0,59.0,0.004979919678714859,38132554091.41313,112047941443.04762,1348695883776.0,28.297619047619047,31.0,0.020080321285140562,0.4880952380952381,0.0,0.2901606425702811,0.2943755534887314,0.3051251769065857,0.7316660656929016,0.709975004196167
149,0,plurality,reference,11311,main,data/simulation_output/thesis_final_runs_v1/design_0149/rule_majority/seed_11311/run_0,puzzle,64.928,50.292,28.288,0.42,62.23809523809524,63.0,0.03598393574297189,60.0,60.0,0.005582329317269076,9579215141020.926,28506263915178.668,71637831516160.0,30.904761904761905,31.0,0.016746987951807228,0.4851190476190476,0.25,0.2359437751004016,0.27874250495433806,0.264026939868927,0.7220977894067764,0.7546793222427368
149,0,plurality,reference,11408,main,data/simulation_output/thesis_final_runs_v1/design_0149/rule_majority/seed_11408/run_0,puzzle,66.032,40.568,32.036,0.497,63.19047619047619,66.0,0.03180722891566265,42.0,42.0,0.001606425702811245,12141250087379.287,36118374820132.57,186357389459456.0,32.714285714285715,35.0,0.017710843373493976,0.5089285714285714,1.0,0.20180722891566266,0.2579617732167244,0.247177854180336,0.7404110083580017,0.8430839776992798
149,0,plurality,reference,11660,main,data/simulation_output/thesis_final_runs_v1/design_0149/rule_majority/seed_11660/run_0,puzzle,68.9,48.252,25.472,0.481,67.27380952380952,66.0,0.036184738955823297,61.51190476190476,63.0,0.011887550200803211,6413884.152371582,18815098.339285713,13472140.0,28.0,25.0,0.04357429718875502,0.5059523809523809,1.0,0.321285140562249,0.30138536643981934,0.2896769940853119,0.7316079773902893,0.7259917259216309
149,0,plurality,reference,12392,main,data/simulation_output/thesis_final_runs_v1/design_0149/rule_majority/seed_12392/run_0,puzzle,64.688,51.86,28.764,0.564,62.964285714285715,62.0,0.036184738955823297,57.0,57.0,0.003453815261044177,253214554.60456935,751229752.25,5352661504.0,30.214285714285715,22.0,0.025060240963855424,0.5416666666666666,0.25,0.32228915662650603,0.2778917407989502,0.28719696402549744,0.76578810942173,0.557787299156189
149,0,plurality,reference,12494,main,data/simulation_output/thesis_final_runs_v1/design_0149/rule_majority/seed_12494/run_0,puzzle,83.344,25.54,32.348,0.499,84.11904761904762,84.0,0.029839357429718872,27.0,27.0,0.001044176706827309,62961460229789.96,187382684797903.25,1893613365624832.0,33.26190476190476,28.0,0.014096385542168674,0.44345238095238093,0.5,0.19578313253012047,0.22453208005428313,0.242939293384552,0.7184221931695938,0.6760706305503845
149,0,plurality,reference,12536,main,data/simulation_output/thesis_final_runs_v1/design_0149/rule_majority/seed_12536/run_0,puzzle,67.028,43.82,25.208,0.499,67.80952380952381,64.0,0.04763052208835341,55.61904761904762,56.0,0.010441767068273093,95217904.03585547,283235549.11904764,1238217984.0,25.404761904761905,27.0,0.014618473895582329,0.43452380952380953,1.0,0.29819277108433734,0.26362159484624864,0.24823525547981262,0.7205632400512695,0.6681350469589233
149,0,plurality,reference,14271,main,data/simulation_output/thesis_final_runs_v1/design_0149/rule_majority/seed_14271/run_0,puzzle,75.736,34.676,22.08,0.542,78.16666666666667,79.0,0.03550200803212852,48.73809523809524,55.0,0.026184738955823295,145830.20851074217,382694.1804780506,1607503.875,21.904761904761905,26.0,0.018433734939759038,0.49404761904761907,0.5,0.286144578313253,0.3024702863693237,0.2912482023239136,0.7062017078399658,0.7572342753410339
149,0,plurality,reference,14879,main,data/simulation_output/thesis_final_runs_v1/design_0149/rule_majority/seed_14879/run_0,puzzle,73.756,37.532,30.528,0.567,71.22619047619048,72.0,0.033775100401606424,39.0,39.0,0.0014056224899598394,569732531.5486231,1426679556.5714285,6552563712.0,31.154761904761905,33.0,0.018755020080321285,0.6696428571428571,0.0,0.2540160642570281,0.2552742860913277,0.24177111685276031,0.7338735027313232,0.785775363445282
149,0,plurality,reference,14942,main,data/simulation_output/thesis_final_runs_v1/design_0149/rule_majority/seed_14942/run_0,puzzle,77.492,30.456,29.324,0.595,78.79761904761905,80.0,0.037429718875502005,34.0,34.0,0.0016465863453815261,10652339381.739374,30420266962.285713,26971916288.0,29.94047619047619,28.0,0.014377510040160642,0.6875,0.75,0.25301204819277107,0.21654264616966248,0.22298310697078705,0.73932628262043,0.7450066804885864
149,0,plurality,reference,17514,main,data/simulation_output/thesis_final_runs_v1/design_0149/rule_majority/seed_17514/run_0,puzzle,57.54,50.14,26.356,0.516,49.285714285714285,47.0,0.035341365461847386,58.0,58.0,0.010803212851405624,335297965.14340234,986886044.0952381,7845252096.0,27.714285714285715,31.0,0.03297188755020081,0.4851190476190476,0.5,0.31626506024096385,0.31999313056468964,0.32783249020576477,0.73516521859169,0.7078930735588074
149,0,plurality,reference,18594,main,data/simulation_output/thesis_final_runs_v1/design_0149/rule_majority/seed_18594/run_0,puzzle,61.252,53.152,27.156,0.421,58.392857142857146,58.0,0.028112449799196786,57.0,57.0,0.0034136546184738957,138417388749008.28,411889716593030.1,4385742235107328.0,27.702380952380953,32.0,0.023534136546184737,0.4226190476190476,0.25,0.29417670682730923,0.2900653027296066,0.29591748118400574,0.6949345178604126,0.6081758141517639
149,0,plurality,reference,18641,main,data/simulation_output/thesis_final_runs_v1/design_0149/rule_majority/seed_18641/run_0,puzzle,69.416,38.476,25.112,0.491,65.85714285714286,65.0,0.0357429718875502,43.0,43.0,0.002289156626506024,29444336393.335636,86026869485.71428,762420723712.0,24.547619047619047,24.0,0.013092369477911647,0.5684523809523809,0.5,0.2931726907630522,0.23228316348791123,0.22486048936843872,0.7219932739734649,0.7250289916992188
149,0,plurality,reference,19530,main,data/simulation_output/thesis_final_runs_v1/design_0149/rule_majority/seed_19530/run_0,puzzle,72.852,43.388,28.068,0.45,74.91666666666667,76.0,0.032369477911646585,54.07142857142857,55.0,0.008594377510040161,94583123.8710459,280941357.4702381,794571328.0,29.988095238095237,32.0,0.023172690763052207,0.44047619047619047,0.75,0.3273092369477912,0.2931256625652313,0.281319797039032,0.7134477827548981,0.8737512230873108
149,0,plurality,reference,19767,main,data/simulation_output/thesis_final_runs_v1/design_0149/rule_majority/seed_19767/run_0,puzzle,65.008,50.772,28.156,0.396,64.60714285714286,65.0,0.029558232931726908,56.964285714285715,57.0,0.003333333333333333,243096665280462.8,722531655536445.0,6125359950987264.0,29.11904761904762,33.0,0.02433734939759036,0.46130952380952384,0.75,0.26506024096385544,0.24629899948835374,0.2385430783033371,0.7257628445625305,0.7865535616874695
149,0,plurality,reference,19919,main,data/simulation_output/thesis_final_runs_v1/design_0149/rule_majority/seed_19919/run_0,puzzle,62.448,46.54,33.128,0.498,56.73809523809524,55.0,0.027309236947791166,48.0,48.0,0.0024497991967871485,330872013698.56415,984393624286.4762,12895255527424.0,32.38095238095238,38.0,0.0293574297188755,0.4732142857142857,0.0,0.20481927710843373,0.2997005047798157,0.3257051110267639,0.7418338713645936,0.6065133213996887
149,0,plurality,reference,20547,main,data/simulation_output/thesis_final_runs_v1/design_0149/rule_majority/seed_20547/run_0,puzzle,63.72,45.132,31.152,0.556,59.04761904761905,57.0,0.033734939759036145,49.0,49.0,0.005742971887550201,350107279.2874736,1033407872.3333334,2902690048.0,33.57142857142857,31.0,0.026385542168674697,0.5744047619047619,0.5,0.30120481927710846,0.31697984600067136,0.3214789628982544,0.7145620601177216,0.692613959312439
149,0,plurality,reference,20994,main,data/simulation_output/thesis_final_runs_v1/design_0149/rule_majority/seed_20994/run_0,puzzle,70.428,36.124,35.224,0.557,70.1547619047619,70.0,0.026024096385542168,38.0,38.0,0.001967871485943775,3066144924.2129474,8913694477.714285,50565382144.0,36.273809523809526,38.0,0.020160642570281127,0.5982142857142857,0.0,0.20582329317269077,0.27631910192966463,0.2690370976924896,0.7149293535947799,0.6324710249900818
149,0,plurality,reference,21298,main,data/simulation_output/thesis_final_runs_v1/design_0149/rule_majority/seed_21298/run_0,puzzle,64.448,51.884,25.548,0.491,63.92857142857143,59.0,0.053654618473895584,67.60714285714286,68.0,0.006184738955823293,1439964.7882353517,3285510.1458333335,3801337.75,27.226190476190474,23.0,0.025622489959839356,0.5595238095238095,0.75,0.33032128514056225,0.2928932498693466,0.3292088210582733,0.7519988272190093,0.6503680944442749
149,0,plurality,reference,21498,main,data/simulation_output/thesis_final_runs_v1/design_0149/rule_majority/seed_21498/run_0,puzzle,60.892,45.64,30.992,0.599,55.30952380952381,55.0,0.0285140562248996,48.0,48.0,0.003172690763052209,405063.20296191407,936699.1852678572,951374.3125,34.73809523809524,30.0,0.03297188755020081,0.6726190476190477,1.0,0.26907630522088355,0.3057398401498795,0.29714229702949524,0.7168161475658417,0.6798199415206909
149,0,plurality,reference,22216,main,data/simulation_output/thesis_final_runs_v1/design_0149/rule_majority/seed_22216/run_0,puzzle,76.488,38.74,29.768,0.503,77.98809523809524,78.0,0.02393574297188755,48.01190476190476,52.0,0.008714859437751004,177996458.49449414,476822139.4285714,1652478080.0,29.654761904761905,33.0,0.029156626506024096,0.5446428571428571,0.0,0.33232931726907633,0.26665944266319275,0.26018035411834717,0.7557399382591248,0.6551914811134338
149,0,plurality,reference,22385,main,data/simulation_output/thesis_final_runs_v1/design_0149/rule_majority/seed_22385/run_0,puzzle,89.684,10.572,30.816,0.602,92.55952380952381,92.0,0.01429718875502008,11.0,11.0,0.00036144578313253013,3222910209.282973,8675268958.47619,13980715008.0,31.0,31.0,0.019116465863453815,0.6517857142857143,0.75,0.2399598393574297,0.18797528487443924,0.18275348842144012,0.7403677629232407,0.8833968043327332
149,0,plurality,reference,22424,main,data/simulation_output/thesis_final_runs_v1/design_0149/rule_majority/seed_22424/run_0,puzzle,74.324,39.696,26.388,0.556,76.69047619047619,77.0,0.0457429718875502,50.94047619047619,51.0,0.014096385542168674,17489.95369125366,34199.2318565732,112083.6484375,28.30952380952381,27.0,0.03253012048192771,0.47619047619047616,0.5,0.29116465863453816,0.2639225715994835,0.2524607181549072,0.7264051433801652,0.6148382425308228
149,0,plurality,reference,24504,main,data/simulation_output/thesis_final_runs_v1/design_0149/rule_majority/seed_24504/run_0,puzzle,69.66,45.068,21.964,0.507,69.66666666666667,71.0,0.04385542168674699,62.95238095238095,65.0,0.016626506024096387,41867.75065136719,9286.727004278273,15104.8974609375,22.773809523809526,23.0,0.01610441767068273,0.5297619047619048,0.5,0.36244979919678716,0.30381230914592744,0.29653891921043396,0.731461748123169,0.7734711170196533
149,0,plurality,reference,24575,main,data/simulation_output/thesis_final_runs_v1/design_0149/rule_majority/seed_24575/run_0,puzzle,60.444,52.832,24.9,0.502,52.904761904761905,51.0,0.037389558232931726,57.0,57.0,0.0037751004016064256,27154154.455074217,80616947.76636904,1245633152.0,27.214285714285715,32.0,0.024216867469879517,0.4732142857142857,0.5,0.3825301204819277,0.27701931428909304,0.2680155038833618,0.7339111096858978,0.8037853837013245
149,0,plurality,reference,25058,main,data/simulation_output/thesis_final_runs_v1/design_0149/rule_majority/seed_25058/run_0,puzzle,74.092,47.196,23.98,0.519,74.05952380952381,78.0,0.04164658634538153,56.80952380952381,57.0,0.009317269076305222,21363.1439140625,40095.16669573103,231526.140625,23.86904761904762,23.0,0.019277108433734938,0.43154761904761907,0.25,0.28313253012048195,0.25295894473791125,0.2418423742055893,0.7591863369941712,0.6589474678039551
149,0,plurality,reference,25089,main,data/simulation_output/thesis_final_runs_v1/design_0149/rule_majority/seed_25089/run_0,puzzle,70.352,43.688,34.12,0.465,71.78571428571429,73.0,0.030562248995983934,48.0,48.0,0.002289156626506024,579687954006.1306,1724629987254.8572,24741494652928.0,35.892857142857146,40.0,0.028192771084337348,0.42857142857142855,0.25,0.2710843373493976,0.26335419005155564,0.25036799907684326,0.7406821472644806,0.6913402080535889
149,0,plurality,reference,25175,main,data/simulation_output/thesis_final_runs_v1/design_0149/rule_majority/seed_25175/run_0,puzzle,71.26,48.944,27.484,0.513,70.89285714285714,73.0,0.04261044176706827,62.214285714285715,63.0,0.00714859437751004,2716415.4308398436,5956248.148809524,8323576.5,29.047619047619047,30.0,0.02196787148594377,0.5803571428571429,1.0,0.286144578313253,0.30187891924381255,0.2920871376991272,0.7311049640178681,0.7435265779495239
149,0,plurality,reference,26898,main,data/simulation_output/thesis_final_runs_v1/design_0149/rule_majority/seed_26898/run_0,puzzle,62.576,46.924,28.548,0.49,58.13095238095238,58.0,0.03550200803212852,53.0,53.0,0.008112449799196788,2046170030.3451855,6060198962.095238,17659138048.0,29.13095238095238,38.0,0.039397590361445786,0.5029761904761905,0.75,0.3192771084337349,0.2888106964826584,0.2817513644695282,0.7291612823009491,0.8562766313552856
149,0,plurality,reference,27442,main,data/simulation_output/thesis_final_runs_v1/design_0149/rule_majority/seed_27442/run_0,puzzle,54.156,60.212,23.472,0.493,44.416666666666664,38.0,0.04558232931726908,68.0,68.0,0.006465863453815262,266953378.69854298,790109611.5714285,1663371264.0,24.261904761904763,21.0,0.01144578313253012,0.5565476190476191,0.75,0.32429718875502006,0.30404331827163694,0.32348528504371643,0.7133884146213532,0.6223124265670776
149,0,plurality,reference,27465,main,data/simulation_output/thesis_final_runs_v1/design_0149/rule_majority/seed_27465/run_0,puzzle,68.544,43.272,27.108,0.458,69.30952380952381,68.0,0.03702811244979919,53.63095238095238,56.0,0.005622489959839358,429186908615.7594,1276849019312.762,4534277505024.0,28.535714285714285,30.0,0.017791164658634537,0.46726190476190477,0.5,0.2761044176706827,0.2550224054455757,0.23576146364212036,0.7484910478591918,0.8396034240722656
149,0,plurality,reference,27628,main,data/simulation_output/thesis_final_runs_v1/design_0149/rule_majority/seed_27628/run_0,puzzle,68.54,52.532,26.272,0.455,71.03571428571429,70.0,0.035582329317269075,58.976190476190474,59.0,0.0055020080321285135,148755817519.44434,442008756114.2857,730829160448.0,26.678571428571427,30.0,0.017911646586345382,0.48214285714285715,0.25,0.31224899598393574,0.2816205424070358,0.2872951626777649,0.718989248752594,0.791793167591095
149,0,plurality,reference,27645,main,data/simulation_output/thesis_final_runs_v1/design_0149/rule_majority/seed_27645/run_0,puzzle,83.084,29.924,27.96,0.495,86.35714285714286,86.0,0.034176706827309236,33.0,33.0,0.0014859437751004014,5296411013370.759,15759820419852.191,74811300642816.0,28.642857142857142,23.0,0.01895582329317269,0.4851190476190476,0.75,0.2761044176706827,0.20721642649173735,0.252022922039032,0.7576950650215148,0.7269449234008789
149,0,plurality,reference,28106,main,data/simulation_output/thesis_final_runs_v1/design_0149/rule_majority/seed_28106/run_0,puzzle,59.152,56.864,24.04,0.465,55.92857142857143,58.0,0.03542168674698795,67.0,67.0,0.006827309236947791,8194571.648800781,23786273.179315478,41920248.0,24.523809523809526,29.0,0.019879518072289156,0.4851190476190476,0.75,0.3604417670682731,0.3123698580265045,0.32788223028182983,0.7144966661930084,0.7834712266921997
149,0,plurality,reference,28162,main,data/simulation_output/thesis_final_runs_v1/design_0149/rule_majority/seed_28162/run_0,puzzle,83.74,39.592,31.276,0.55,87.47619047619048,91.0,0.03136546184738956,46.0,46.0,0.0027309236947791167,30767397832.42057,88327701967.2381,614727680000.0,31.404761904761905,32.0,0.012369477911646587,0.6220238095238095,0.5,0.22389558232931728,0.22426028811931611,0.21043895184993744,0.7668583948612213,0.7240561246871948
149,0,plurality,reference,28550,main,data/simulation_output/thesis_final_runs_v1/design_0149/rule_majority/seed_28550/run_0,puzzle,69.396,42.34,21.676,0.482,70.47619047619048,71.0,0.04257028112449799,56.88095238095238,61.0,0.012088353413654617,2017440.251390625,5811919.152529762,8892649.0,23.976190476190474,24.0,0.013373493975903615,0.5297619047619048,0.0,0.3534136546184739,0.2620801525712013,0.25307950377464294,0.7408922712802887,0.6144473552703857
149,0,plurality,reference,28942,main,data/simulation_output/thesis_final_runs_v1/design_0149/rule_majority/seed_28942/run_0,puzzle,61.436,43.808,22.152,0.414,57.79761904761905,56.0,0.046987951807228916,63.54761904761905,67.0,0.016706827309236946,191300176.8556289,568410278.4226191,1627232896.0,22.202380952380953,22.0,0.018433734939759038,0.4226190476190476,0.0,0.30522088353413657,0.29147816598415377,0.2972601652145386,0.7052694737911225,0.7490683197975159
149,0,plurality,reference,29129,main,data/simulation_output/thesis_final_runs_v1/design_0149/rule_majority/seed_29129/run_0,puzzle,71.868,34.888,33.332,0.506,69.33333333333333,68.0,0.028835341365461845,37.0,37.0,0.0020481927710843373,336975812187154.0,1002687990857728.0,4933707316068352.0,33.29761904761905,36.0,0.023092369477911646,0.5416666666666666,1.0,0.23393574297188754,0.2498130782842636,0.23701275885105133,0.7336064790487289,0.7025535702705383
149,0,plurality,reference,29315,main,data/simulation_output/thesis_final_runs_v1/design_0149/rule_majority/seed_29315/run_0,puzzle,75.06,30.512,35.568,0.49,75.19047619047619,77.0,0.025622489959839356,32.0,32.0,0.0017670682730923696,1272432661490.421,3724685652553.143,26994368577536.0,36.01190476190476,41.0,0.03076305220883534,0.5744047619047619,0.25,0.2570281124497992,0.24497104251384735,0.23125414550304413,0.7152699985504151,0.7149863839149475
149,0,plurality,reference,29713,main,data/simulation_output/thesis_final_runs_v1/design_0149/rule_majority/seed_29713/run_0,puzzle,76.22,34.888,32.596,0.35,77.14285714285714,77.0,0.020040160642570283,43.55952380952381,48.0,0.00823293172690763,22177785922172.35,66002236776984.38,333807207055360.0,33.166666666666664,25.0,0.03108433734939759,0.31547619047619047,0.25,0.2710843373493976,0.25856402432918546,0.2685210108757019,0.7280445065498352,0.7619050741195679
149,0,plurality,reference,30306,main,data/simulation_output/thesis_final_runs_v1/design_0149/rule_majority/seed_30306/run_0,puzzle,58.564,51.984,28.188,0.493,52.285714285714285,52.0,0.0385140562248996,62.0,62.0,0.008393574297188755,92745505.76791601,275675041.55654764,1274266112.0,33.25,35.0,0.03469879518072289,0.5357142857142857,0.0,0.3172690763052209,0.3074603843688965,0.31089890003204346,0.7319460983276367,0.7899765372276306
149,0,plurality,reference,30388,main,data/simulation_output/thesis_final_runs_v1/design_0149/rule_majority/seed_30388/run_0,puzzle,74.192,49.676,25.932,0.505,74.28571428571429,72.0,0.04096385542168675,54.0,54.0,0.0036144578313253013,2081709482.303709,5447404403.809524,3304230400.0,26.678571428571427,29.0,0.017269076305220885,0.625,0.0,0.33433734939759036,0.23300912737846374,0.22185520827770233,0.7627449536323547,0.813616156578064
149,0,plurality,reference,30922,main,data/simulation_output/thesis_final_runs_v1/design_0149/rule_majority/seed_30922/run_0,puzzle,65.46,43.976,31.08,0.373,61.45238095238095,61.0,0.03477911646586346,47.0,47.0,0.0026506024096385546,1.1671076403433932e+16,3.464961251836216e+16,5.3305972982022144e+17,31.36904761904762,33.0,0.016746987951807228,0.47619047619047616,0.25,0.23393574297188754,0.2485507211089134,0.23832783102989197,0.7094086467027664,0.6949988603591919
149,0,plurality,reference,31049,main,data/simulation_output/thesis_final_runs_v1/design_0149/rule_majority/seed_31049/run_0,puzzle,69.212,41.584,33.536,0.553,68.97619047619048,68.0,0.022329317269076304,44.0,44.0,0.0023293172690763055,4406696125.946852,13114970007.00279,184013340672.0,36.79761904761905,38.0,0.027349397590361445,0.37202380952380953,0.5,0.22188755020080322,0.2847018091678619,0.27752694487571716,0.7159755997657776,0.8124032020568848
149,0,plurality,reference,32070,main,data/simulation_output/thesis_final_runs_v1/design_0149/rule_majority/seed_32070/run_0,puzzle,54.744,58.496,25.312,0.478,42.214285714285715,40.0,0.03847389558232932,64.0,64.0,0.003895582329317269,143955999357.21588,428154743463.619,4114437373952.0,26.726190476190474,28.0,0.01502008032128514,0.5357142857142857,0.0,0.2399598393574297,0.3171131068468094,0.3156702220439911,0.6868984882831574,0.6592596173286438
149,0,plurality,reference,32688,main,data/simulation_output/thesis_final_runs_v1/design_0149/rule_majority/seed_32688/run_0,puzzle,71.108,42.416,29.324,0.432,71.05952380952381,72.0,0.04301204819277109,54.80952380952381,57.0,0.005180722891566265,3479281836.528336,10254047028.571428,41401651200.0,27.892857142857142,27.0,0.03,0.4494047619047619,0.0,0.3192771084337349,0.251328159570694,0.2763698399066925,0.7271999927759171,0.7133066654205322
149,0,plurality,reference,33284,main,data/simulation_output/thesis_final_runs_v1/design_0149/rule_majority/seed_33284/run_0,puzzle,72.752,48.44,23.412,0.546,72.77380952380952,74.0,0.04550200803212851,53.0,53.0,0.005341365461847389,9176377.167921875,26372888.941964287,103059328.0,23.80952380952381,24.0,0.03429718875502008,0.48214285714285715,1.0,0.3313253012048193,0.2987132943868637,0.29565855860710144,0.7004261775016785,0.7735386490821838
149,0,plurality,reference,33526,main,data/simulation_output/thesis_final_runs_v1/design_0149/rule_majority/seed_33526/run_0,puzzle,68.74,49.048,25.84,0.538,67.5952380952381,66.0,0.03341365461847389,57.0,57.0,0.004538152610441767,1286600067.0055468,3778862372.571429,10186187776.0,26.36904761904762,29.0,0.030481927710843376,0.5595238095238095,0.75,0.3042168674698795,0.26488131272792814,0.25361156463623047,0.7495517919063568,0.7585160732269287
149,0,plurality,reference,33956,main,data/simulation_output/thesis_final_runs_v1/design_0149/rule_majority/seed_33956/run_0,puzzle,82.684,23.512,33.94,0.527,83.4047619047619,83.0,0.0257429718875502,25.0,25.0,0.0011646586345381528,1443201936283.0688,4294848057459.8096,12330088792064.0,34.035714285714285,35.0,0.014096385542168674,0.5297619047619048,0.75,0.2459839357429719,0.2022713360786438,0.1897573173046112,0.733810221195221,0.8231551051139832
149,0,plurality,reference,34037,main,data/simulation_output/thesis_final_runs_v1/design_0149/rule_majority/seed_34037/run_0,puzzle,61.492,55.06,26.04,0.459,56.80952380952381,57.0,0.04421686746987952,65.0,65.0,0.008674698795180723,7854427.105703125,20552882.625,89304440.0,27.952380952380953,32.0,0.03706827309236948,0.5714285714285714,0.75,0.3614457831325301,0.31636885142326354,0.32119834423065186,0.7260037310123444,0.7974336743354797
149,0,plurality,reference,34459,main,data/simulation_output/thesis_final_runs_v1/design_0149/rule_majority/seed_34459/run_0,puzzle,69.888,49.828,29.78,0.461,70.21428571428571,71.0,0.035140562248995984,53.0,53.0,0.0030120481927710845,7932274963.396598,23453949575.61905,82625814528.0,29.285714285714285,36.0,0.0342570281124498,0.47619047619047616,0.25,0.2781124497991968,0.2850442252159119,0.28780123591423035,0.7353738255500794,0.7301996350288391
149,0,plurality,reference,35086,main,data/simulation_output/thesis_final_runs_v1/design_0149/rule_majority/seed_35086/run_0,puzzle,69.42,53.148,23.956,0.507,69.05952380952381,71.0,0.03751004016064257,62.42857142857143,63.0,0.009317269076305222,1504349.492470703,4092108.8660714286,6498651.0,24.535714285714285,26.0,0.01602409638554217,0.5446428571428571,0.5,0.3132530120481928,0.31095947372913363,0.30779993534088135,0.7259556045532226,0.56218421459198
149,0,plurality,reference,35690,main,data/simulation_output/thesis_final_runs_v1/design_0149/rule_majority/seed_35690/run_0,puzzle,64.172,39.38,23.084,0.556,57.773809523809526,51.0,0.04469879518072289,58.035714285714285,59.0,0.0178714859437751,10070.801639160156,18066.192167736233,194666.390625,26.857142857142858,33.0,0.026345381526104418,0.5148809523809523,0.75,0.23092369477911648,0.3092246366739273,0.34074974060058594,0.7283445372581482,0.8443853259086609
149,0,plurality,reference,36007,main,data/simulation_output/thesis_final_runs_v1/design_0149/rule_majority/seed_36007/run_0,puzzle,64.468,40.964,30.996,0.464,60.69047619047619,62.0,0.02718875502008032,43.0,43.0,0.0026907630522088354,114853928130338.34,341769922939172.56,2021397501050880.0,31.666666666666668,30.0,0.028433734939759033,0.4791666666666667,0.25,0.23293172690763053,0.25911924892663957,0.26123881340026855,0.7282789822816849,0.6323317885398865
149,0,plurality,reference,36338,main,data/simulation_output/thesis_final_runs_v1/design_0149/rule_majority/seed_36338/run_0,puzzle,56.632,45.232,24.232,0.455,51.88095238095238,51.0,0.0463855421686747,67.61904761904762,70.0,0.015863453815261042,93850.02979028321,254379.10110328312,2029230.5,26.738095238095237,24.0,0.015662650602409636,0.45535714285714285,0.0,0.3453815261044177,0.30451743900775907,0.3009006977081299,0.7272682098150254,0.7682614922523499
149,0,plurality,reference,36675,main,data/simulation_output/thesis_final_runs_v1/design_0149/rule_majority/seed_36675/run_0,puzzle,80.152,24.604,33.532,0.47,79.45238095238095,77.0,0.027630522088353416,26.0,26.0,0.000963855421686747,620284561232012.8,1831831456847969.5,2088562199625728.0,32.404761904761905,32.0,0.024136546184738955,0.625,0.75,0.2540160642570281,0.20422598725557328,0.2237863540649414,0.7068924555778503,0.7670497298240662
149,0,plurality,reference,37319,main,data/simulation_output/thesis_final_runs_v1/design_0149/rule_majority/seed_37319/run_0,puzzle,74.372,40.66,31.744,0.444,76.98809523809524,76.0,0.038995983935742974,47.535714285714285,48.0,0.002931726907630522,4830633946890.348,14372298470022.096,76694786408448.0,33.357142857142854,24.0,0.03477911646586346,0.4107142857142857,0.0,0.3002008032128514,0.23253404903411865,0.2672118842601776,0.7632997580766678,0.6150354146957397
149,0,plurality,reference,37444,main,data/simulation_output/thesis_final_runs_v1/design_0149/rule_majority/seed_37444/run_0,puzzle,64.528,50.164,27.864,0.518,59.80952380952381,62.0,0.03791164658634538,52.0,52.0,0.0026907630522088354,1360359952.0492187,4048140213.6309524,17495025664.0,29.392857142857142,21.0,0.03955823293172691,0.4375,0.75,0.29819277108433734,0.3201569952964783,0.3170340061187744,0.6863185839653015,0.5838642716407776
149,0,plurality,reference,38360,main,data/simulation_output/thesis_final_runs_v1/design_0149/rule_majority/seed_38360/run_0,puzzle,65.28,48.292,27.332,0.402,62.82142857142857,65.0,0.038795180722891565,65.16666666666667,68.0,0.011847389558232932,23658001807.49976,70409356356.0238,803906453504.0,29.797619047619047,29.0,0.020120481927710845,0.29464285714285715,0.25,0.30622489959839355,0.26569035947322844,0.25455233454704285,0.7546396534442902,0.7170099020004272
149,0,plurality,reference,39061,main,data/simulation_output/thesis_final_runs_v1/design_0149/rule_majority/seed_39061/run_0,puzzle,61.756,45.076,26.372,0.546,54.88095238095238,51.0,0.04891566265060241,55.0,55.0,0.01036144578313253,15263002.991972657,45376275.180803575,121626824.0,30.345238095238095,26.0,0.02289156626506024,0.5357142857142857,0.75,0.3032128514056225,0.27493242239952087,0.3072640001773834,0.7272508325576782,0.7388362884521484
149,0,plurality,reference,39208,main,data/simulation_output/thesis_final_runs_v1/design_0149/rule_majority/seed_39208/run_0,puzzle,86.544,29.664,33.996,0.407,87.4047619047619,89.0,0.029116465863453813,31.0,31.0,0.0012048192771084336,1.1442931403212365e+17,3.4043127613687635e+17,1.248934845673898e+18,33.345238095238095,30.0,0.016626506024096387,0.5357142857142857,0.75,0.20180722891566266,0.22319184273481368,0.2261502742767334,0.7370775289535523,0.752005398273468
149,0,plurality,reference,39427,main,data/simulation_output/thesis_final_runs_v1/design_0149/rule_majority/seed_39427/run_0,puzzle,64.828,44.388,26.844,0.528,57.416666666666664,57.0,0.04,50.0,50.0,0.006666666666666666,88704000.81946826,263839834.53348213,2434087168.0,31.071428571428573,24.0,0.0327710843373494,0.46726190476190477,0.0,0.28112449799196787,0.2736489137411118,0.32423943281173706,0.7253559334278107,0.6906433701515198
149,0,plurality,reference,39467,main,data/simulation_output/thesis_final_runs_v1/design_0149/rule_majority/seed_39467/run_0,puzzle,58.316,54.688,24.556,0.459,48.11904761904762,46.0,0.03843373493975903,62.0,62.0,0.005622489959839358,17283871875.860126,51193076376.38095,648470462464.0,26.404761904761905,32.0,0.020803212851405625,0.5297619047619048,0.0,0.27710843373493976,0.30034895312786103,0.3050209879875183,0.7258981416225433,0.7635939717292786
149,0,plurality,reference,39503,main,data/simulation_output/thesis_final_runs_v1/design_0149/rule_majority/seed_39503/run_0,puzzle,68.376,55.34,25.492,0.41,66.8452380952381,71.0,0.04204819277108433,61.0,61.0,0.003132530120481928,406827109300.40027,1210546374287.238,12203836047360.0,25.0,26.0,0.011526104417670682,0.37797619047619047,0.0,0.2710843373493976,0.26711421364545823,0.2505947947502136,0.725473523736,0.6908476948738098
149,0,plurality,reference,39628,main,data/simulation_output/thesis_final_runs_v1/design_0149/rule_majority/seed_39628/run_0,puzzle,63.828,41.08,26.468,0.457,60.88095238095238,62.0,0.04666666666666667,50.0,50.0,0.00393574297188755,57207221832.43808,169073172699.42856,1727796346880.0,26.333333333333332,24.0,0.013413654618473896,0.4375,0.0,0.2791164658634538,0.23240147370100023,0.2217424213886261,0.7152318711280823,0.5488443374633789
149,0,plurality,reference,39712,main,data/simulation_output/thesis_final_runs_v1/design_0149/rule_majority/seed_39712/run_0,puzzle,81.796,47.512,25.084,0.414,84.39285714285714,81.0,0.03887550200803213,56.0,56.0,0.004216867469879518,6806274714157.283,20241266428440.383,67608372051968.0,24.452380952380953,22.0,0.022811244979919678,0.43452380952380953,0.75,0.3152610441767068,0.2530421767234802,0.30542248487472534,0.7282598415613174,0.7198274731636047
149,0,plurality,reference,40118,main,data/simulation_output/thesis_final_runs_v1/design_0149/rule_majority/seed_40118/run_0,puzzle,54.176,51.856,30.712,0.456,45.80952380952381,45.0,0.03465863453815261,58.0,58.0,0.008554216867469879,523204383035.71375,1557151229622.4404,9361115054080.0,33.892857142857146,36.0,0.026224899598393577,0.3333333333333333,0.0,0.25,0.31476768612861633,0.3379804790019989,0.7238553042411804,0.6981266736984253
149,0,plurality,reference,40255,main,data/simulation_output/thesis_final_runs_v1/design_0149/rule_majority/seed_40255/run_0,puzzle,56.844,51.74,26.312,0.492,52.607142857142854,49.0,0.04373493975903615,61.48809523809524,62.0,0.006265060240963856,174413574.73749217,518910787.765625,8117104640.0,28.94047619047619,32.0,0.026224899598393577,0.37797619047619047,0.25,0.3353413654618474,0.2832078431844711,0.26268064975738525,0.7187676084041595,0.818770706653595
149,0,plurality,reference,40716,main,data/simulation_output/thesis_final_runs_v1/design_0149/rule_majority/seed_40716/run_0,puzzle,65.536,46.128,28.192,0.489,59.07142857142857,57.0,0.03590361445783132,48.0,48.0,0.002248995983935743,3534010844326.172,10517725427035.428,70842515980288.0,30.761904761904763,24.0,0.028313253012048192,0.39285714285714285,1.0,0.25301204819277107,0.2833945276737213,0.2914253771305084,0.7190300122499466,0.6141595244407654
149,0,plurality,reference,40825,main,data/simulation_output/thesis_final_runs_v1/design_0149/rule_majority/seed_40825/run_0,puzzle,65.964,50.6,30.592,0.359,68.78571428571429,68.0,0.028473895582329316,57.0,57.0,0.0029718875502008028,192429809304551.66,572673932729197.8,1966436280958976.0,31.095238095238095,20.0,0.02995983935742972,0.35119047619047616,0.75,0.2781124497991968,0.27922703862190246,0.2946215867996216,0.7050804574489593,0.6996727585792542
149,0,plurality,reference,41038,main,data/simulation_output/thesis_final_runs_v1/design_0149/rule_majority/seed_41038/run_0,puzzle,64.208,45.084,29.064,0.433,63.0,64.0,0.030923694779116464,51.0,51.0,0.005180722891566265,164736750334351.0,489788502236013.7,6904020341882880.0,29.023809523809526,29.0,0.01827309236947791,0.49404761904761907,0.0,0.2459839357429719,0.27914306604862216,0.2666466236114502,0.725802982211113,0.5450635552406311
149,0,plurality,reference,41114,main,data/simulation_output/thesis_final_runs_v1/design_0149/rule_majority/seed_41114/run_0,puzzle,80.252,32.696,31.432,0.519,81.88095238095238,82.0,0.029116465863453813,36.0,36.0,0.0018473895582329317,1764462804569.3384,5250331644001.523,31368666939392.0,32.345238095238095,38.0,0.02321285140562249,0.5119047619047619,0.75,0.2429718875502008,0.22685448104143144,0.20629294216632843,0.7611917526721954,0.8068695664405823
149,0,plurality,reference,41458,main,data/simulation_output/thesis_final_runs_v1/design_0149/rule_majority/seed_41458/run_0,puzzle,77.736,20.7,24.68,0.573,81.10714285714286,74.0,0.04048192771084337,34.23809523809524,45.0,0.047228915662650604,1012.1385836849213,16.84204782190777,13.299612045288086,25.202380952380953,26.0,0.029558232931726908,0.5386904761904762,0.75,0.286144578313253,0.30716193723678586,0.31315499544143677,0.6655878870487213,0.656744658946991
149,0,plurality,reference,42022,main,data/simulation_output/thesis_final_runs_v1/design_0149/rule_majority/seed_42022/run_0,puzzle,67.54,55.12,26.388,0.487,67.94047619047619,68.0,0.03538152610441767,61.392857142857146,62.0,0.005983935742971887,969604332.5190918,2850131948.857143,29552543744.0,26.261904761904763,31.0,0.018433734939759038,0.4642857142857143,0.0,0.29518072289156627,0.2826253904104233,0.3050181269645691,0.7305231547355652,0.5761491656303406
149,0,plurality,reference,42247,main,data/simulation_output/thesis_final_runs_v1/design_0149/rule_majority/seed_42247/run_0,puzzle,65.72,45.84,31.588,0.476,61.13095238095238,58.0,0.03273092369477912,48.0,48.0,0.0024096385542168672,319783736078.66943,951648908928.762,9463446634496.0,34.154761904761905,31.0,0.02891566265060241,0.40476190476190477,0.5,0.26104417670682734,0.29770743680000306,0.2805667817592621,0.7232308338880539,0.7981107234954834
149,0,plurality,reference,42286,main,data/simulation_output/thesis_final_runs_v1/design_0149/rule_majority/seed_42286/run_0,puzzle,70.428,45.412,29.812,0.509,70.14285714285714,70.0,0.029196787148594375,49.0,49.0,0.0022088353413654616,23762331.749441408,69980231.93005952,514010656.0,32.583333333333336,38.0,0.045140562248995986,0.4732142857142857,0.75,0.3965863453815261,0.26726360243558883,0.23812685906887054,0.7369225933551788,0.8536799550056458
149,0,plurality,reference,42715,main,data/simulation_output/thesis_final_runs_v1/design_0149/rule_majority/seed_42715/run_0,puzzle,57.168,49.976,23.344,0.505,47.166666666666664,41.0,0.047068273092369474,66.0,66.0,0.014377510040160642,16957121.3353208,50456387.22884115,245480208.0,27.464285714285715,30.0,0.018714859437751002,0.4732142857142857,0.0,0.28413654618473894,0.3542003804445267,0.3879939913749695,0.7147266416549682,0.7393027544021606
149,0,plurality,reference,42943,main,data/simulation_output/thesis_final_runs_v1/design_0149/rule_majority/seed_42943/run_0,puzzle,83.804,34.984,30.62,0.412,87.33333333333333,89.0,0.02927710843373494,39.0,39.0,0.001606425702811245,75964408103253.84,226052391725933.72,769219515908096.0,28.976190476190474,24.0,0.021325301204819277,0.37797619047619047,0.75,0.2710843373493976,0.2251786370277405,0.2681845724582672,0.7486221446990967,0.7507572770118713
149,0,plurality,reference,43401,main,data/simulation_output/thesis_final_runs_v1/design_0149/rule_majority/seed_43401/run_0,puzzle,60.136,49.404,28.276,0.49,54.583333333333336,50.0,0.03409638554216868,53.0,53.0,0.003855421686746988,71077652795.494,209769341147.42856,951502176256.0,28.547619047619047,30.0,0.016746987951807228,0.5565476190476191,0.5,0.26506024096385544,0.2636830427646637,0.25351762771606445,0.7159270228147506,0.7878064513206482
149,0,plurality,reference,44015,main,data/simulation_output/thesis_final_runs_v1/design_0149/rule_majority/seed_44015/run_0,puzzle,69.56,44.18,27.324,0.413,67.29761904761905,61.0,0.047028112449799195,61.0,61.0,0.005381526104417671,178333611015.40732,528920478936.381,784219373568.0,28.63095238095238,30.0,0.014497991967871486,0.48214285714285715,0.0,0.286144578313253,0.2708840094208717,0.2575591504573822,0.7319306700229645,0.7289283275604248
149,0,plurality,reference,45211,main,data/simulation_output/thesis_final_runs_v1/design_0149/rule_majority/seed_45211/run_0,puzzle,55.548,56.324,25.408,0.451,45.92857142857143,42.0,0.042650602409638555,67.0,67.0,0.006947791164658634,10207461062.525028,30348489934.47619,125162479616.0,26.666666666666668,21.0,0.019477911646586344,0.4523809523809524,1.0,0.3112449799196787,0.3095032933950424,0.36263492703437805,0.7354084453582763,0.5855996012687683
149,0,plurality,reference,45673,main,data/simulation_output/thesis_final_runs_v1/design_0149/rule_majority/seed_45673/run_0,puzzle,63.18,46.02,26.832,0.47,60.964285714285715,61.0,0.034176706827309236,54.0,54.0,0.004497991967871486,56197413.43571875,153760357.5,311840832.0,28.36904761904762,31.0,0.02642570281124498,0.5208333333333334,1.0,0.3674698795180723,0.2841956741809845,0.26232030987739563,0.7089928641319275,0.7564935088157654
149,0,plurality,reference,46513,main,data/simulation_output/thesis_final_runs_v1/design_0149/rule_majority/seed_46513/run_0,puzzle,62.316,45.38,32.676,0.501,56.94047619047619,57.0,0.028433734939759033,47.0,47.0,0.0021285140562248995,38238295640.76088,113707205249.5238,961960083456.0,34.273809523809526,38.0,0.026626506024096382,0.4255952380952381,0.75,0.25301204819277107,0.3166163147687912,0.3175239861011505,0.730009262084961,0.7796830534934998
149,0,plurality,reference,46847,main,data/simulation_output/thesis_final_runs_v1/design_0149/rule_majority/seed_46847/run_0,puzzle,71.844,31.64,25.956,0.519,74.89285714285714,77.0,0.03682730923694779,34.88095238095238,42.0,0.01706827309236948,3073436.192036133,8802127.875,26616550.0,26.095238095238095,28.0,0.01923694779116466,0.5267857142857143,0.5,0.321285140562249,0.26777003329992294,0.2574067711830139,0.7544891860485077,0.7724937796592712
149,0,plurality,reference,48615,main,data/simulation_output/thesis_final_runs_v1/design_0149/rule_majority/seed_48615/run_0,puzzle,75.556,20.808,28.428,0.428,80.41666666666667,82.0,0.04092369477911647,25.5,46.0,0.017791164658634537,107753891.033375,311078260.8095238,3338248192.0,28.892857142857142,33.0,0.019397590361445782,0.37797619047619047,0.5,0.3192771084337349,0.2501334180235863,0.23382951319217682,0.7152816437482834,0.8428107500076294
149,0,plurality,reference,48647,main,data/simulation_output/thesis_final_runs_v1/design_0149/rule_majority/seed_48647/run_0,puzzle,62.912,40.928,34.268,0.561,58.654761904761905,59.0,0.025783132530120483,44.0,44.0,0.004939759036144578,9638520086.224789,28685875487.691963,198306332672.0,37.857142857142854,39.0,0.0257429718875502,0.4226190476190476,0.75,0.20883534136546184,0.31442069900035857,0.31617090106010437,0.7187330820560456,0.8075283765792847
149,0,plurality,reference,49126,main,data/simulation_output/thesis_final_runs_v1/design_0149/rule_majority/seed_49126/run_0,puzzle,71.752,45.936,27.008,0.462,70.42857142857143,66.0,0.040562248995983936,54.0,54.0,0.00321285140562249,325872982122.49786,956723540358.0952,2424552554496.0,27.154761904761905,23.0,0.014136546184738957,0.5744047619047619,0.5,0.2710843373493976,0.2490846944451332,0.30802804231643677,0.7543037996292115,0.6009401082992554
149,0,plurality,reference,49425,main,data/simulation_output/thesis_final_runs_v1/design_0149/rule_majority/seed_49425/run_0,puzzle,59.772,53.516,29.572,0.423,57.17857142857143,53.0,0.035341365461847386,57.0,57.0,0.004497991967871486,13816711461604.807,41121032304988.95,363474358108160.0,33.845238095238095,35.0,0.025220883534136544,0.36607142857142855,0.25,0.2740963855421687,0.30725204622745517,0.3108697533607483,0.7056536028385162,0.8229526281356812
149,0,plurality,reference,49907,main,data/simulation_output/thesis_final_runs_v1/design_0149/rule_majority/seed_49907/run_0,puzzle,89.8,23.288,34.992,0.481,91.83333333333333,93.0,0.02160642570281125,24.0,24.0,0.0008433734939759036,661349202628886.6,1967933238061738.8,6083994047217664.0,34.36904761904762,37.0,0.01738955823293173,0.5059523809523809,1.0,0.24096385542168675,0.21208759105205535,0.20339523255825043,0.7551191968917846,0.7321825623512268
149,0,plurality,reference,51108,main,data/simulation_output/thesis_final_runs_v1/design_0149/rule_majority/seed_51108/run_0,puzzle,87.32,22.136,31.288,0.546,88.01190476190476,89.0,0.028835341365461845,23.0,23.0,0.0008433734939759036,2847030075.6504607,8381158300.285714,123557462016.0,32.154761904761905,37.0,0.024377510040160644,0.48214285714285715,0.25,0.2680722891566265,0.21613855123519898,0.1996949464082718,0.7323506680727006,0.8065610527992249
149,0,plurality,reference,51505,main,data/simulation_output/thesis_final_runs_v1/design_0149/rule_majority/seed_51505/run_0,puzzle,62.528,47.288,32.096,0.512,57.26190476190476,60.0,0.028634538152610443,52.0,52.0,0.007269076305220884,2360707080.5818357,6987893028.952381,65474617344.0,33.98809523809524,36.0,0.029437751004016067,0.5535714285714286,0.25,0.28012048192771083,0.3195489801168442,0.3315381407737732,0.7272308232784271,0.6644566655158997
149,0,plurality,reference,51722,main,data/simulation_output/thesis_final_runs_v1/design_0149/rule_majority/seed_51722/run_0,puzzle,57.892,53.416,28.224,0.582,49.61904761904762,46.0,0.032329317269076306,56.0,56.0,0.0025301204819277107,1403023.573375,3988810.375372024,53130396.0,28.511904761904763,32.0,0.020803212851405625,0.5446428571428571,0.25,0.26305220883534136,0.3325971859693527,0.33923041820526123,0.7225751377344132,0.756256639957428
149,0,plurality,reference,52722,main,data/simulation_output/thesis_final_runs_v1/design_0149/rule_majority/seed_52722/run_0,puzzle,65.576,43.336,28.596,0.524,62.63095238095238,62.0,0.034377510040160646,46.0,46.0,0.002289156626506024,1506488063.365836,4167566634.6666665,37607370752.0,28.94047619047619,31.0,0.015421686746987953,0.5982142857142857,0.25,0.26305220883534136,0.2422733677625656,0.23965208232402802,0.7269876608848572,0.6530369520187378
149,0,plurality,reference,53334,main,data/simulation_output/thesis_final_runs_v1/design_0149/rule_majority/seed_53334/run_0,puzzle,77.376,37.864,31.516,0.397,75.39285714285714,76.0,0.0363855421686747,40.0,40.0,0.001566265060240964,136354426615345.14,405766463635017.1,3545517514555392.0,32.30952380952381,34.0,0.027791164658634536,0.36607142857142855,0.0,0.2570281124497992,0.25029500341415406,0.23287422955036163,0.7361514298915863,0.6557487845420837
149,0,plurality,reference,54065,main,data/simulation_output/thesis_final_runs_v1/design_0149/rule_majority/seed_54065/run_0,puzzle,58.728,60.72,27.584,0.429,51.095238095238095,48.0,0.039437751004016065,65.0,65.0,0.0027309236947791167,124399395175.66446,347498986934.8571,330317561856.0,26.38095238095238,27.0,0.022048192771084336,0.5922619047619048,0.75,0.31224899598393574,0.27734622406959536,0.2795622944831848,0.7259246840476989,0.819388747215271
149,0,plurality,reference,54726,main,data/simulation_output/thesis_final_runs_v1/design_0149/rule_majority/seed_54726/run_0,puzzle,67.876,49.012,20.544,0.561,64.22619047619048,58.0,0.04891566265060241,65.77380952380952,66.0,0.014497991967871486,10816.636886230468,22241.00580705915,97928.9765625,19.845238095238095,21.0,0.020923694779116465,0.49107142857142855,0.5,0.33232931726907633,0.29600856864452363,0.2863629162311554,0.7338019123077393,0.6805389523506165
149,0,plurality,reference,55401,main,data/simulation_output/thesis_final_runs_v1/design_0149/rule_majority/seed_55401/run_0,puzzle,57.776,53.34,25.104,0.47,46.773809523809526,44.0,0.03702811244979919,59.0,59.0,0.004457831325301205,627340870220.7688,1865684557190.0952,2548865695744.0,27.047619047619047,29.0,0.014698795180722892,0.5922619047619048,0.0,0.24899598393574296,0.2940433226823807,0.29603856801986694,0.7211566216945648,0.8072671890258789
149,0,plurality,reference,57389,main,data/simulation_output/thesis_final_runs_v1/design_0149/rule_majority/seed_57389/run_0,puzzle,47.548,64.776,22.852,0.452,36.25,33.0,0.035582329317269075,69.92857142857143,70.0,0.004859437751004016,135619726005.98393,393996200569.9048,1893961170944.0,21.833333333333332,26.0,0.01759036144578313,0.5386904761904762,0.5,0.3393574297188755,0.3224250693321228,0.3603445291519165,0.6986729956865311,0.6503946185112
149,0,plurality,reference,57979,main,data/simulation_output/thesis_final_runs_v1/design_0149/rule_majority/seed_57979/run_0,puzzle,55.396,56.232,20.464,0.513,50.142857142857146,54.0,0.038714859437751006,67.0,67.0,0.008755020080321285,24049092.34739453,70388123.75148809,337977088.0,20.321428571428573,19.0,0.016144578313253014,0.4851190476190476,0.5,0.26907630522088355,0.3112005822658539,0.309388667345047,0.7034064848423004,0.6405037641525269
149,0,plurality,reference,58051,main,data/simulation_output/thesis_final_runs_v1/design_0149/rule_majority/seed_58051/run_0,puzzle,78.584,39.412,27.892,0.482,82.95238095238095,83.0,0.029437751004016067,51.083333333333336,52.0,0.004899598393574297,13649147942.015226,39294645948.95238,59197267968.0,27.25,18.0,0.016224899598393575,0.5505952380952381,0.75,0.29819277108433734,0.2473827201128006,0.32564517855644226,0.7447419173717499,0.6927172541618347
149,0,plurality,reference,58075,main,data/simulation_output/thesis_final_runs_v1/design_0149/rule_majority/seed_58075/run_0,puzzle,60.756,47.848,27.868,0.532,54.166666666666664,53.0,0.032811244979919676,50.0,50.0,0.0022088353413654616,105892415051.49065,315143060323.8095,2147138928640.0,30.321428571428573,26.0,0.020642570281124498,0.4642857142857143,1.0,0.24397590361445784,0.3002637280225754,0.3096903860569,0.7100125526189804,0.5868608951568604
149,0,plurality,reference,58185,main,data/simulation_output/thesis_final_runs_v1/design_0149/rule_majority/seed_58185/run_0,puzzle,67.92,51.228,26.392,0.497,65.05952380952381,68.0,0.039236947791164656,55.0,55.0,0.0025301204819277107,33060078.16228711,95822568.9404762,989339072.0,27.214285714285715,31.0,0.025662650602409638,0.4851190476190476,0.0,0.35240963855421686,0.2720891600251198,0.24479231238365173,0.7469443275928497,0.6516292691230774
149,0,plurality,reference,58309,main,data/simulation_output/thesis_final_runs_v1/design_0149/rule_majority/seed_58309/run_0,puzzle,75.224,46.86,24.54,0.462,78.14285714285714,78.0,0.03839357429718875,58.0,58.0,0.006465863453815262,7969491.24178125,23534436.273158483,60696016.0,26.714285714285715,26.0,0.01610441767068273,0.375,0.25,0.32630522088353414,0.24807753312587738,0.21840786933898926,0.720136188864708,0.6259742379188538
149,0,plurality,reference,58606,main,data/simulation_output/thesis_final_runs_v1/design_0149/rule_majority/seed_58606/run_0,puzzle,83.46,19.5,33.016,0.506,83.10714285714286,83.0,0.02176706827309237,20.0,20.0,0.000963855421686747,2841815077138.858,8457564864612.571,58478236270592.0,32.95238095238095,37.0,0.03317269076305221,0.4017857142857143,0.75,0.2680722891566265,0.22970693337917328,0.21227861940860748,0.6885616245269776,0.713829755783081
149,0,plurality,reference,58705,main,data/simulation_output/thesis_final_runs_v1/design_0149/rule_majority/seed_58705/run_0,puzzle,66.532,51.36,27.296,0.436,64.95238095238095,66.0,0.03887550200803213,58.0,58.0,0.004698795180722892,1157251586654.4036,3442573832192.0,13601274331136.0,29.154761904761905,28.0,0.033534136546184735,0.39285714285714285,0.0,0.27710843373493976,0.26471817803382874,0.23957565426826477,0.7406197009086609,0.703137993812561
149,0,plurality,reference,58738,main,data/simulation_output/thesis_final_runs_v1/design_0149/rule_majority/seed_58738/run_0,puzzle,74.428,41.188,28.928,0.437,70.98809523809524,68.0,0.04216867469879518,44.0,44.0,0.0026506024096385546,3442056687276.6426,10150411051398.096,46867417137152.0,29.05952380952381,25.0,0.023654618473895585,0.49702380952380953,1.0,0.29116465863453816,0.2549911515712738,0.2631976008415222,0.7210518597364426,0.6784582734107971
149,0,plurality,reference,59237,main,data/simulation_output/thesis_final_runs_v1/design_0149/rule_majority/seed_59237/run_0,puzzle,87.408,28.488,27.564,0.543,92.91666666666667,91.0,0.03040160642570281,36.0,36.0,0.003453815261044177,2407741.163451172,5287654.625,31342936.0,29.214285714285715,32.0,0.026867469879518074,0.5922619047619048,0.0,0.33835341365461846,0.21746891725063325,0.18041963875293732,0.7442385994195938,0.6697432398796082
149,0,plurality,reference,59392,main,data/simulation_output/thesis_final_runs_v1/design_0149/rule_majority/seed_59392/run_0,puzzle,65.18,47.996,25.924,0.426,61.464285714285715,56.0,0.03614457831325301,52.0,52.0,0.0024096385542168672,18094658976934.043,53840496249124.57,504441023234048.0,27.178571428571427,28.0,0.017309236947791164,0.4494047619047619,0.5,0.2580321285140562,0.2524085030555725,0.23849627375602722,0.7276868722438812,0.7284087538719177
149,0,plurality,reference,59830,main,data/simulation_output/thesis_final_runs_v1/design_0149/rule_majority/seed_59830/run_0,puzzle,57.1,56.876,23.852,0.448,47.095238095238095,48.0,0.04208835341365462,63.0,63.0,0.004939759036144578,7362638619.813363,21903205149.857143,168389787648.0,25.523809523809526,24.0,0.01602409638554217,0.4732142857142857,0.5,0.3172690763052209,0.30620708119869233,0.3116324841976166,0.7159285118579864,0.6150907278060913
149,0,plurality,reference,59902,main,data/simulation_output/thesis_final_runs_v1/design_0149/rule_majority/seed_59902/run_0,puzzle,60.456,50.92,27.656,0.496,55.07142857142857,55.0,0.03200803212851405,55.0,55.0,0.003453815261044177,459396054.4028242,1275905507.8095238,2207857664.0,27.726190476190474,32.0,0.03530120481927711,0.5595238095238095,0.75,0.2740963855421687,0.30041814064979555,0.2963436245918274,0.710655713558197,0.7336276769638062
149,0,plurality,reference,60225,main,data/simulation_output/thesis_final_runs_v1/design_0149/rule_majority/seed_60225/run_0,puzzle,62.0,48.276,20.924,0.546,57.01190476190476,50.0,0.04502008032128514,63.32142857142857,64.0,0.015622489959839359,8338.423541015625,3615.8783511207216,1087.6495361328125,21.488095238095237,19.0,0.03072289156626506,0.6369047619047619,1.0,0.321285140562249,0.32379329204559326,0.3058924376964569,0.692328008890152,0.6002768874168396
149,0,plurality,reference,60506,main,data/simulation_output/thesis_final_runs_v1/design_0149/rule_majority/seed_60506/run_0,puzzle,60.284,45.372,31.704,0.521,58.19047619047619,58.0,0.02570281124497992,49.0,49.0,0.004176706827309236,23014857739.142704,44518981144.38095,123408039936.0,29.952380952380953,28.0,0.032329317269076306,0.6428571428571429,0.25,0.3002008032128514,0.2947997946739197,0.28151485323905945,0.7146401717662811,0.6800441145896912
149,0,plurality,reference,61704,main,data/simulation_output/thesis_final_runs_v1/design_0149/rule_majority/seed_61704/run_0,puzzle,80.54,44.104,27.396,0.56,83.03571428571429,84.0,0.029718875502008035,48.63095238095238,49.0,0.0034136546184738957,902131497.8484375,2475111816.571429,9716528128.0,27.702380952380953,25.0,0.029598393574297187,0.5625,0.5,0.26104417670682734,0.2752094904184341,0.27711546421051025,0.734330724954605,0.5505034327507019
149,0,plurality,reference,62237,main,data/simulation_output/thesis_final_runs_v1/design_0149/rule_majority/seed_62237/run_0,puzzle,63.66,50.744,28.736,0.461,56.892857142857146,58.0,0.036987951807228914,55.0,55.0,0.002891566265060241,50748678313.38208,146817073395.8095,1057409007616.0,28.36904761904762,33.0,0.023333333333333334,0.5476190476190477,0.0,0.29417670682730923,0.2966460585594177,0.2860460877418518,0.7110611777305603,0.6417593955993652
149,0,plurality,reference,62282,main,data/simulation_output/thesis_final_runs_v1/design_0149/rule_majority/seed_62282/run_0,puzzle,77.02,39.104,28.844,0.442,80.83333333333333,81.0,0.036947791164658635,47.0,47.0,0.005180722891566265,1068220262.880625,3113703556.952381,17037821952.0,30.107142857142858,27.0,0.029437751004016067,0.47619047619047616,0.0,0.32028112449799195,0.2581866925358772,0.2853100299835205,0.7096028182506561,0.692915141582489
149,0,plurality,reference,62468,main,data/simulation_output/thesis_final_runs_v1/design_0149/rule_majority/seed_62468/run_0,puzzle,66.136,37.564,32.068,0.521,61.904761904761905,61.0,0.027309236947791166,40.0,40.0,0.0024497991967871485,140138041592.88684,417048175954.7857,2815271895040.0,35.333333333333336,39.0,0.028634538152610443,0.4375,0.25,0.24397590361445784,0.2742674186229706,0.26363325119018555,0.7074130866527557,0.6619051098823547
149,0,plurality,reference,62546,main,data/simulation_output/thesis_final_runs_v1/design_0149/rule_majority/seed_62546/run_0,puzzle,74.896,28.76,32.58,0.639,73.5,73.0,0.02481927710843374,30.0,30.0,0.0013654618473895584,283378370.2451348,840146068.1904762,2587639296.0,33.964285714285715,36.0,0.02216867469879518,0.6369047619047619,0.75,0.2389558232931727,0.22879212683439254,0.22091321647167206,0.7550120205879212,0.7280974388122559
149,0,plurality,reference,63093,main,data/simulation_output/thesis_final_runs_v1/design_0149/rule_majority/seed_63093/run_0,puzzle,82.06,38.5,26.564,0.513,83.6547619047619,82.0,0.0378714859437751,44.0,44.0,0.00751004016064257,316865947.11079884,939509060.5595238,11666414592.0,29.035714285714285,35.0,0.036746987951807225,0.4523809523809524,0.5,0.24497991967871485,0.2648703339099884,0.26329049468040466,0.7193082418441773,0.7124093174934387
149,0,plurality,reference,63196,main,data/simulation_output/thesis_final_runs_v1/design_0149/rule_majority/seed_63196/run_0,puzzle,56.728,46.772,25.12,0.461,52.154761904761905,51.0,0.045341365461847395,68.29761904761905,70.0,0.00678714859437751,4207255749.949859,12384688327.619047,95259648000.0,25.583333333333332,27.0,0.017228915662650602,0.5744047619047619,0.25,0.29518072289156627,0.27752315151691437,0.2808476686477661,0.7426346752643586,0.6263396143913269
149,0,plurality,reference,63551,main,data/simulation_output/thesis_final_runs_v1/design_0149/rule_majority/seed_63551/run_0,puzzle,62.108,47.2,29.204,0.526,57.76190476190476,54.0,0.03285140562248996,50.0,50.0,0.0023694779116465864,4712296359.686488,13963948490.190475,174273150976.0,30.666666666666668,35.0,0.024176706827309234,0.5446428571428571,0.5,0.28012048192771083,0.27735722017288206,0.26298075914382935,0.7155118918418885,0.7431294322013855
149,0,plurality,reference,63676,main,data/simulation_output/thesis_final_runs_v1/design_0149/rule_majority/seed_63676/run_0,puzzle,83.552,28.42,31.48,0.389,86.25,88.0,0.023012048192771088,31.0,31.0,0.0014056224899598394,2.3993246562664756e+16,7.140658138117071e+16,6.698537510030541e+17,32.785714285714285,30.0,0.02104417670682731,0.39285714285714285,0.0,0.22991967871485944,0.18992455768585206,0.19192622601985931,0.7240546272993088,0.6102456450462341
149,0,plurality,reference,63848,main,data/simulation_output/thesis_final_runs_v1/design_0149/rule_majority/seed_63848/run_0,puzzle,75.468,30.128,35.64,0.507,72.8452380952381,74.0,0.02397590361445783,31.0,31.0,0.0012449799196787147,410985388162.9024,1222503711134.476,15833401131008.0,36.595238095238095,41.0,0.033975903614457834,0.47023809523809523,0.5,0.24799196787148595,0.25471056896448135,0.24359853565692902,0.7240647696256638,0.724037230014801
149,0,plurality,reference,64405,main,data/simulation_output/thesis_final_runs_v1/design_0149/rule_majority/seed_64405/run_0,puzzle,54.836,63.768,23.78,0.406,50.273809523809526,54.0,0.04734939759036145,74.27380952380952,76.0,0.009357429718875501,1878307.8245507812,5300034.415922619,20498474.0,23.452380952380953,24.0,0.01891566265060241,0.36607142857142855,0.0,0.3413654618473896,0.300929114818573,0.2936467230319977,0.736970729470253,0.6478764414787292
149,0,plurality,reference,64944,main,data/simulation_output/thesis_final_runs_v1/design_0149/rule_majority/seed_64944/run_0,puzzle,57.76,51.736,28.252,0.36,50.20238095238095,49.0,0.033293172690763054,56.0,56.0,0.0036144578313253013,16578135192488.477,49339635441725.336,288677301321728.0,31.345238095238095,33.0,0.025502008032128515,0.25595238095238093,0.75,0.2419678714859438,0.3049413105249405,0.29250556230545044,0.6723471386432648,0.7321438193321228
149,0,plurality,reference,65039,main,data/simulation_output/thesis_final_runs_v1/design_0149/rule_majority/seed_65039/run_0,puzzle,69.964,41.1,27.588,0.533,69.80952380952381,71.0,0.03136546184738956,44.0,44.0,0.002248995983935743,1783051953362.731,5306602941438.096,27810580135936.0,28.678571428571427,20.0,0.016506024096385543,0.46130952380952384,0.75,0.24397590361445784,0.24549315106868744,0.3148081600666046,0.7360154088735581,0.5810427069664001
149,0,plurality,reference,65494,main,data/simulation_output/thesis_final_runs_v1/design_0149/rule_majority/seed_65494/run_0,puzzle,83.156,33.476,29.76,0.495,82.54761904761905,83.0,0.033734939759036145,35.0,35.0,0.0013654618473895584,8582265472611.179,25541848494078.477,171024372989952.0,30.821428571428573,24.0,0.017028112449799196,0.3898809523809524,0.75,0.21084337349397592,0.22181337147951127,0.26332414150238037,0.7730602285861969,0.660236656665802
149,0,plurality,reference,66476,main,data/simulation_output/thesis_final_runs_v1/design_0149/rule_majority/seed_66476/run_0,puzzle,56.632,43.516,22.968,0.405,51.86904761904762,54.0,0.05261044176706827,61.464285714285715,63.0,0.007670682730923695,901847131920.6508,2683734013427.8096,13497051119616.0,23.36904761904762,24.0,0.013172690763052209,0.41369047619047616,0.75,0.27309236947791166,0.22200930219888687,0.20153643190860748,0.7379253152608871,0.7397940158843994
149,0,plurality,reference,66652,main,data/simulation_output/thesis_final_runs_v1/design_0149/rule_majority/seed_66652/run_0,puzzle,70.672,43.156,28.056,0.564,69.97619047619048,70.0,0.03200803212851405,48.0,48.0,0.002891566265060241,2760930.3646640624,6347722.43452381,11307119.0,28.166666666666668,25.0,0.030562248995983934,0.5863095238095238,0.0,0.35240963855421686,0.25853281617164614,0.24292080104351044,0.72846506357193,0.6476547718048096
149,0,plurality,reference,66660,main,data/simulation_output/thesis_final_runs_v1/design_0149/rule_majority/seed_66660/run_0,puzzle,64.592,49.132,26.804,0.459,59.94047619047619,52.0,0.04510040160642571,63.0,63.0,0.007710843373493976,546947302.5119648,1602106461.9047618,7030222336.0,27.964285714285715,23.0,0.0121285140562249,0.5119047619047619,0.75,0.3253012048192771,0.27612916672229765,0.34298816323280334,0.7437822587490082,0.7929962277412415
149,0,plurality,reference,67034,main,data/simulation_output/thesis_final_runs_v1/design_0149/rule_majority/seed_67034/run_0,puzzle,58.096,51.244,28.296,0.516,51.80952380952381,53.0,0.03317269076305221,55.0,55.0,0.00321285140562249,774265507.5428691,1977588946.6666667,17474123776.0,29.833333333333332,28.0,0.02108433734939759,0.5714285714285714,0.5,0.29417670682730923,0.2765297601222992,0.2961196303367615,0.7359228211641312,0.5988765954971313
149,0,plurality,reference,67228,main,data/simulation_output/thesis_final_runs_v1/design_0149/rule_majority/seed_67228/run_0,puzzle,74.832,38.744,29.34,0.454,72.23809523809524,72.0,0.03502008032128514,41.0,41.0,0.0018875502008032128,845163347080.2842,2511638490666.6665,19537367924736.0,30.833333333333332,27.0,0.02397590361445783,0.4494047619047619,0.25,0.3172690763052209,0.23058379989862443,0.251629114151001,0.7256264324188233,0.5720688700675964
149,0,plurality,reference,68518,main,data/simulation_output/thesis_final_runs_v1/design_0149/rule_majority/seed_68518/run_0,puzzle,71.516,42.616,26.808,0.361,72.63095238095238,72.0,0.03927710843373494,54.654761904761905,53.0,0.005783132530120482,1928796187146.019,5740347633396.571,71117905592320.0,28.333333333333332,30.0,0.017710843373493976,0.27976190476190477,0.25,0.2720883534136546,0.25335067403316497,0.20661583542823792,0.7288764250278473,0.736354410648346
149,0,plurality,reference,68743,main,data/simulation_output/thesis_final_runs_v1/design_0149/rule_majority/seed_68743/run_0,puzzle,75.48,42.88,27.448,0.42,76.28571428571429,81.0,0.036746987951807225,46.0,46.0,0.0020481927710843373,15647693264334.537,46567082899894.86,306154731208704.0,27.142857142857142,25.0,0.016987951807228917,0.38095238095238093,1.0,0.2781124497991968,0.23277850633859634,0.23537929356098175,0.7181571128368378,0.7208147048950195
149,0,plurality,reference,69003,main,data/simulation_output/thesis_final_runs_v1/design_0149/rule_majority/seed_69003/run_0,puzzle,60.424,56.084,26.056,0.461,56.5,55.0,0.041285140562248995,64.0,64.0,0.003975903614457831,348495087868.8959,1028683220016.762,2708000997376.0,25.488095238095237,23.0,0.016827309236947793,0.5267857142857143,0.0,0.30120481927710846,0.2593293017745018,0.2688440680503845,0.7461420173645019,0.5924922227859497
149,0,plurality,reference,70197,main,data/simulation_output/thesis_final_runs_v1/design_0149/rule_majority/seed_70197/run_0,puzzle,74.68,33.088,33.484,0.528,70.92857142857143,69.0,0.029317269076305223,34.0,34.0,0.0013253012048192773,39296118942292.445,116928357048515.05,1061754905821184.0,35.666666666666664,22.0,0.028755020080321284,0.5595238095238095,0.5,0.20783132530120482,0.2542484122514725,0.30937033891677856,0.740012998342514,0.5496076345443726
149,0,plurality,reference,71382,main,data/simulation_output/thesis_final_runs_v1/design_0149/rule_majority/seed_71382/run_0,puzzle,62.288,50.336,26.06,0.472,56.095238095238095,53.0,0.04076305220883534,55.0,55.0,0.0030120481927710845,10782713407.768133,32030632472.0,44769251328.0,26.238095238095237,27.0,0.023413654618473893,0.5327380952380952,1.0,0.3253012048192771,0.27038226699829104,0.26110631227493286,0.7331750752925873,0.7422929406166077
149,0,plurality,reference,72328,main,data/simulation_output/thesis_final_runs_v1/design_0149/rule_majority/seed_72328/run_0,puzzle,63.684,49.736,25.656,0.496,63.01190476190476,72.0,0.04538152610441767,69.21428571428571,73.0,0.004457831325301205,5185962.550792969,12969028.358630951,49407832.0,26.464285714285715,26.0,0.019839357429718877,0.5208333333333334,0.25,0.35441767068273095,0.26373318499326703,0.2648722529411316,0.7790779592990875,0.6586982607841492
149,0,plurality,reference,72460,main,data/simulation_output/thesis_final_runs_v1/design_0149/rule_majority/seed_72460/run_0,puzzle,69.172,41.248,25.38,0.344,69.8452380952381,77.0,0.046827309236947785,54.19047619047619,63.0,0.01144578313253012,376621911337.79767,1120765136566.0952,12289740636160.0,26.166666666666668,24.0,0.01602409638554217,0.25,0.0,0.2901606425702811,0.25219039952754974,0.254997193813324,0.7300524282455444,0.7266900539398193
149,0,plurality,reference,72967,main,data/simulation_output/thesis_final_runs_v1/design_0149/rule_majority/seed_72967/run_0,puzzle,58.836,43.996,28.288,0.524,55.76190476190476,57.0,0.03714859437751004,54.0,54.0,0.010160642570281124,481312950.4428789,1429282289.4285715,2910762496.0,30.36904761904762,25.0,0.035140562248995984,0.49404761904761907,1.0,0.31626506024096385,0.3087452310323715,0.32956352829933167,0.7180111403465271,0.8142381310462952
149,0,plurality,reference,72968,main,data/simulation_output/thesis_final_runs_v1/design_0149/rule_majority/seed_72968/run_0,puzzle,52.808,55.488,24.784,0.419,42.07142857142857,37.0,0.04485943775100401,70.0,70.0,0.013132530120481926,12798708754.172829,38086881368.85714,309528100864.0,25.642857142857142,24.0,0.014578313253012048,0.4017857142857143,0.0,0.31224899598393574,0.33986925828456876,0.30870193243026733,0.7277977738380432,0.6104345917701721
149,0,plurality,reference,73225,main,data/simulation_output/thesis_final_runs_v1/design_0149/rule_majority/seed_73225/run_0,puzzle,78.484,49.208,28.192,0.457,80.67857142857143,78.0,0.034939759036144574,58.785714285714285,61.0,0.005983935742971887,11610477706.98079,29452128000.0,20628002816.0,27.702380952380953,30.0,0.023172690763052207,0.5684523809523809,0.25,0.3102409638554217,0.24060227328538894,0.23194727301597595,0.7738269929885864,0.8156776428222656
149,0,plurality,reference,73651,main,data/simulation_output/thesis_final_runs_v1/design_0149/rule_majority/seed_73651/run_0,puzzle,66.776,50.148,25.18,0.546,64.17857142857143,64.0,0.037389558232931726,56.0,56.0,0.0037349397590361443,2229586.4855351564,5787885.488095238,8996652.0,26.523809523809526,31.0,0.024497991967871485,0.6279761904761905,0.75,0.35040160642570284,0.28896122574806216,0.2650758624076843,0.7151814098358155,0.9054062366485596
149,0,plurality,reference,73728,main,data/simulation_output/thesis_final_runs_v1/design_0149/rule_majority/seed_73728/run_0,puzzle,80.56,32.912,21.888,0.553,86.07142857142857,85.0,0.035783132530120484,47.535714285714285,51.0,0.019839357429718877,10685.571680419922,27840.95889718192,57344.3203125,23.273809523809526,25.0,0.030522088353413655,0.5267857142857143,0.5,0.32831325301204817,0.2793834671974182,0.2726452052593231,0.7310305731296539,0.6559874415397644
149,0,plurality,reference,74144,main,data/simulation_output/thesis_final_runs_v1/design_0149/rule_majority/seed_74144/run_0,puzzle,64.1,43.892,30.32,0.462,57.07142857142857,55.0,0.029558232931726908,46.0,46.0,0.0023293172690763055,1612747984437039.0,4799760375254065.0,3.932146927193293e+16,30.5,33.0,0.01602409638554217,0.41964285714285715,0.5,0.21084337349397592,0.30035304081439973,0.29416632652282715,0.7100903041362763,0.6956923604011536
149,0,plurality,reference,74671,main,data/simulation_output/thesis_final_runs_v1/design_0149/rule_majority/seed_74671/run_0,puzzle,63.86,45.068,29.22,0.664,59.05952380952381,59.0,0.0314859437751004,48.0,48.0,0.0025301204819277107,15488730.564835938,45919374.627976194,171183456.0,30.464285714285715,33.0,0.017550200803212852,0.6458333333333334,0.75,0.2469879518072289,0.2906494308710098,0.2824719250202179,0.7341699547767639,0.7425049543380737
149,0,plurality,reference,75796,main,data/simulation_output/thesis_final_runs_v1/design_0149/rule_majority/seed_75796/run_0,puzzle,65.056,59.02,23.044,0.526,64.30952380952381,63.0,0.04409638554216867,66.6547619047619,67.0,0.009036144578313253,280346.9043691406,561344.2505580357,1352204.375,23.547619047619047,25.0,0.01855421686746988,0.6041666666666666,0.5,0.32228915662650603,0.2908591102361679,0.3000701069831848,0.7392514998912811,0.7733688354492188
149,0,plurality,reference,76462,main,data/simulation_output/thesis_final_runs_v1/design_0149/rule_majority/seed_76462/run_0,puzzle,69.952,54.592,23.452,0.494,70.04761904761905,71.0,0.034457831325301204,60.0,60.0,0.006144578313253012,125508704.59676367,373291572.7462798,3513988864.0,24.595238095238095,23.0,0.018152610441767067,0.38095238095238093,0.0,0.22791164658634538,0.31652318012714387,0.31107863783836365,0.7170379552841186,0.7687666416168213
149,0,plurality,reference,76631,main,data/simulation_output/thesis_final_runs_v1/design_0149/rule_majority/seed_76631/run_0,puzzle,67.204,42.328,32.884,0.541,61.642857142857146,59.0,0.030522088353413655,44.0,44.0,0.002289156626506024,225862723964.36917,672208338564.7858,10388964900864.0,35.773809523809526,37.0,0.025220883534136544,0.46130952380952384,0.0,0.2469879518072289,0.28778507351875304,0.2890620529651642,0.7259541749954224,0.7080044150352478
149,0,plurality,reference,76636,main,data/simulation_output/thesis_final_runs_v1/design_0149/rule_majority/seed_76636/run_0,puzzle,72.564,38.364,32.408,0.593,70.25,67.0,0.032329317269076306,40.0,40.0,0.0018072289156626507,7406563.818386719,20262880.151785713,118211640.0,33.285714285714285,36.0,0.03293172690763052,0.5625,0.0,0.2991967871485944,0.26883672463893893,0.2603256404399872,0.7386067024469376,0.5252531170845032
149,0,plurality,reference,76875,main,data/simulation_output/thesis_final_runs_v1/design_0149/rule_majority/seed_76875/run_0,puzzle,62.356,51.968,26.712,0.512,60.404761904761905,56.0,0.047028112449799195,60.0,60.0,0.004738955823293173,18086703.818274412,52969577.666666664,400645024.0,26.833333333333332,28.0,0.02481927710843374,0.5238095238095238,0.0,0.3493975903614458,0.2990115884542465,0.2862234115600586,0.7200752480030059,0.6651307940483093
149,0,plurality,reference,77410,main,data/simulation_output/thesis_final_runs_v1/design_0149/rule_majority/seed_77410/run_0,puzzle,73.3,45.208,30.66,0.459,72.21428571428571,67.0,0.03477911646586346,48.0,48.0,0.0018875502008032128,60756619848008.49,180818749498465.53,1119269551079424.0,31.023809523809526,22.0,0.029236947791164657,0.40476190476190477,0.75,0.2459839357429719,0.2812231150865555,0.315401554107666,0.751343272447586,0.743361234664917
149,0,plurality,reference,77667,main,data/simulation_output/thesis_final_runs_v1/design_0149/rule_majority/seed_77667/run_0,puzzle,61.592,52.58,24.804,0.481,61.75,63.0,0.040843373493975904,67.0,67.0,0.009759036144578313,5965012.893318848,17576928.26190476,36601084.0,26.916666666666668,29.0,0.016626506024096387,0.49107142857142855,1.0,0.32228915662650603,0.32164358246326447,0.32082217931747437,0.7144856281280517,0.768686830997467
149,0,plurality,reference,79086,main,data/simulation_output/thesis_final_runs_v1/design_0149/rule_majority/seed_79086/run_0,puzzle,67.7,46.872,24.128,0.436,66.35714285714286,66.0,0.03927710843373494,53.0,53.0,0.002248995983935743,1418381671488.5647,4217360884723.8096,29220092772352.0,24.607142857142858,25.0,0.012369477911646587,0.44047619047619047,0.75,0.2700803212851406,0.23836974030733107,0.2509136199951172,0.7253345131874085,0.7634432911872864
149,0,plurality,reference,79234,main,data/simulation_output/thesis_final_runs_v1/design_0149/rule_majority/seed_79234/run_0,puzzle,60.764,53.36,25.964,0.484,56.20238095238095,54.0,0.03610441767068273,60.0,60.0,0.003855421686746988,79230935.72764745,235643447.76934522,314705248.0,26.535714285714285,23.0,0.027429718875502006,0.47619047619047616,0.75,0.3463855421686747,0.2786232115030289,0.2651497721672058,0.7346240521669388,0.7781757712364197
149,0,plurality,reference,79264,main,data/simulation_output/thesis_final_runs_v1/design_0149/rule_majority/seed_79264/run_0,puzzle,65.188,45.864,28.792,0.454,60.57142857142857,58.0,0.039236947791164656,49.654761904761905,50.0,0.0028514056224899598,33250460942.45378,96040337005.71428,739196731392.0,30.083333333333332,34.0,0.027951807228915663,0.5327380952380952,1.0,0.2991967871485944,0.24848983228206634,0.24121621251106262,0.7409494562149048,0.8034183382987976
149,0,plurality,reference,79516,main,data/simulation_output/thesis_final_runs_v1/design_0149/rule_majority/seed_79516/run_0,puzzle,81.024,24.864,30.384,0.472,80.33333333333333,80.0,0.027911646586345384,26.0,26.0,0.0009236947791164659,6640469736379.48,19735286860653.715,97347883237376.0,31.273809523809526,25.0,0.028714859437751004,0.4642857142857143,0.0,0.2540160642570281,0.19786983704566954,0.2580471634864807,0.7217389184236527,0.56417316198349
149,0,plurality,reference,79715,main,data/simulation_output/thesis_final_runs_v1/design_0149/rule_majority/seed_79715/run_0,puzzle,65.12,43.628,31.368,0.557,61.69047619047619,60.0,0.0276706827309237,46.0,46.0,0.0033734939759036144,29787517408.981003,88621205046.28572,271581773824.0,32.88095238095238,33.0,0.016827309236947793,0.5505952380952381,0.75,0.23694779116465864,0.3104366616010666,0.3065144419670105,0.7070573446750641,0.8023202419281006
149,0,plurality,reference,79802,main,data/simulation_output/thesis_final_runs_v1/design_0149/rule_majority/seed_79802/run_0,puzzle,56.756,38.788,24.428,0.537,51.5,50.0,0.047228915662650604,58.0,58.0,0.01285140562248996,92308866.83974609,263342447.14285713,1265818624.0,26.13095238095238,22.0,0.014096385542168674,0.6041666666666666,0.75,0.30220883534136544,0.27551064801216124,0.28188326954841614,0.7141090207099915,0.5906121730804443
149,0,plurality,reference,80130,main,data/simulation_output/thesis_final_runs_v1/design_0149/rule_majority/seed_80130/run_0,puzzle,60.544,52.8,27.404,0.495,49.523809523809526,45.0,0.04240963855421687,58.0,58.0,0.005060240963855421,42352855016.418205,126047868898.7619,516432953344.0,29.595238095238095,29.0,0.020240963855421686,0.39880952380952384,0.25,0.2781124497991968,0.30328679835796357,0.29639020562171936,0.7245133346319199,0.6390891671180725
149,0,plurality,reference,80295,main,data/simulation_output/thesis_final_runs_v1/design_0149/rule_majority/seed_80295/run_0,puzzle,65.74,48.588,25.136,0.426,66.4047619047619,66.0,0.035582329317269075,57.726190476190474,60.0,0.010481927710843372,2927702618.599133,8529539686.857142,58607706112.0,25.583333333333332,27.0,0.014618473895582329,0.42857142857142855,0.0,0.31224899598393574,0.286162037730217,0.27541568875312805,0.751312614440918,0.6708908081054688
149,0,plurality,reference,80424,main,data/simulation_output/thesis_final_runs_v1/design_0149/rule_majority/seed_80424/run_0,puzzle,66.172,32.228,21.388,0.472,64.19047619047619,61.0,0.051847389558232926,36.61904761904762,40.0,0.024016064257028114,3011271.766515625,8892363.97405134,85485680.0,21.285714285714285,22.0,0.020803212851405625,0.3630952380952381,0.25,0.2821285140562249,0.2686802121400833,0.2543877363204956,0.7335617904663085,0.7479467988014221
149,0,plurality,reference,81123,main,data/simulation_output/thesis_final_runs_v1/design_0149/rule_majority/seed_81123/run_0,puzzle,60.628,61.284,20.844,0.558,58.54761904761905,57.0,0.036465863453815264,68.25,69.0,0.007269076305220884,86947.415453125,47323.71075148809,8869.7197265625,21.047619047619047,20.0,0.016265060240963854,0.6488095238095238,0.75,0.31827309236947793,0.32466746437549593,0.3102364242076874,0.7252032611370086,0.7499001622200012
149,0,plurality,reference,81190,main,data/simulation_output/thesis_final_runs_v1/design_0149/rule_majority/seed_81190/run_0,puzzle,63.432,48.28,27.296,0.447,56.5,53.0,0.04,53.0,53.0,0.004859437751004016,8073218889034.862,24000615372897.523,253791714672640.0,28.761904761904763,30.0,0.03755020080321285,0.4523809523809524,0.5,0.2660642570281124,0.3045355030298233,0.305092453956604,0.7272814300060272,0.7553020715713501
149,0,plurality,reference,81312,main,data/simulation_output/thesis_final_runs_v1/design_0149/rule_majority/seed_81312/run_0,puzzle,64.956,53.252,27.768,0.501,63.904761904761905,65.0,0.03273092369477912,62.04761904761905,63.0,0.004056224899598394,27478977.63478711,80267568.46428572,450528608.0,28.928571428571427,25.0,0.021646586345381524,0.4791666666666667,0.0,0.3313253012048193,0.28613929367065427,0.3253021538257599,0.7371163973808289,0.6651219725608826
149,0,plurality,reference,82070,main,data/simulation_output/thesis_final_runs_v1/design_0149/rule_majority/seed_82070/run_0,puzzle,86.228,15.476,34.776,0.475,86.4047619047619,86.0,0.0178714859437751,16.0,16.0,0.0006425702811244979,405715844233.3321,1207338346913.524,12939491803136.0,34.333333333333336,38.0,0.023654618473895585,0.39285714285714285,0.75,0.20883534136546184,0.18469387072324753,0.17004181444644928,0.7100470432043076,0.8053370118141174
149,0,plurality,reference,82168,main,data/simulation_output/thesis_final_runs_v1/design_0149/rule_majority/seed_82168/run_0,puzzle,78.22,26.968,34.58,0.432,78.57142857142857,78.0,0.020160642570281127,28.0,28.0,0.001004016064257028,99297867387908.72,295364149503902.5,3027417220251648.0,33.26190476190476,33.0,0.03473895582329317,0.43452380952380953,0.5,0.2640562248995984,0.21978260028362273,0.22881335020065308,0.7148249188661575,0.7763902544975281
149,0,plurality,reference,82292,main,data/simulation_output/thesis_final_runs_v1/design_0149/rule_majority/seed_82292/run_0,puzzle,77.572,39.948,27.032,0.37,82.8452380952381,86.0,0.039518072289156624,56.607142857142854,51.0,0.010642570281124497,416915397231.1727,1237633415046.0952,4168107163648.0,28.321428571428573,32.0,0.01706827309236948,0.4107142857142857,0.25,0.29518072289156627,0.24019661110639573,0.24860768020153046,0.7243414590358734,0.7251405715942383
149,0,plurality,reference,82404,main,data/simulation_output/thesis_final_runs_v1/design_0149/rule_majority/seed_82404/run_0,puzzle,68.944,46.308,24.644,0.516,67.22619047619048,66.0,0.05321285140562249,55.166666666666664,55.0,0.004578313253012048,28401475.992785156,84420474.8485863,967312000.0,26.25,25.0,0.023654618473895585,0.5059523809523809,0.5,0.30823293172690763,0.24768892055749894,0.2256586253643036,0.7463468142747879,0.5830379724502563
149,0,plurality,reference,82986,main,data/simulation_output/thesis_final_runs_v1/design_0149/rule_majority/seed_82986/run_0,puzzle,84.212,40.928,25.196,0.507,90.20238095238095,94.0,0.037389558232931726,51.79761904761905,52.0,0.007429718875502009,12100043416.227713,35994453514.47619,125482041344.0,24.821428571428573,23.0,0.014136546184738957,0.48214285714285715,0.0,0.27309236947791166,0.25212511032819745,0.2350214272737503,0.7409515256881714,0.4889489412307739
149,0,plurality,reference,83099,main,data/simulation_output/thesis_final_runs_v1/design_0149/rule_majority/seed_83099/run_0,puzzle,65.648,56.06,26.064,0.401,64.10714285714286,64.0,0.032369477911646585,63.214285714285715,63.0,0.003172690763052209,62768691735.135765,186600926595.0476,1959442120704.0,24.86904761904762,31.0,0.025622489959839356,0.3541666666666667,0.25,0.33032128514056225,0.27672950768470767,0.28843918442726135,0.7132149486541748,0.6669213175773621
149,0,plurality,reference,85860,main,data/simulation_output/thesis_final_runs_v1/design_0149/rule_majority/seed_85860/run_0,puzzle,75.564,44.192,27.54,0.51,76.11904761904762,74.0,0.029718875502008035,58.70238095238095,61.0,0.0121285140562249,57821512.43499609,142321027.33333334,634633152.0,26.476190476190474,29.0,0.012610441767068272,0.5803571428571429,0.5,0.2891566265060241,0.27168026673793794,0.2881825566291809,0.7472028669118881,0.7079613208770752
149,0,plurality,reference,86194,main,data/simulation_output/thesis_final_runs_v1/design_0149/rule_majority/seed_86194/run_0,puzzle,78.188,38.34,30.7,0.468,79.39285714285714,79.0,0.02746987951807229,40.0,40.0,0.001566265060240964,1623636657.6278243,4625297824.761905,40047214592.0,28.226190476190474,36.0,0.03775100401606426,0.44642857142857145,0.5,0.3413654618473896,0.2490701716542244,0.23594844341278076,0.7101649694442749,0.8090556859970093
149,0,plurality,reference,86474,main,data/simulation_output/thesis_final_runs_v1/design_0149/rule_majority/seed_86474/run_0,puzzle,75.48,28.624,24.56,0.51,78.08333333333333,79.0,0.04044176706827309,30.297619047619047,35.0,0.027028112449799194,1355303.2396992187,3688041.473214286,581268.25,24.63095238095238,24.0,0.0142570281124498,0.5,0.0,0.33835341365461846,0.29537997996807097,0.30773255228996277,0.713814582824707,0.59011310338974
149,0,plurality,reference,87521,main,data/simulation_output/thesis_final_runs_v1/design_0149/rule_majority/seed_87521/run_0,puzzle,70.456,52.292,29.392,0.434,70.0,70.0,0.02389558232931727,58.404761904761905,60.0,0.004216867469879518,97975800781.77646,291182586980.5714,3601604280320.0,28.928571428571427,28.0,0.02502008032128514,0.39880952380952384,0.0,0.3092369477911647,0.27193172872066496,0.2740868628025055,0.7307629060745239,0.609153687953949
149,0,plurality,reference,88242,main,data/simulation_output/thesis_final_runs_v1/design_0149/rule_majority/seed_88242/run_0,puzzle,76.328,35.824,28.364,0.427,80.35714285714286,81.0,0.03542168674698795,47.75,52.0,0.02289156626506024,474966551.2456269,1404190158.4761906,3716562432.0,29.095238095238095,28.0,0.018232931726907632,0.4642857142857143,0.5,0.29518072289156627,0.2890299849510193,0.28212037682533264,0.7317425389289856,0.6891187429428101
149,0,plurality,reference,88324,main,data/simulation_output/thesis_final_runs_v1/design_0149/rule_majority/seed_88324/run_0,puzzle,80.88,35.584,21.292,0.566,85.1547619047619,86.0,0.03204819277108434,42.57142857142857,38.0,0.027028112449799194,11157.862658691407,5636.481343587239,17651.134765625,21.61904761904762,23.0,0.017791164658634537,0.5089285714285714,0.25,0.28714859437751006,0.29782736480236055,0.3054819703102112,0.7161617133617401,0.6173629760742188
149,0,plurality,reference,88856,main,data/simulation_output/thesis_final_runs_v1/design_0149/rule_majority/seed_88856/run_0,puzzle,71.376,34.88,34.576,0.466,66.69047619047619,66.0,0.024578313253012046,36.0,36.0,0.0014056224899598394,261335914138270.7,777737827791433.1,8815258240024576.0,35.63095238095238,37.0,0.020602409638554215,0.4255952380952381,0.75,0.20080321285140562,0.25799955779314043,0.24990896880626678,0.7372325503826141,0.8289146423339844
149,0,plurality,reference,89337,main,data/simulation_output/thesis_final_runs_v1/design_0149/rule_majority/seed_89337/run_0,puzzle,63.176,42.776,33.776,0.625,59.86904761904762,59.0,0.02180722891566265,45.0,45.0,0.0033734939759036144,372691.10831640626,671742.5412946428,1178753.5,34.95238095238095,39.0,0.039919678714859436,0.6369047619047619,0.75,0.26104417670682734,0.3066791926622391,0.30299732089042664,0.7289869458675384,0.7904418706893921
149,0,plurality,reference,90419,main,data/simulation_output/thesis_final_runs_v1/design_0149/rule_majority/seed_90419/run_0,puzzle,74.948,41.756,27.724,0.519,75.73809523809524,75.0,0.03658634538152611,46.0,46.0,0.00321285140562249,3824718913.018082,11379022377.0,24065558528.0,28.988095238095237,25.0,0.020080321285140562,0.49107142857142855,1.0,0.32429718875502006,0.25236702340841294,0.27172210812568665,0.741789740562439,0.7810372114181519
149,0,plurality,reference,90948,main,data/simulation_output/thesis_final_runs_v1/design_0149/rule_majority/seed_90948/run_0,puzzle,61.84,55.512,25.704,0.562,56.76190476190476,55.0,0.04076305220883534,66.83333333333333,67.0,0.006104417670682732,10755052.352728516,31438582.761160713,278539648.0,27.428571428571427,24.0,0.02465863453815261,0.5089285714285714,0.5,0.3232931726907631,0.29628661429882047,0.30227574706077576,0.7372931126356125,0.6095698475837708
149,0,plurality,reference,91449,main,data/simulation_output/thesis_final_runs_v1/design_0149/rule_majority/seed_91449/run_0,puzzle,70.124,39.672,29.82,0.529,64.70238095238095,64.0,0.034859437751004016,44.0,44.0,0.004497991967871486,618520522.5282891,1768130400.3809524,2982899456.0,30.714285714285715,27.0,0.028032128514056228,0.5863095238095238,0.75,0.2901606425702811,0.2547158851027489,0.2597596049308777,0.727218783378601,0.7086604833602905
149,0,plurality,reference,91734,main,data/simulation_output/thesis_final_runs_v1/design_0149/rule_majority/seed_91734/run_0,puzzle,76.812,30.152,33.62,0.532,73.82142857142857,75.0,0.02397590361445783,31.0,31.0,0.0010843373493975904,1210902851112.0325,3521371433252.5713,28681032433664.0,33.30952380952381,36.0,0.020803212851405625,0.6130952380952381,0.5,0.23092369477911648,0.2550389459729195,0.2458294928073883,0.7093619782924652,0.7904942631721497
149,0,plurality,reference,92005,main,data/simulation_output/thesis_final_runs_v1/design_0149/rule_majority/seed_92005/run_0,puzzle,64.476,50.992,28.308,0.415,62.76190476190476,64.0,0.0278714859437751,56.0,56.0,0.00321285140562249,434912767947.45844,1278810161249.524,14736451174400.0,26.928571428571427,31.0,0.022730923694779116,0.42857142857142855,0.25,0.3132530120481928,0.2690779469013214,0.25631338357925415,0.7269508287906646,0.7130956649780273
149,0,plurality,reference,92453,main,data/simulation_output/thesis_final_runs_v1/design_0149/rule_majority/seed_92453/run_0,puzzle,69.992,53.032,28.008,0.492,70.02380952380952,69.0,0.032570281124497995,56.0,56.0,0.0026506024096385546,9730378328.788645,28658891449.52381,48173887488.0,28.321428571428573,19.0,0.025662650602409638,0.5,1.0,0.32630522088353414,0.28216910517215726,0.3110061585903168,0.7248056219816208,0.5581077933311462
149,0,plurality,reference,92463,main,data/simulation_output/thesis_final_runs_v1/design_0149/rule_majority/seed_92463/run_0,puzzle,79.424,47.148,29.66,0.451,82.94047619047619,83.0,0.02321285140562249,56.833333333333336,57.0,0.004056224899598394,4489944018238.214,13362815047602.285,192697180618752.0,31.547619047619047,34.0,0.02530120481927711,0.3244047619047619,0.25,0.28313253012048195,0.24379785025119782,0.21825584769248962,0.750146567940712,0.677061140537262
149,0,plurality,reference,92472,main,data/simulation_output/thesis_final_runs_v1/design_0149/rule_majority/seed_92472/run_0,puzzle,71.208,43.196,26.284,0.457,68.02380952380952,66.0,0.036907630522088355,49.892857142857146,50.0,0.005622489959839358,19069812047.149178,53009239052.190475,195750723584.0,25.785714285714285,35.0,0.045180722891566265,0.5029761904761905,0.0,0.29116465863453816,0.27417476356029513,0.26248428225517273,0.7153504493236542,0.6753491759300232
149,0,plurality,reference,93235,main,data/simulation_output/thesis_final_runs_v1/design_0149/rule_majority/seed_93235/run_0,puzzle,62.972,51.976,23.5,0.556,54.583333333333336,49.0,0.03867469879518073,57.0,57.0,0.00714859437751004,59868.12233203125,148672.92833891368,436886.3125,26.857142857142858,32.0,0.034899598393574295,0.6220238095238095,0.75,0.3333333333333333,0.3362665477991104,0.3607005476951599,0.7117553390264512,0.6615883111953735
149,0,plurality,reference,94073,main,data/simulation_output/thesis_final_runs_v1/design_0149/rule_majority/seed_94073/run_0,puzzle,65.516,53.896,29.76,0.456,64.78571428571429,65.0,0.027389558232931724,60.0,60.0,0.005100401606425703,1120532024878.9468,3333580455399.619,6379338203136.0,31.535714285714285,33.0,0.026546184738955824,0.5029761904761905,0.75,0.2600401606425703,0.32863615000247953,0.3197780251502991,0.7111949644088745,0.6688243746757507
149,0,plurality,reference,94738,main,data/simulation_output/thesis_final_runs_v1/design_0149/rule_majority/seed_94738/run_0,puzzle,59.748,48.764,28.38,0.561,52.20238095238095,50.0,0.03032128514056225,51.0,51.0,0.002168674698795181,1732254909.746117,5153527476.273809,69586149376.0,30.05952380952381,29.0,0.014578313253012048,0.5654761904761905,0.5,0.22389558232931728,0.2867318161725998,0.29394981265068054,0.7423191959857941,0.6941171288490295
149,0,plurality,reference,95664,main,data/simulation_output/thesis_final_runs_v1/design_0149/rule_majority/seed_95664/run_0,puzzle,60.92,50.312,30.132,0.581,53.214285714285715,54.0,0.04,54.0,54.0,0.003132530120481928,116337827.27446094,345096774.5,1516150272.0,33.357142857142854,31.0,0.027389558232931724,0.5446428571428571,0.0,0.2931726907630522,0.3059810084104538,0.3031034469604492,0.7275991101264954,0.6643190383911133
149,0,plurality,reference,96659,main,data/simulation_output/thesis_final_runs_v1/design_0149/rule_majority/seed_96659/run_0,puzzle,58.816,53.468,25.656,0.487,53.714285714285715,53.0,0.041084337349397586,59.0,59.0,0.002891566265060241,33026664846.086002,98233539722.66667,1517053280256.0,25.833333333333332,29.0,0.015180722891566266,0.4523809523809524,0.5,0.28815261044176704,0.23765062922239302,0.2140277475118637,0.7344976904392242,0.666297435760498
149,0,plurality,reference,97030,main,data/simulation_output/thesis_final_runs_v1/design_0149/rule_majority/seed_97030/run_0,puzzle,55.704,57.86,30.648,0.405,49.26190476190476,49.0,0.0336144578313253,62.0,62.0,0.0041365461847389555,1064827609868580.1,3168179662612382.5,2.396730049114931e+16,30.11904761904762,33.0,0.018995983935742974,0.4791666666666667,0.75,0.22991967871485944,0.31981236445903777,0.32598960399627686,0.7057518668174744,0.65744948387146
149,0,plurality,reference,98303,main,data/simulation_output/thesis_final_runs_v1/design_0149/rule_majority/seed_98303/run_0,puzzle,67.432,41.456,27.6,0.536,62.04761904761905,61.0,0.03538152610441767,44.0,44.0,0.002088353413654618,128507426.57964844,330972005.52380955,878569408.0,28.75,32.0,0.016987951807228917,0.6815476190476191,0.25,0.30120481927710846,0.23885489267110824,0.2219899445772171,0.7000172564983368,0.7253297567367554
149,0,plurality,reference,98366,main,data/simulation_output/thesis_final_runs_v1/design_0149/rule_majority/seed_98366/run_0,puzzle,60.388,55.644,25.516,0.466,58.166666666666664,56.0,0.03863453815261044,65.0,65.0,0.0055020080321285135,94997944.8195039,280310401.5,2146345088.0,26.63095238095238,30.0,0.030963855421686746,0.4583333333333333,0.0,0.3353413654618474,0.31430496633052823,0.305856853723526,0.7259767899513244,0.5943679809570312
149,0,plurality,reference,99085,main,data/simulation_output/thesis_final_runs_v1/design_0149/rule_majority/seed_99085/run_0,puzzle,67.732,42.62,31.88,0.517,61.04761904761905,59.0,0.02855421686746988,45.0,45.0,0.0024096385542168672,8561489430.942601,25472612812.02381,398473166848.0,34.392857142857146,38.0,0.033253012048192775,0.4523809523809524,0.25,0.28714859437751006,0.2954942545890808,0.3005203604698181,0.7097660720348358,0.8306060433387756
149,0,plurality,reference,99163,main,data/simulation_output/thesis_final_runs_v1/design_0149/rule_majority/seed_99163/run_0,puzzle,70.6,30.2,20.444,0.545,72.45238095238095,82.0,0.046827309236947785,37.75,45.0,0.033253012048192775,2341.856381469727,603.2324055262974,456.4510192871094,20.916666666666668,30.0,0.03196787148594377,0.49702380952380953,0.75,0.3192771084337349,0.3296019580364227,0.3290443420410156,0.7006691467761993,0.737166702747345
149,0,plurality,reference,99173,main,data/simulation_output/thesis_final_runs_v1/design_0149/rule_majority/seed_99173/run_0,puzzle,74.396,39.648,27.584,0.496,74.26190476190476,69.0,0.029518072289156625,42.0,42.0,0.0022088353413654616,277907099286.9745,824195124467.8096,6824212824064.0,27.226190476190474,30.0,0.02461847389558233,0.5416666666666666,0.0,0.2540160642570281,0.24671544718742372,0.2405962347984314,0.7201268744468688,0.6664094924926758
149,1,approval,context,10246,approval_context,data/simulation_output/thesis_final_runs_v1/design_0149/rule_approval/seed_10246/run_0,puzzle,83.528,20.32,25.156,0.299,86.20238095238095,85.0,0.02963855421686747,22.0,22.0,0.0011244979919678715,67771968673543.016,201574983527862.84,2294788678221824.0,24.738095238095237,24.0,0.018032128514056226,0.35714285714285715,0.5,0.21184738955823293,0.2509099252820015,0.29323115944862366,0.6822978736162185,0.7382603287696838
149,1,approval,context,22424,approval_context,data/simulation_output/thesis_final_runs_v1/design_0149/rule_approval/seed_22424/run_0,puzzle,64.832,41.98,24.792,0.318,60.392857142857146,61.0,0.046787148594377506,51.0,51.0,0.006987951807228916,727155315990.1803,2164131184526.6667,23827622920192.0,30.476190476190474,30.0,0.02068273092369478,0.2619047619047619,0.5,0.24397590361445784,0.3068086367845535,0.3187311291694641,0.709071464061737,0.5670771598815918
149,1,approval,context,25058,approval_context,data/simulation_output/thesis_final_runs_v1/design_0149/rule_approval/seed_25058/run_0,puzzle,62.116,41.092,22.24,0.288,58.11904761904762,58.0,0.0463855421686747,60.035714285714285,61.0,0.00927710843373494,278565560138.8263,828950979373.3334,8480398770176.0,24.035714285714285,27.0,0.018152610441767067,0.24702380952380953,0.0,0.24096385542168675,0.297857814013958,0.2634868323802948,0.7364811210632324,0.7419619560241699
149,1,approval,context,25089,approval_context,data/simulation_output/thesis_final_runs_v1/design_0149/rule_approval/seed_25089/run_0,puzzle,65.384,62.768,30.088,0.332,70.23809523809524,77.0,0.04389558232931727,80.86904761904762,81.0,0.006184738955823293,57210402407004.08,170265055706745.9,2307690491543552.0,31.55952380952381,38.0,0.026184738955823295,0.3005952380952381,0.0,0.26907630522088355,0.2857020670771599,0.2557987570762634,0.7326818552017212,0.7223038673400879
149,1,approval,context,27628,approval_context,data/simulation_output/thesis_final_runs_v1/design_0149/rule_approval/seed_27628/run_0,puzzle,66.604,40.784,24.688,0.336,70.60714285714286,72.0,0.03863453815261044,37.86904761904762,34.0,0.006546184738955824,159617598499.665,470382971648.0,451797352448.0,25.142857142857142,23.0,0.015783132530120484,0.3898809523809524,0.5,0.2761044176706827,0.2927813699245453,0.27856436371803284,0.7145876579284668,0.7322404980659485
149,1,approval,context,27645,approval_context,data/simulation_output/thesis_final_runs_v1/design_0149/rule_approval/seed_27645/run_0,puzzle,80.772,25.676,24.588,0.384,86.35714285714286,88.0,0.037630522088353414,32.285714285714285,33.0,0.0023694779116465864,12511700786033.021,37230880948419.05,166725899255808.0,25.452380952380953,18.0,0.020763052208835342,0.39880952380952384,0.75,0.30220883534136544,0.24333116281032563,0.3175872564315796,0.7361106023788452,0.6923340559005737
149,1,approval,context,32070,approval_context,data/simulation_output/thesis_final_runs_v1/design_0149/rule_approval/seed_32070/run_0,puzzle,61.588,34.572,22.748,0.24,56.36904761904762,54.0,0.052048192771084335,38.36904761904762,56.0,0.013534136546184738,12145849589.140085,35869731822.47619,350794317824.0,20.976190476190474,24.0,0.013172690763052209,0.27976190476190477,0.0,0.2248995983935743,0.3279899215698242,0.2909359335899353,0.6978756053447723,0.6945053935050964
149,1,approval,context,35086,approval_context,data/simulation_output/thesis_final_runs_v1/design_0149/rule_approval/seed_35086/run_0,puzzle,53.368,51.348,19.588,0.272,46.63095238095238,42.0,0.05080321285140563,71.86904761904762,75.0,0.010160642570281124,18313692208.522594,54465934437.333336,406953492480.0,19.166666666666668,20.0,0.010883534136546184,0.25892857142857145,0.25,0.24497991967871485,0.34296451866626737,0.3070303201675415,0.7015311937332154,0.6214133501052856
149,1,approval,context,36675,approval_context,data/simulation_output/thesis_final_runs_v1/design_0149/rule_approval/seed_36675/run_0,puzzle,74.668,24.524,25.516,0.317,75.23809523809524,69.0,0.041526104417670684,27.773809523809526,28.0,0.0013654618473895584,18764801240029.938,54688033999920.766,36534656958464.0,23.297619047619047,26.0,0.02285140562248996,0.44345238095238093,0.75,0.24497991967871485,0.24897569048404694,0.2671523094177246,0.6773849283456802,0.6992305517196655
149,1,approval,context,37319,approval_context,data/simulation_output/thesis_final_runs_v1/design_0149/rule_approval/seed_37319/run_0,puzzle,73.108,39.284,28.504,0.37,75.51190476190476,74.0,0.04244979919678715,47.642857142857146,48.0,0.0024497991967871485,81144786283714.25,241454591680707.06,1541218009874432.0,29.94047619047619,24.0,0.031244979919678718,0.34523809523809523,0.5,0.3142570281124498,0.25147296506166456,0.28150323033332825,0.7535259145498275,0.632889986038208
149,1,approval,context,39208,approval_context,data/simulation_output/thesis_final_runs_v1/design_0149/rule_approval/seed_39208/run_0,puzzle,88.948,25.82,28.54,0.29,92.25,92.0,0.02538152610441767,31.0,31.0,0.001526104417670683,2.8141345948546116e+16,8.374641625376827e+16,7.962567688281129e+17,26.095238095238095,18.0,0.018634538152610444,0.3630952380952381,0.5,0.19879518072289157,0.24491536247730256,0.29133984446525574,0.7238380663394928,0.713107705116272
149,1,approval,context,39467,approval_context,data/simulation_output/thesis_final_runs_v1/design_0149/rule_approval/seed_39467/run_0,puzzle,58.992,56.4,21.944,0.263,51.857142857142854,48.0,0.041967871485943775,62.0,62.0,0.0027710843373493976,4869364388773.511,14452668217051.428,149033368682496.0,22.488095238095237,29.0,0.011124497991967873,0.3392857142857143,0.0,0.2178714859437751,0.3229946230649948,0.3123486340045929,0.7096041930913926,0.7550261616706848
149,1,approval,context,42943,approval_context,data/simulation_output/thesis_final_runs_v1/design_0149/rule_approval/seed_42943/run_0,puzzle,82.596,24.468,26.712,0.308,87.38095238095238,90.0,0.029558232931726908,27.714285714285715,32.0,0.005100401606425703,2181527446711683.8,6492547627681304.0,3.1458494402002944e+16,25.857142857142858,18.0,0.019558232931726906,0.29464285714285715,0.75,0.22590361445783133,0.2534510074257851,0.3457942306995392,0.7346980476379394,0.6947236061096191
149,1,approval,context,45673,approval_context,data/simulation_output/thesis_final_runs_v1/design_0149/rule_approval/seed_45673/run_0,puzzle,58.352,58.596,23.648,0.328,59.214285714285715,58.0,0.04120481927710843,55.11904761904762,61.0,0.008112449799196788,393373942.24941015,913763040.7619047,1647360256.0,24.071428571428573,24.0,0.01891566265060241,0.375,0.25,0.30522088353413657,0.3140906934738159,0.30674123764038086,0.698110856294632,0.7325613498687744
149,1,approval,context,46513,approval_context,data/simulation_output/thesis_final_runs_v1/design_0149/rule_approval/seed_46513/run_0,puzzle,65.972,43.656,24.82,0.333,62.714285714285715,61.0,0.03919678714859438,48.0,48.0,0.0037349397590361443,154794284914.19824,460462642883.0476,5779412221952.0,26.202380952380953,24.0,0.02397590361445783,0.29464285714285715,0.5,0.26706827309236947,0.33261169397830964,0.3879469633102417,0.7142451350688934,0.8066074848175049
149,1,approval,context,46847,approval_context,data/simulation_output/thesis_final_runs_v1/design_0149/rule_approval/seed_46847/run_0,puzzle,70.156,35.552,24.096,0.409,71.55952380952381,74.0,0.04144578313253012,36.25,40.0,0.006706827309236948,2006818081.7668555,5921841742.095238,20772605952.0,24.25,26.0,0.015220883534136547,0.4017857142857143,0.25,0.2791164658634538,0.2805005594491959,0.25489550828933716,0.7457613394260406,0.7223188281059265
149,1,approval,context,48615,approval_context,data/simulation_output/thesis_final_runs_v1/design_0149/rule_approval/seed_48615/run_0,puzzle,67.0,47.54,26.28,0.281,68.51190476190476,72.0,0.05024096385542169,54.904761904761905,55.0,0.005542168674698795,44199712393.78792,131246586054.09525,1305683820544.0,26.285714285714285,29.0,0.01819277108433735,0.25,0.0,0.28815261044176704,0.2712622809410095,0.2385977953672409,0.7072716176509857,0.7950846552848816
149,1,approval,context,48647,approval_context,data/simulation_output/thesis_final_runs_v1/design_0149/rule_approval/seed_48647/run_0,puzzle,54.384,42.6,23.28,0.378,40.714285714285715,40.0,0.040120481927710845,63.54761904761905,64.0,0.013975903614457831,805612117.4710118,2107657136.7619047,12751619072.0,23.30952380952381,20.0,0.017188755020080323,0.4791666666666667,0.5,0.3102409638554217,0.3526585507392883,0.33957186341285706,0.6701696984767914,0.7917934656143188
149,1,approval,context,49126,approval_context,data/simulation_output/thesis_final_runs_v1/design_0149/rule_approval/seed_49126/run_0,puzzle,72.56,36.976,25.488,0.371,73.52380952380952,71.0,0.04510040160642571,38.42857142857143,39.0,0.007831325301204818,702068258625.9773,2052349741738.6667,3845202116608.0,25.666666666666668,23.0,0.016224899598393575,0.49107142857142855,0.25,0.28714859437751006,0.2648541648983955,0.30255380272865295,0.7451028525829315,0.6276897192001343
149,1,approval,context,52722,approval_context,data/simulation_output/thesis_final_runs_v1/design_0149/rule_approval/seed_52722/run_0,puzzle,68.984,39.064,23.516,0.349,68.55952380952381,69.0,0.048393574297188754,44.55952380952381,46.0,0.0026907630522088354,18053686687.122246,50144422418.28571,212937834496.0,22.654761904761905,26.0,0.016345381526104416,0.36607142857142855,0.0,0.29116465863453816,0.2670767786502838,0.28183475136756897,0.7162266216278076,0.6526864767074585
149,1,approval,context,53334,approval_context,data/simulation_output/thesis_final_runs_v1/design_0149/rule_approval/seed_53334/run_0,puzzle,77.284,36.564,26.372,0.283,76.53571428571429,77.0,0.03224899598393574,40.416666666666664,41.0,0.0016867469879518072,101499636288275.61,302019947800576.0,2453974393290752.0,27.11904761904762,30.0,0.019919678714859435,0.25297619047619047,0.25,0.23092369477911648,0.2860400863289833,0.24731610715389252,0.7155074554681778,0.7656611204147339
149,1,approval,context,58051,approval_context,data/simulation_output/thesis_final_runs_v1/design_0149/rule_approval/seed_58051/run_0,puzzle,77.624,33.368,26.688,0.399,81.75,83.0,0.033775100401606424,32.857142857142854,35.0,0.007028112449799197,1341031848916.2048,3950708398762.6665,8183526981632.0,25.654761904761905,17.0,0.01963855421686747,0.45535714285714285,0.0,0.2931726907630522,0.2630919780731201,0.3309788405895233,0.7351685621738434,0.654024600982666
149,1,approval,context,58075,approval_context,data/simulation_output/thesis_final_runs_v1/design_0149/rule_approval/seed_58075/run_0,puzzle,64.8,40.684,21.628,0.329,61.07142857142857,56.0,0.048594377510040164,50.964285714285715,51.0,0.005220883534136547,203111958133.2123,604457031017.5238,4240695623680.0,23.80952380952381,24.0,0.013493975903614458,0.28869047619047616,0.75,0.26706827309236947,0.33486636471748354,0.34377458691596985,0.6944292416572571,0.551452100276947
149,1,approval,context,58606,approval_context,data/simulation_output/thesis_final_runs_v1/design_0149/rule_approval/seed_58606/run_0,puzzle,84.22,19.624,23.912,0.34,86.39285714285714,87.0,0.029558232931726908,21.0,21.0,0.0011646586345381528,5922108843715.222,17624779507273.145,157238534602752.0,25.666666666666668,33.0,0.019839357429718877,0.28273809523809523,0.0,0.25502008032128515,0.2783242408037186,0.2250729352235794,0.66235176217556,0.6540857553482056
149,1,approval,context,58705,approval_context,data/simulation_output/thesis_final_runs_v1/design_0149/rule_approval/seed_58705/run_0,puzzle,65.532,47.684,24.604,0.323,65.10714285714286,66.0,0.038795180722891565,54.13095238095238,55.0,0.0050200803212851405,8621531145336.401,25650375350076.953,100600700207104.0,25.595238095238095,21.0,0.02746987951807229,0.3005952380952381,0.0,0.2710843373493976,0.2807345886826515,0.2607567608356476,0.7256332230567932,0.6897289752960205
149,1,approval,context,62237,approval_context,data/simulation_output/thesis_final_runs_v1/design_0149/rule_approval/seed_62237/run_0,puzzle,66.784,40.716,25.088,0.323,63.142857142857146,69.0,0.03895582329317269,41.083333333333336,46.0,0.00678714859437751,36079551284.20822,102098914462.4762,997934039040.0,23.964285714285715,32.0,0.014779116465863454,0.4375,0.0,0.25,0.3114628329277039,0.2817254066467285,0.7022566826343536,0.70916348695755
149,1,approval,context,62546,approval_context,data/simulation_output/thesis_final_runs_v1/design_0149/rule_approval/seed_62546/run_0,puzzle,68.224,27.052,23.436,0.407,72.80952380952381,74.0,0.044939759036144576,32.0,32.0,0.002931726907630522,6434194483.870656,19143043238.095238,47140384768.0,26.023809523809526,30.0,0.021445783132530122,0.44047619047619047,0.0,0.3102409638554217,0.270738196849823,0.23399662971496582,0.7201675742864608,0.7997778058052063
149,1,approval,context,63196,approval_context,data/simulation_output/thesis_final_runs_v1/design_0149/rule_approval/seed_63196/run_0,puzzle,56.624,47.304,23.76,0.354,53.29761904761905,51.0,0.044939759036144576,58.25,59.0,0.008112449799196788,383627704289.2638,1128673121084.9524,7792171155456.0,23.095238095238095,27.0,0.015783132530120484,0.47023809523809523,0.25,0.26104417670682734,0.2874307429790497,0.2806474566459656,0.7353500792980194,0.5853928327560425
149,1,approval,context,64405,approval_context,data/simulation_output/thesis_final_runs_v1/design_0149/rule_approval/seed_64405/run_0,puzzle,58.412,56.008,24.36,0.308,56.32142857142857,54.0,0.04188755020080321,67.96428571428571,71.0,0.006224899598393574,33303326335.835938,98670602907.42857,626038996992.0,23.297619047619047,22.0,0.020040160642570283,0.3125,0.0,0.28815261044176704,0.30905375480651853,0.3063841760158539,0.7339108999967575,0.6587156057357788
149,1,approval,context,66652,approval_context,data/simulation_output/thesis_final_runs_v1/design_0149/rule_approval/seed_66652/run_0,puzzle,69.124,36.416,24.316,0.441,69.14285714285714,72.0,0.03971887550200803,42.107142857142854,45.0,0.0055020080321285135,32711745.6335625,85838859.14880952,130087224.0,23.86904761904762,24.0,0.024738955823293173,0.5,0.75,0.3985943775100402,0.2794018695950508,0.2636357843875885,0.7126944984197616,0.6380601525306702
149,1,approval,context,72328,approval_context,data/simulation_output/thesis_final_runs_v1/design_0149/rule_approval/seed_72328/run_0,puzzle,62.376,63.392,25.392,0.458,60.67857142857143,67.0,0.0463855421686747,76.30952380952381,77.0,0.0034136546184738957,8398896523.82139,24766116956.57143,185377161216.0,25.94047619047619,23.0,0.018032128514056226,0.4851190476190476,0.0,0.3413654618473896,0.2649626885056496,0.302690327167511,0.776488002538681,0.6883583664894104
149,1,approval,context,73728,approval_context,data/simulation_output/thesis_final_runs_v1/design_0149/rule_approval/seed_73728/run_0,puzzle,57.984,39.764,22.876,0.318,56.023809523809526,55.0,0.03867469879518073,50.904761904761905,52.0,0.005662650602409639,4840201360514.762,14404740236440.38,124797119889408.0,25.297619047619047,34.0,0.01963855421686747,0.27380952380952384,0.25,0.2570281124497992,0.31527927792072297,0.28091689944267273,0.7100596919059753,0.6720828413963318
149,1,approval,context,75796,approval_context,data/simulation_output/thesis_final_runs_v1/design_0149/rule_approval/seed_75796/run_0,puzzle,56.54,50.02,23.224,0.293,53.19047619047619,53.0,0.038554216867469876,58.416666666666664,53.0,0.006947791164658634,1924598424188.0022,5726539136877.714,16192068648960.0,24.047619047619047,19.0,0.016867469879518072,0.3541666666666667,0.75,0.2751004016064257,0.2911149041652679,0.3191489279270172,0.7422738947868347,0.7370918989181519
149,1,approval,context,76462,approval_context,data/simulation_output/thesis_final_runs_v1/design_0149/rule_approval/seed_76462/run_0,puzzle,67.476,42.048,22.268,0.263,69.71428571428571,74.0,0.04397590361445783,47.38095238095238,56.0,0.013333333333333332,533813560887.1094,1588438578918.0952,12955693350912.0,24.166666666666668,21.0,0.011887550200803211,0.1636904761904762,0.25,0.2319277108433735,0.3386741814613342,0.3268190324306488,0.7112802534103394,0.7239865064620972
149,1,approval,context,76631,approval_context,data/simulation_output/thesis_final_runs_v1/design_0149/rule_approval/seed_76631/run_0,puzzle,62.656,31.564,25.428,0.314,68.96428571428571,69.0,0.04883534136546185,45.035714285714285,45.0,0.011606425702811245,74912036067.58119,222936972926.2857,2842825850880.0,28.488095238095237,30.0,0.015140562248995983,0.33035714285714285,0.0,0.285140562248996,0.32104373633861544,0.3164726495742798,0.7075517959594727,0.7291091680526733
149,1,approval,context,77410,approval_context,data/simulation_output/thesis_final_runs_v1/design_0149/rule_approval/seed_77410/run_0,puzzle,71.992,44.616,24.712,0.305,70.91666666666667,64.0,0.03891566265060241,49.0,49.0,0.002168674698795181,221589266420748.94,659477658934905.9,6566376856616960.0,26.38095238095238,22.0,0.021445783132530122,0.28869047619047616,0.5,0.22991967871485944,0.3077959506511688,0.3415617048740387,0.7284659724235535,0.7344747185707092
149,1,approval,context,79086,approval_context,data/simulation_output/thesis_final_runs_v1/design_0149/rule_approval/seed_79086/run_0,puzzle,66.008,40.66,22.812,0.318,66.55952380952381,65.0,0.04236947791164659,48.595238095238095,50.0,0.003654618473895582,1762672054891.012,5244598537715.81,47672706727936.0,23.607142857142858,27.0,0.015823293172690763,0.2976190476190476,0.5,0.26706827309236947,0.26862940794229506,0.23492713272571564,0.7188396677970886,0.7539358735084534
149,1,approval,context,80130,approval_context,data/simulation_output/thesis_final_runs_v1/design_0149/rule_approval/seed_80130/run_0,puzzle,62.472,51.504,24.356,0.316,55.714285714285715,53.0,0.04730923694779117,58.0,58.0,0.004979919678714859,553431249481.6943,1647056074078.8572,5399211147264.0,24.464285714285715,21.0,0.015502008032128513,0.22321428571428573,0.0,0.24096385542168675,0.32156595182418823,0.3147655725479126,0.7161617758274078,0.6444613337516785
149,1,approval,context,80424,approval_context,data/simulation_output/thesis_final_runs_v1/design_0149/rule_approval/seed_80424/run_0,puzzle,53.864,54.748,24.192,0.302,48.773809523809526,47.0,0.04397590361445783,61.94047619047619,64.0,0.004337349397590362,7790258457307.351,23185007886671.24,289010362613760.0,24.69047619047619,20.0,0.01895582329317269,0.23214285714285715,0.5,0.2540160642570281,0.2874813439846039,0.2628547251224518,0.7308293495178223,0.7419838905334473
149,1,approval,context,81123,approval_context,data/simulation_output/thesis_final_runs_v1/design_0149/rule_approval/seed_81123/run_0,puzzle,54.288,48.852,22.64,0.264,46.583333333333336,46.0,0.04526104417670683,67.64285714285714,75.0,0.011606425702811245,298996718162.66833,888679088353.5238,7750540066816.0,23.845238095238095,29.0,0.017349397590361446,0.30654761904761907,0.25,0.21686746987951808,0.33368262720108033,0.32223275303840637,0.731943685054779,0.8223416209220886
149,1,approval,context,82168,approval_context,data/simulation_output/thesis_final_runs_v1/design_0149/rule_approval/seed_82168/run_0,puzzle,78.164,26.776,28.124,0.293,78.83333333333333,79.0,0.022771084337349395,28.0,28.0,0.0010843373493975904,2254082216253358.5,6708070951625874.0,5.432602341985485e+16,27.107142857142858,32.0,0.027389558232931724,0.3125,0.25,0.2178714859437751,0.2506339236497879,0.24867378175258636,0.6972836725711823,0.7618634700775146
149,1,approval,context,82404,approval_context,data/simulation_output/thesis_final_runs_v1/design_0149/rule_approval/seed_82404/run_0,puzzle,67.964,33.092,20.984,0.398,69.29761904761905,68.0,0.054337349397590363,40.04761904761905,40.0,0.005060240963855421,24502740.65449414,72361130.81994048,574293440.0,20.642857142857142,17.0,0.01738955823293173,0.37797619047619047,0.25,0.32228915662650603,0.26818197810649874,0.2509572207927704,0.7343236391544342,0.5759359002113342
149,1,approval,context,83099,approval_context,data/simulation_output/thesis_final_runs_v1/design_0149/rule_approval/seed_83099/run_0,puzzle,64.416,56.24,23.6,0.293,62.30952380952381,65.0,0.04052208835341365,62.857142857142854,63.0,0.003453815261044177,249301387640.6115,741593474023.619,8341272133632.0,23.392857142857142,32.0,0.02196787148594377,0.2857142857142857,0.25,0.30823293172690763,0.29216157269477844,0.28401902318000793,0.7055426603555679,0.6979483366012573
149,1,approval,context,86194,approval_context,data/simulation_output/thesis_final_runs_v1/design_0149/rule_approval/seed_86194/run_0,puzzle,78.144,28.56,24.768,0.328,81.51190476190476,80.0,0.02783132530120482,26.714285714285715,27.0,0.003253012048192771,244258524807.68134,726526786541.7142,6583410491392.0,22.702380952380953,32.0,0.024096385542168676,0.32142857142857145,0.5,0.27710843373493976,0.28031716954708097,0.24521559476852417,0.6923671655654907,0.856760561466217
149,1,approval,context,89337,approval_context,data/simulation_output/thesis_final_runs_v1/design_0149/rule_approval/seed_89337/run_0,puzzle,62.672,41.064,24.556,0.404,60.035714285714285,59.0,0.034176706827309236,43.26190476190476,44.0,0.002811244979919679,5772816713.781496,17093669147.428572,47187410944.0,24.428571428571427,19.0,0.033493975903614456,0.4226190476190476,0.75,0.31626506024096385,0.3293878247737885,0.31317102909088135,0.6951403388977051,0.7174322009086609
149,1,approval,context,90948,approval_context,data/simulation_output/thesis_final_runs_v1/design_0149/rule_approval/seed_90948/run_0,puzzle,60.172,48.8,23.856,0.436,57.19047619047619,56.0,0.046586345381526104,60.80952380952381,63.0,0.007550200803212851,724872446.8398457,2121402049.6190476,23619121152.0,25.392857142857142,20.0,0.022650602409638555,0.41369047619047616,0.0,0.3273092369477912,0.3054655561447144,0.3075978755950928,0.731996650338173,0.6415935754776001
149,1,approval,context,91449,approval_context,data/simulation_output/thesis_final_runs_v1/design_0149/rule_approval/seed_91449/run_0,puzzle,69.872,34.72,22.88,0.31,71.19047619047619,67.0,0.04333333333333333,44.0,44.0,0.005341365461847389,39487968224.98181,116474558543.2381,328270086144.0,22.821428571428573,24.0,0.020441767068273095,0.3333333333333333,0.0,0.28413654618473894,0.2927832111120224,0.29481232166290283,0.6991789820194244,0.6889329552650452
149,1,approval,context,94738,approval_context,data/simulation_output/thesis_final_runs_v1/design_0149/rule_approval/seed_94738/run_0,puzzle,63.312,42.272,22.94,0.355,61.273809523809526,60.0,0.04646586345381526,52.0,52.0,0.005823293172690763,250002757352.0152,743707414232.381,9728964952064.0,24.607142857142858,27.0,0.009678714859437752,0.39880952380952384,0.25,0.23694779116465864,0.3141003272533417,0.2936153709888458,0.7198828887939454,0.8344728350639343
149,1,approval,context,95664,approval_context,data/simulation_output/thesis_final_runs_v1/design_0149/rule_approval/seed_95664/run_0,puzzle,61.924,44.088,23.388,0.363,57.5,62.0,0.04803212851405623,54.67857142857143,55.0,0.00678714859437751,74986763.93360156,220596306.42113096,763903424.0,26.523809523809526,25.0,0.020642570281124498,0.37797619047619047,0.0,0.30120481927710846,0.3345839581489563,0.3151044547557831,0.7134649860858917,0.6669538617134094
149,1,approval,context,99163,approval_context,data/simulation_output/thesis_final_runs_v1/design_0149/rule_approval/seed_99163/run_0,puzzle,67.4,29.668,22.572,0.246,65.95238095238095,72.0,0.05180722891566265,29.80952380952381,33.0,0.019558232931726906,13670171745.105469,40593147068.190475,239647555584.0,23.30952380952381,18.0,0.01895582329317269,0.19345238095238096,0.5,0.23092369477911648,0.34466500461101535,0.35530805587768555,0.6978632829189301,0.7484874129295349
149,2,utilitarian,canonical,10246,main,data/simulation_output/thesis_final_runs_v1/design_0149/rule_utilitarian/seed_10246/run_0,puzzle,84.768,20.144,26.804,0.305,87.83333333333333,86.0,0.028795180722891566,22.0,22.0,0.001004016064257028,1682908748404260.2,5000900014818060.0,3.611290965848883e+16,27.083333333333332,30.0,0.025341365461847388,0.39285714285714285,0.75,0.2680722891566265,0.23774739164113998,0.23727987706661224,0.6893166780471802,0.8223600387573242
149,2,utilitarian,canonical,10393,main,data/simulation_output/thesis_final_runs_v1/design_0149/rule_utilitarian/seed_10393/run_0,puzzle,60.956,54.784,21.956,0.259,50.94047619047619,48.0,0.03570281124497992,58.0,58.0,0.0030120481927710845,27795643278965.11,82712748367481.9,894662290178048.0,22.916666666666668,27.0,0.02104417670682731,0.28273809523809523,0.25,0.24799196787148595,0.34540323293209074,0.3590153455734253,0.7029839525222779,0.6790778636932373
149,2,utilitarian,canonical,10588,main,data/simulation_output/thesis_final_runs_v1/design_0149/rule_utilitarian/seed_10588/run_0,puzzle,59.728,44.804,24.024,0.337,60.714285714285715,61.0,0.04136546184738956,51.29761904761905,59.0,0.009397590361445784,2428082494028.0347,7212465842566.096,76927796772864.0,22.964285714285715,31.0,0.015943775100401607,0.35714285714285715,0.5,0.2429718875502008,0.33089061808586123,0.3238968551158905,0.7042458708286286,0.7986389398574829
149,2,utilitarian,canonical,11176,main,data/simulation_output/thesis_final_runs_v1/design_0149/rule_utilitarian/seed_11176/run_0,puzzle,45.46,64.04,23.756,0.266,39.19047619047619,43.0,0.04522088353413655,73.71428571428571,74.0,0.003895582329317269,106689654367025.38,317521177007250.3,1468935857766400.0,24.345238095238095,23.0,0.011726907630522088,0.2916666666666667,0.75,0.2469879518072289,0.30992297196388247,0.29350271821022034,0.7066960096359253,0.5905834436416626
149,2,utilitarian,canonical,11311,main,data/simulation_output/thesis_final_runs_v1/design_0149/rule_utilitarian/seed_11311/run_0,puzzle,65.22,44.056,25.564,0.299,61.476190476190474,61.0,0.04433734939759036,45.76190476190476,47.0,0.007188755020080321,355513937131274.1,1057956944603818.6,2986649659113472.0,28.142857142857142,21.0,0.016666666666666666,0.37202380952380953,0.5,0.2429718875502008,0.29336129570007324,0.3085877001285553,0.7175661475658417,0.7275326251983643
149,2,utilitarian,canonical,11408,main,data/simulation_output/thesis_final_runs_v1/design_0149/rule_utilitarian/seed_11408/run_0,puzzle,67.44,39.888,26.144,0.321,66.41666666666667,69.0,0.035783132530120484,42.98809523809524,43.0,0.0024497991967871485,207694391795188.72,618056912701732.6,4919014232948736.0,26.297619047619047,26.0,0.02465863453815261,0.3333333333333333,0.5,0.2761044176706827,0.28380269527435303,0.2952181398868561,0.71642518222332,0.8156154751777649
149,2,utilitarian,canonical,11660,main,data/simulation_output/thesis_final_runs_v1/design_0149/rule_utilitarian/seed_11660/run_0,puzzle,67.428,42.252,23.02,0.284,66.78571428571429,66.0,0.037630522088353414,44.214285714285715,38.0,0.007590361445783133,5970956475046.088,17741271586913.523,50973347151872.0,23.226190476190474,14.0,0.025542168674698794,0.39880952380952384,1.0,0.2319277108433735,0.32368766152858736,0.3660724461078644,0.7177784861326217,0.6486539244651794
149,2,utilitarian,canonical,12392,main,data/simulation_output/thesis_final_runs_v1/design_0149/rule_utilitarian/seed_12392/run_0,puzzle,65.3,46.38,25.056,0.414,65.23809523809524,63.0,0.039919678714859436,55.73809523809524,56.0,0.005100401606425703,6603630617.949658,19615170115.238094,176563011584.0,26.238095238095237,23.0,0.022690763052208834,0.38392857142857145,0.5,0.3293172690763052,0.3007947051525116,0.27848148345947266,0.757100567817688,0.6221091747283936
149,2,utilitarian,canonical,12494,main,data/simulation_output/thesis_final_runs_v1/design_0149/rule_utilitarian/seed_12494/run_0,puzzle,82.708,24.216,27.004,0.335,85.03571428571429,87.0,0.033734939759036145,27.0,27.0,0.0014457831325301205,1069394595800149.6,3182697996243529.0,2.781168276812595e+16,28.678571428571427,21.0,0.023694779116465864,0.2857142857142857,0.0,0.2600401606425703,0.26378083181381223,0.306081622838974,0.6954290096759796,0.6377201080322266
149,2,utilitarian,canonical,12536,main,data/simulation_output/thesis_final_runs_v1/design_0149/rule_utilitarian/seed_12536/run_0,puzzle,57.988,43.024,25.808,0.319,51.19047619047619,51.0,0.05281124497991968,64.14285714285714,65.0,0.00927710843373494,9891552657663.783,29438988409566.477,367312884465664.0,27.595238095238095,32.0,0.020200803212851403,0.23511904761904762,0.25,0.24497991967871485,0.28261069947481154,0.2778683006763458,0.7144209994077683,0.6649931073188782
149,2,utilitarian,canonical,14271,main,data/simulation_output/thesis_final_runs_v1/design_0149/rule_utilitarian/seed_14271/run_0,puzzle,70.668,37.712,22.24,0.261,71.1547619047619,74.0,0.046546184738955824,57.535714285714285,62.0,0.013453815261044177,1354913430998.7268,4032160411498.6665,36417438744576.0,21.952380952380953,26.0,0.01642570281124498,0.20535714285714285,1.0,0.23795180722891565,0.32361059498786926,0.36549511551856995,0.6951463623046875,0.7435306906700134
149,2,utilitarian,canonical,14879,main,data/simulation_output/thesis_final_runs_v1/design_0149/rule_utilitarian/seed_14879/run_0,puzzle,75.892,36.32,25.588,0.405,76.25,75.0,0.038714859437751006,39.98809523809524,40.0,0.002008032128514056,945960081906.4476,2794988495920.7617,34811271970816.0,25.666666666666668,32.0,0.01887550200803213,0.4732142857142857,0.0,0.30823293172690763,0.28643134582042695,0.2454250305891037,0.7123049470186233,0.7496722936630249
149,2,utilitarian,canonical,14942,main,data/simulation_output/thesis_final_runs_v1/design_0149/rule_utilitarian/seed_14942/run_0,puzzle,67.256,21.668,24.76,0.419,71.67857142857143,69.0,0.0493574297188755,32.416666666666664,32.0,0.005180722891566265,810306547447.573,2393294512810.6665,3012206526464.0,25.30952380952381,25.0,0.02196787148594377,0.5,0.5,0.286144578313253,0.25527756875753405,0.24630746245384216,0.7168738383054734,0.7332477569580078
149,2,utilitarian,canonical,17514,main,data/simulation_output/thesis_final_runs_v1/design_0149/rule_utilitarian/seed_17514/run_0,puzzle,50.868,48.804,23.328,0.331,45.642857142857146,47.0,0.04666666666666667,58.833333333333336,63.0,0.005823293172690763,19004492127674.766,56560238781177.91,380758212476928.0,28.273809523809526,20.0,0.023453815261044175,0.2976190476190476,0.0,0.2469879518072289,0.31430073761940003,0.2918667495250702,0.7310465991497039,0.6938352584838867
149,2,utilitarian,canonical,18594,main,data/simulation_output/thesis_final_runs_v1/design_0149/rule_utilitarian/seed_18594/run_0,puzzle,61.56,50.796,23.292,0.277,58.642857142857146,59.0,0.03128514056224899,56.642857142857146,57.0,0.003493975903614458,2501351376083558.5,7444086086522197.0,7.93684186497024e+16,23.761904761904763,31.0,0.02180722891566265,0.2976190476190476,0.0,0.23694779116465864,0.3143774924278259,0.293191522359848,0.685952099442482,0.5735257267951965
149,2,utilitarian,canonical,18641,main,data/simulation_output/thesis_final_runs_v1/design_0149/rule_utilitarian/seed_18641/run_0,puzzle,71.028,35.196,22.884,0.323,71.52380952380952,69.0,0.04024096385542169,42.916666666666664,43.0,0.004698795180722892,2285161161623.2324,6753775957333.333,48310769418240.0,21.535714285714285,23.0,0.011847389558232932,0.35119047619047616,0.0,0.27710843373493976,0.2650837495326996,0.29021623730659485,0.709743956565857,0.6666523814201355
149,2,utilitarian,canonical,19530,main,data/simulation_output/thesis_final_runs_v1/design_0149/rule_utilitarian/seed_19530/run_0,puzzle,70.112,42.76,24.844,0.284,73.85714285714286,76.0,0.0432128514056225,52.45238095238095,54.0,0.005582329317269076,2220495569185.618,6607532449395.81,40411557003264.0,26.821428571428573,20.0,0.018032128514056226,0.25595238095238093,0.5,0.23493975903614459,0.3215397702455521,0.31708961725234985,0.7035811564922333,0.8122919201850891
149,2,utilitarian,canonical,19767,main,data/simulation_output/thesis_final_runs_v1/design_0149/rule_utilitarian/seed_19767/run_0,puzzle,61.368,39.876,23.34,0.273,58.23809523809524,61.0,0.04224899598393574,45.79761904761905,36.0,0.007389558232931727,1.112507472550023e+16,3.310399548305603e+16,4.205271198990336e+17,24.476190476190474,31.0,0.016706827309236946,0.32142857142857145,0.5,0.22590361445783133,0.26003887414932253,0.27493220567703247,0.7163306574821472,0.7918659448623657
149,2,utilitarian,canonical,19919,main,data/simulation_output/thesis_final_runs_v1/design_0149/rule_utilitarian/seed_19919/run_0,puzzle,65.108,45.892,23.788,0.277,59.95238095238095,59.0,0.035823293172690764,49.0,49.0,0.002248995983935743,148271168880157.78,441241616479573.3,5075559348436992.0,22.952380952380953,25.0,0.027630522088353416,0.27976190476190477,0.25,0.2620481927710843,0.32129293131828307,0.3804462254047394,0.7202090542316437,0.6125210523605347
149,2,utilitarian,canonical,20547,main,data/simulation_output/thesis_final_runs_v1/design_0149/rule_utilitarian/seed_20547/run_0,puzzle,45.956,58.284,23.932,0.33,39.226190476190474,39.0,0.03333333333333333,67.89285714285714,68.0,0.005582329317269076,3074085301395.8,9146196723565.715,103619013640192.0,25.535714285714285,23.0,0.017469879518072287,0.35119047619047616,0.25,0.29417670682730923,0.3681731717586517,0.37510812282562256,0.6813260025978088,0.7246953845024109
149,2,utilitarian,canonical,20994,main,data/simulation_output/thesis_final_runs_v1/design_0149/rule_utilitarian/seed_20994/run_0,puzzle,69.168,33.524,27.524,0.36,71.21428571428571,69.0,0.03289156626506024,38.0,38.0,0.0024497991967871485,666699979823.3179,1979079397522.2856,17180934537216.0,29.11904761904762,38.0,0.028353413654618475,0.40773809523809523,0.0,0.3042168674698795,0.30741606402397154,0.2696915864944458,0.6860544145107269,0.6388356685638428
149,2,utilitarian,canonical,21298,main,data/simulation_output/thesis_final_runs_v1/design_0149/rule_utilitarian/seed_21298/run_0,puzzle,63.516,44.056,24.488,0.298,63.32142857142857,64.0,0.04590361445783133,57.023809523809526,50.0,0.00891566265060241,232700147152.39682,686202869760.0,1405931225088.0,25.357142857142858,21.0,0.018795180722891568,0.38095238095238093,0.25,0.2520080321285141,0.3170995661020279,0.348066121339798,0.7431013901233673,0.694367527961731
149,2,utilitarian,canonical,21498,main,data/simulation_output/thesis_final_runs_v1/design_0149/rule_utilitarian/seed_21498/run_0,puzzle,62.084,39.932,20.996,0.318,60.76190476190476,66.0,0.05216867469879518,48.642857142857146,49.0,0.006024096385542169,1644596295.7950509,4836878228.0,20371167232.0,22.738095238095237,19.0,0.022409638554216866,0.3869047619047619,0.25,0.3102409638554217,0.33289926159381866,0.3466259241104126,0.6862095611095429,0.6280279159545898
149,2,utilitarian,canonical,22216,main,data/simulation_output/thesis_final_runs_v1/design_0149/rule_utilitarian/seed_22216/run_0,puzzle,75.728,31.184,25.228,0.367,77.67857142857143,79.0,0.030883534136546188,30.702380952380953,32.0,0.008313253012048194,47652927282.02885,140609922048.0,887366090752.0,25.75,25.0,0.029317269076305223,0.4255952380952381,0.5,0.2901606425702811,0.284781713783741,0.28666940331459045,0.7467421309947968,0.6269841194152832
149,2,utilitarian,canonical,22385,main,data/simulation_output/thesis_final_runs_v1/design_0149/rule_utilitarian/seed_22385/run_0,puzzle,85.156,10.364,22.844,0.403,91.05952380952381,91.0,0.02678714859437751,11.69047619047619,12.0,0.0006827309236947792,2681177191471.046,7937056736792.381,34425576357888.0,22.785714285714285,14.0,0.03152610441767068,0.44047619047619047,0.75,0.30120481927710846,0.24709932708740234,0.29810693860054016,0.6993170139789582,0.7482682466506958
149,2,utilitarian,canonical,22424,main,data/simulation_output/thesis_final_runs_v1/design_0149/rule_utilitarian/seed_22424/run_0,puzzle,69.448,31.188,23.376,0.313,72.17857142857143,73.0,0.04759036144578313,49.94047619047619,52.0,0.011646586345381526,560373944820.135,1667680836342.0952,16843493343232.0,27.214285714285715,30.0,0.019397590361445782,0.24702380952380953,0.5,0.21285140562248997,0.29912845224142076,0.3086256682872772,0.7051305996179581,0.6121267080307007
149,2,utilitarian,canonical,24504,main,data/simulation_output/thesis_final_runs_v1/design_0149/rule_utilitarian/seed_24504/run_0,puzzle,65.504,42.812,22.148,0.31,63.17857142857143,59.0,0.05469879518072289,50.95238095238095,59.0,0.012008032128514057,138005962248.59293,410311308953.9048,2537178267648.0,23.392857142857142,22.0,0.015421686746987953,0.31547619047619047,0.25,0.23393574297188754,0.32594437718391417,0.28628334403038025,0.7148861281871796,0.8348020911216736
149,2,utilitarian,canonical,24575,main,data/simulation_output/thesis_final_runs_v1/design_0149/rule_utilitarian/seed_24575/run_0,puzzle,63.736,39.196,21.38,0.304,61.214285714285715,63.0,0.04526104417670683,40.523809523809526,49.0,0.011767068273092368,288968713603.3262,859521328722.2858,9464740577280.0,22.071428571428573,26.0,0.011606425702811245,0.26785714285714285,0.0,0.2710843373493976,0.3109048523902893,0.26867935061454773,0.7200173280239105,0.7820054292678833
149,2,utilitarian,canonical,25058,main,data/simulation_output/thesis_final_runs_v1/design_0149/rule_utilitarian/seed_25058/run_0,puzzle,69.124,33.972,22.344,0.314,69.1547619047619,74.0,0.046144578313253005,55.845238095238095,60.0,0.012610441767068272,1231837318465.0952,3665408219541.3335,33988666195968.0,23.285714285714285,21.0,0.0163855421686747,0.26785714285714285,0.0,0.2289156626506024,0.28755597919225695,0.2759649157524109,0.739798075914383,0.6521629095077515
149,2,utilitarian,canonical,25089,main,data/simulation_output/thesis_final_runs_v1/design_0149/rule_utilitarian/seed_25089/run_0,puzzle,68.796,34.664,29.52,0.308,72.91666666666667,77.0,0.03642570281124498,40.05952380952381,39.0,0.00642570281124498,96494879484797.06,287177417076150.9,4010755082944512.0,31.511904761904763,40.0,0.028112449799196786,0.29464285714285715,0.0,0.2540160642570281,0.286302199780941,0.2505413889884949,0.7316493713855743,0.6776793003082275
149,2,utilitarian,canonical,25175,main,data/simulation_output/thesis_final_runs_v1/design_0149/rule_utilitarian/seed_25175/run_0,puzzle,69.32,33.544,23.688,0.282,69.85714285714286,72.0,0.048433734939759034,43.36904761904762,54.0,0.009678714859437752,106898490793.67802,314502071491.0476,1424339763200.0,24.30952380952381,23.0,0.013172690763052209,0.3244047619047619,0.25,0.2570281124497992,0.3300786029100418,0.3301509618759155,0.7153888130187989,0.6746295690536499
149,2,utilitarian,canonical,26898,main,data/simulation_output/thesis_final_runs_v1/design_0149/rule_utilitarian/seed_26898/run_0,puzzle,64.196,38.4,22.544,0.297,56.654761904761905,56.0,0.04168674698795181,52.55952380952381,53.0,0.01325301204819277,580856521441.819,1726244544243.8096,6878529060864.0,21.13095238095238,21.0,0.0278714859437751,0.34523809523809523,0.75,0.2751004016064257,0.31255335664749145,0.28421685099601746,0.7101994388103485,0.7759233117103577
149,2,utilitarian,canonical,27442,main,data/simulation_output/thesis_final_runs_v1/design_0149/rule_utilitarian/seed_27442/run_0,puzzle,52.548,45.476,23.788,0.22,43.29761904761905,37.0,0.05397590361445783,62.92857142857143,75.0,0.009839357429718875,180659356645253.34,537653914682904.4,3176332326338560.0,24.94047619047619,24.0,0.009879518072289156,0.2619047619047619,0.75,0.178714859437751,0.3063540894985199,0.33395394682884216,0.71940052318573,0.685962975025177
149,2,utilitarian,canonical,27465,main,data/simulation_output/thesis_final_runs_v1/design_0149/rule_utilitarian/seed_27465/run_0,puzzle,68.624,35.328,25.084,0.338,69.85714285714286,65.0,0.04502008032128514,38.98809523809524,45.0,0.006305220883534136,979832499208456.8,2916115131232451.0,2.305212885971763e+16,26.428571428571427,27.0,0.01285140562248996,0.3273809523809524,0.5,0.22389558232931728,0.2706311595439911,0.2489989548921585,0.7460504689216614,0.85007244348526
149,2,utilitarian,canonical,27628,main,data/simulation_output/thesis_final_runs_v1/design_0149/rule_utilitarian/seed_27628/run_0,puzzle,64.396,42.72,23.588,0.283,69.11904761904762,69.0,0.04164658634538153,38.583333333333336,37.0,0.008674698795180723,47267896661245.0,140546746489709.72,472705744764928.0,24.214285714285715,24.0,0.015261044176706828,0.3273809523809524,0.25,0.2178714859437751,0.29521939158439636,0.27705761790275574,0.7114995799064636,0.7714440822601318
149,2,utilitarian,canonical,27645,main,data/simulation_output/thesis_final_runs_v1/design_0149/rule_utilitarian/seed_27645/run_0,puzzle,81.676,25.412,23.872,0.358,87.26190476190476,89.0,0.034216867469879515,32.416666666666664,33.0,0.0023694779116465864,390543464036416.56,1162260114341107.8,6263522069577728.0,24.952380952380953,21.0,0.02112449799196787,0.36904761904761907,0.75,0.2700803212851406,0.24860198241472245,0.2693980038166046,0.7362441968917847,0.6658585667610168
149,2,utilitarian,canonical,28106,main,data/simulation_output/thesis_final_runs_v1/design_0149/rule_utilitarian/seed_28106/run_0,puzzle,54.5,53.432,21.808,0.254,45.226190476190474,42.0,0.04835341365461847,74.91666666666667,76.0,0.006305220883534136,6284715355709.06,18704087677257.145,133688390057984.0,24.392857142857142,19.0,0.012570281124497993,0.19940476190476192,0.25,0.2520080321285141,0.3078863550424576,0.3007906377315521,0.7174860801696777,0.7894952893257141
149,2,utilitarian,canonical,28162,main,data/simulation_output/thesis_final_runs_v1/design_0149/rule_utilitarian/seed_28162/run_0,puzzle,83.356,32.204,28.692,0.421,88.26190476190476,91.0,0.03072289156626506,40.23809523809524,44.0,0.005180722891566265,50628741759144.21,150160214820376.38,1762799667642368.0,28.285714285714285,32.0,0.020481927710843374,0.49107142857142855,0.25,0.2459839357429719,0.2532272892594337,0.21608929336071014,0.7503617317676544,0.6418620944023132
149,2,utilitarian,canonical,28550,main,data/simulation_output/thesis_final_runs_v1/design_0149/rule_utilitarian/seed_28550/run_0,puzzle,54.908,52.364,20.164,0.289,48.05952380952381,43.0,0.05180722891566265,76.75,73.0,0.009919678714859438,102648824694.64972,304793520018.2857,1171750912000.0,20.297619047619047,21.0,0.01036144578313253,0.3244047619047619,0.25,0.26907630522088355,0.2957716499567032,0.2501722276210785,0.7218865027427673,0.6791841983795166
149,2,utilitarian,canonical,28942,main,data/simulation_output/thesis_final_runs_v1/design_0149/rule_utilitarian/seed_28942/run_0,puzzle,53.22,56.344,22.976,0.25,49.833333333333336,51.0,0.03730923694779117,65.80952380952381,67.0,0.005220883534136547,8349688531051671.0,2.4850073208959172e+16,3.326311295824691e+17,23.107142857142858,28.0,0.014658634538152611,0.2916666666666667,0.25,0.20381526104417672,0.29341711521148683,0.2670556902885437,0.7013435444831848,0.8017691373825073
149,2,utilitarian,canonical,29129,main,data/simulation_output/thesis_final_runs_v1/design_0149/rule_utilitarian/seed_29129/run_0,puzzle,71.52,32.196,26.88,0.346,71.91666666666667,71.0,0.0336144578313253,37.0,37.0,0.0028514056224899598,1.5739578578689208e+16,4.684234479045681e+16,3.6775492545255834e+17,25.0,17.0,0.022409638554216866,0.3333333333333333,0.5,0.22289156626506024,0.275591412961483,0.2982151508331299,0.7117318353652954,0.6859307289123535
149,2,utilitarian,canonical,29315,main,data/simulation_output/thesis_final_runs_v1/design_0149/rule_utilitarian/seed_29315/run_0,puzzle,75.14,29.824,26.644,0.304,77.4047619047619,80.0,0.027991967871485945,33.0,33.0,0.002008032128514056,26734486503084.793,79444906360832.0,894710742777856.0,25.75,31.0,0.028835341365461845,0.37797619047619047,0.0,0.26305220883534136,0.2755695199966431,0.23339776694774628,0.6832797129154206,0.699864387512207
149,2,utilitarian,canonical,29713,main,data/simulation_output/thesis_final_runs_v1/design_0149/rule_utilitarian/seed_29713/run_0,puzzle,75.62,33.404,29.308,0.249,77.16666666666667,77.0,0.026144578313253012,32.04761904761905,28.0,0.009357429718875501,7934381011545717.0,2.3613479241421384e+16,1.1985231652533043e+17,31.547619047619047,24.0,0.027429718875502006,0.25595238095238093,0.75,0.2429718875502008,0.2763345251083374,0.28588777780532837,0.7193288921117783,0.7138611078262329
149,2,utilitarian,canonical,30306,main,data/simulation_output/thesis_final_runs_v1/design_0149/rule_utilitarian/seed_30306/run_0,puzzle,57.572,54.492,24.696,0.291,53.333333333333336,54.0,0.03706827309236948,62.0,62.0,0.003052208835341366,71660870963352.94,213236169396809.16,1573466771816448.0,28.297619047619047,22.0,0.022771084337349395,0.375,0.75,0.2359437751004016,0.32900605762004853,0.3031073212623596,0.7228213200569152,0.7873616814613342
149,2,utilitarian,canonical,30388,main,data/simulation_output/thesis_final_runs_v1/design_0149/rule_utilitarian/seed_30388/run_0,puzzle,80.648,40.836,23.656,0.313,87.44047619047619,88.0,0.042650602409638555,35.63095238095238,35.0,0.007751004016064256,350353722566.0649,1034190883303.619,4343562502144.0,25.142857142857142,22.0,0.013614457831325302,0.3630952380952381,0.5,0.2359437751004016,0.25822735726833346,0.31386592984199524,0.7501407179832459,0.7825798988342285
149,2,utilitarian,canonical,30922,main,data/simulation_output/thesis_final_runs_v1/design_0149/rule_utilitarian/seed_30922/run_0,puzzle,68.192,42.512,27.16,0.235,66.71428571428571,66.0,0.037630522088353414,47.0,47.0,0.002811244979919679,6.132177898146351e+16,1.8245423284072954e+17,2.4892374255581266e+18,25.916666666666668,28.0,0.01775100401606426,0.30952380952380953,0.0,0.20080321285140562,0.27007465678453446,0.2295691967010498,0.6980696482658386,0.6715684533119202
149,2,utilitarian,canonical,31049,main,data/simulation_output/thesis_final_runs_v1/design_0149/rule_utilitarian/seed_31049/run_0,puzzle,66.072,38.132,26.128,0.362,68.66666666666667,68.0,0.0357429718875502,43.726190476190474,45.0,0.003534136546184739,853389567243.6757,2539825074088.6665,31367777746944.0,32.273809523809526,36.0,0.02783132530120482,0.24404761904761904,0.0,0.3032128514056225,0.31365267598629,0.2772154211997986,0.6946095407009125,0.7746802568435669
149,2,utilitarian,canonical,32070,main,data/simulation_output/thesis_final_runs_v1/design_0149/rule_utilitarian/seed_32070/run_0,puzzle,59.66,42.964,23.552,0.242,49.857142857142854,49.0,0.0457429718875502,63.80952380952381,64.0,0.010562248995983936,34805773042055.754,103560026745904.77,924141670629376.0,21.857142857142858,20.0,0.014377510040160642,0.3273809523809524,0.0,0.21586345381526104,0.3284193515777588,0.31167080998420715,0.6916208460330963,0.643334686756134
149,2,utilitarian,canonical,32688,main,data/simulation_output/thesis_final_runs_v1/design_0149/rule_utilitarian/seed_32688/run_0,puzzle,69.756,48.968,26.68,0.333,71.36904761904762,69.0,0.04626506024096386,62.345238095238095,65.0,0.0050200803212851405,32278856617986.91,95973167142229.33,468810712743936.0,25.38095238095238,30.0,0.02570281124497992,0.36607142857142855,0.0,0.25,0.2748131351470947,0.2540522813796997,0.7211701794862747,0.6214562058448792
149,2,utilitarian,canonical,33284,main,data/simulation_output/thesis_final_runs_v1/design_0149/rule_utilitarian/seed_33284/run_0,puzzle,71.4,45.036,24.576,0.306,69.52380952380952,64.0,0.04807228915662651,46.595238095238095,47.0,0.012811244979919678,356808748049.33295,1061101785627.4286,5126265241600.0,24.25,21.0,0.019879518072289156,0.21726190476190477,0.5,0.22991967871485944,0.3186604096889496,0.31606146693229675,0.6846527602672577,0.7815935611724854
149,2,utilitarian,canonical,33526,main,data/simulation_output/thesis_final_runs_v1/design_0149/rule_utilitarian/seed_33526/run_0,puzzle,67.568,45.696,26.06,0.352,65.77380952380952,65.0,0.041084337349397586,57.0,57.0,0.005180722891566265,23773455338333.97,70746399311579.42,580745143779328.0,27.785714285714285,32.0,0.020240963855421686,0.30952380952380953,0.75,0.2700803212851406,0.2818967292308807,0.2646416127681732,0.7507505040168763,0.7961581945419312
149,2,utilitarian,canonical,33956,main,data/simulation_output/thesis_final_runs_v1/design_0149/rule_utilitarian/seed_33956/run_0,puzzle,83.352,22.604,28.396,0.365,86.70238095238095,89.0,0.03385542168674699,25.571428571428573,26.0,0.0024899598393574294,1405130381630036.0,4181848240112396.0,2.6939273978576896e+16,27.678571428571427,30.0,0.021204819277108437,0.3273809523809524,0.0,0.2289156626506024,0.24160501164197923,0.2290753424167633,0.7149593199491501,0.7732893824577332
149,2,utilitarian,canonical,34037,main,data/simulation_output/thesis_final_runs_v1/design_0149/rule_utilitarian/seed_34037/run_0,puzzle,55.728,48.204,21.756,0.184,45.404761904761905,35.0,0.05056224899598393,62.964285714285715,71.0,0.009477911646586346,627497097681.636,1864869942125.7144,14178237546496.0,21.214285714285715,21.0,0.0157429718875502,0.2261904761904762,0.0,0.21385542168674698,0.33624886977672575,0.3504811227321625,0.7093719888925553,0.7752391695976257
149,2,utilitarian,canonical,34459,main,data/simulation_output/thesis_final_runs_v1/design_0149/rule_utilitarian/seed_34459/run_0,puzzle,69.4,48.1,24.824,0.294,70.76190476190476,73.0,0.036184738955823297,53.0,53.0,0.0030923694779116466,4476799794484.687,13308884559091.809,97246162976768.0,23.797619047619047,31.0,0.02313253012048193,0.30654761904761907,0.25,0.2740963855421687,0.30013588798046115,0.3027667701244354,0.7179897646903992,0.7786107659339905
149,2,utilitarian,canonical,35086,main,data/simulation_output/thesis_final_runs_v1/design_0149/rule_utilitarian/seed_35086/run_0,puzzle,66.388,28.18,22.216,0.299,67.19047619047619,71.0,0.05124497991967871,43.04761904761905,48.0,0.014457831325301205,43964621216.86598,130553435523.04762,597815787520.0,22.69047619047619,22.0,0.015461847389558232,0.30952380952380953,0.25,0.2640562248995984,0.325767555475235,0.3106875419616699,0.7220944619178772,0.6330157518386841
149,2,utilitarian,canonical,35690,main,data/simulation_output/thesis_final_runs_v1/design_0149/rule_utilitarian/seed_35690/run_0,puzzle,58.608,47.508,21.568,0.322,50.32142857142857,50.0,0.041044176706827314,59.285714285714285,61.0,0.007791164658634538,221525915290.89282,659001908562.2858,2961507352576.0,24.726190476190474,22.0,0.01827309236947791,0.39880952380952384,0.75,0.2700803212851406,0.32847462546825407,0.30974945425987244,0.7199888515472412,0.7834551930427551
149,2,utilitarian,canonical,36007,main,data/simulation_output/thesis_final_runs_v1/design_0149/rule_utilitarian/seed_36007/run_0,puzzle,64.364,40.652,25.548,0.297,61.86904761904762,63.0,0.02891566265060241,43.98809523809524,44.0,0.002008032128514056,6300183319257653.0,1.8749113955329172e+16,1.3691697750658253e+17,25.571428571428573,29.0,0.02397590361445783,0.3244047619047619,0.0,0.2700803212851406,0.27938953483104706,0.28964871168136597,0.7070209201574326,0.6084621548652649
149,2,utilitarian,canonical,36338,main,data/simulation_output/thesis_final_runs_v1/design_0149/rule_utilitarian/seed_36338/run_0,puzzle,58.204,51.312,23.196,0.269,55.083333333333336,58.0,0.0485140562248996,67.78571428571429,70.0,0.007590361445783133,1154376424700.4316,3434030085924.5713,28715773853696.0,24.095238095238095,22.0,0.014377510040160642,0.31845238095238093,0.0,0.25301204819277107,0.3245695914030075,0.31968721747398376,0.7243303772211075,0.7446877956390381
149,2,utilitarian,canonical,36675,main,data/simulation_output/thesis_final_runs_v1/design_0149/rule_utilitarian/seed_36675/run_0,puzzle,77.704,24.644,25.776,0.303,79.25,79.0,0.038714859437751006,27.0,27.0,0.0012449799196787147,1352184034383107.2,4020671377347145.0,1.0507355095564288e+16,22.773809523809526,28.0,0.026546184738955824,0.43154761904761907,0.75,0.2359437751004016,0.2496474637389183,0.2549477517604828,0.6835481108427047,0.782640814781189
149,2,utilitarian,canonical,37319,main,data/simulation_output/thesis_final_runs_v1/design_0149/rule_utilitarian/seed_37319/run_0,puzzle,72.584,37.988,27.66,0.346,74.82142857142857,73.0,0.04313253012048193,47.07142857142857,48.0,0.0025301204819277107,7863972223102048.0,2.3403523830485576e+16,1.478840905975726e+17,28.964285714285715,16.0,0.02650602409638554,0.31547619047619047,0.75,0.2389558232931727,0.2597831449508667,0.3970097005367279,0.7512354041337967,0.575539767742157
149,2,utilitarian,canonical,37444,main,data/simulation_output/thesis_final_runs_v1/design_0149/rule_utilitarian/seed_37444/run_0,puzzle,48.796,54.688,20.992,0.29,43.69047619047619,41.0,0.03746987951807229,74.0952380952381,77.0,0.0055020080321285135,84464432427892.08,251349930522721.53,898729020227584.0,19.75,20.0,0.020481927710843374,0.3392857142857143,0.0,0.24899598393574296,0.3334678692817688,0.32580533623695374,0.6807032080888749,0.5635434985160828
149,2,utilitarian,canonical,38360,main,data/simulation_output/thesis_final_runs_v1/design_0149/rule_utilitarian/seed_38360/run_0,puzzle,62.028,48.788,26.204,0.26,58.44047619047619,63.0,0.03710843373493976,54.0,56.0,0.00678714859437751,667926256850348.5,1987869426541616.8,2.2639552153780224e+16,28.607142857142858,27.0,0.01827309236947791,0.19345238095238096,0.25,0.2359437751004016,0.28194389182329177,0.2555796504020691,0.7455439628362656,0.7112137079238892
149,2,utilitarian,canonical,39061,main,data/simulation_output/thesis_final_runs_v1/design_0149/rule_utilitarian/seed_39061/run_0,puzzle,52.216,40.708,23.96,0.337,43.916666666666664,44.0,0.05763052208835341,60.714285714285715,54.0,0.00927710843373494,8110706496366.736,24137262251117.715,158465016201216.0,25.36904761904762,21.0,0.01738955823293173,0.34226190476190477,1.0,0.22389558232931728,0.2838014048337936,0.34581896662712097,0.711733161687851,0.7539928555488586
149,2,utilitarian,canonical,39208,main,data/simulation_output/thesis_final_runs_v1/design_0149/rule_utilitarian/seed_39208/run_0,puzzle,88.032,28.252,28.176,0.252,90.22619047619048,92.0,0.027951807228915663,31.0,31.0,0.0012048192771084336,1.9606419143504698e+17,5.834574504993938e+17,5.167994371861119e+18,24.273809523809526,17.0,0.022771084337349395,0.30654761904761907,0.5,0.22690763052208834,0.25297251111269,0.28150513768196106,0.7200036268234253,0.6872944235801697
149,2,utilitarian,canonical,39427,main,data/simulation_output/thesis_final_runs_v1/design_0149/rule_utilitarian/seed_39427/run_0,puzzle,65.272,40.528,21.304,0.319,63.32142857142857,66.0,0.04502008032128514,49.773809523809526,50.0,0.006827309236947791,453022171350.7188,1348004864353.524,12344875810816.0,23.273809523809526,20.0,0.02289156626506024,0.2767857142857143,0.0,0.2660642570281124,0.29041580140590667,0.3538435995578766,0.7033879466056824,0.654335618019104
149,2,utilitarian,canonical,39467,main,data/simulation_output/thesis_final_runs_v1/design_0149/rule_utilitarian/seed_39467/run_0,puzzle,57.268,57.936,22.3,0.289,49.17857142857143,47.0,0.03919678714859438,62.0,62.0,0.0024899598393574294,84548485548387.14,251393993761158.1,2957639302512640.0,22.785714285714285,30.0,0.014779116465863454,0.3601190476190476,0.0,0.23092369477911648,0.3178155372142792,0.30605220794677734,0.710801675081253,0.7470650672912598
149,2,utilitarian,canonical,39503,main,data/simulation_output/thesis_final_runs_v1/design_0149/rule_utilitarian/seed_39503/run_0,puzzle,69.636,52.144,24.124,0.266,69.77380952380952,70.0,0.03919678714859438,58.23809523809524,61.0,0.004176706827309236,3984390435733479.5,1.1858120483212336e+16,1.66072194764374e+17,23.19047619047619,26.0,0.014016064257028114,0.23214285714285715,0.0,0.21285140562248997,0.2886376498937607,0.260769248008728,0.7220846467018127,0.7221102714538574
149,2,utilitarian,canonical,39628,main,data/simulation_output/thesis_final_runs_v1/design_0149/rule_utilitarian/seed_39628/run_0,puzzle,62.692,35.804,24.06,0.312,59.476190476190474,62.0,0.05373493975903615,46.80952380952381,49.0,0.005742971887550201,5374885818385.8,15989344081578.666,169184499597312.0,23.547619047619047,22.0,0.015983935742971887,0.28869047619047616,0.0,0.26305220883534136,0.25884227389097214,0.2408170849084854,0.7045210506916046,0.5478780269622803
149,2,utilitarian,canonical,39712,main,data/simulation_output/thesis_final_runs_v1/design_0149/rule_utilitarian/seed_39712/run_0,puzzle,81.184,45.528,25.168,0.258,83.16666666666667,77.0,0.036465863453815264,54.5,50.0,0.004779116465863454,9194410810557510.0,2.7363319360345428e+16,1.8495641005064192e+17,24.05952380952381,27.0,0.017228915662650602,0.2619047619047619,0.25,0.19779116465863453,0.27270492374897004,0.32584041357040405,0.7202587647438049,0.6826187372207642
149,2,utilitarian,canonical,40118,main,data/simulation_output/thesis_final_runs_v1/design_0149/rule_utilitarian/seed_40118/run_0,puzzle,56.38,50.788,25.172,0.269,48.976190476190474,47.0,0.04317269076305221,58.0,58.0,0.004497991967871486,74802889417242.28,222626829786276.56,1628720989208576.0,29.892857142857142,29.0,0.02433734939759036,0.20833333333333334,0.0,0.27309236947791166,0.31665361654758456,0.31329211592674255,0.713978554725647,0.6487509608268738
149,2,utilitarian,canonical,40255,main,data/simulation_output/thesis_final_runs_v1/design_0149/rule_utilitarian/seed_40255/run_0,puzzle,51.68,45.164,21.312,0.349,45.11904761904762,49.0,0.04927710843373494,57.226190476190474,60.0,0.006987951807228916,46726411898.813484,138921638055.61905,1621754642432.0,21.11904761904762,19.0,0.014618473895582329,0.3541666666666667,0.5,0.2520080321285141,0.3079143825173378,0.2607044577598572,0.7072971088886261,0.8140273094177246
149,2,utilitarian,canonical,40716,main,data/simulation_output/thesis_final_runs_v1/design_0149/rule_utilitarian/seed_40716/run_0,puzzle,68.924,44.964,22.604,0.308,66.19047619047619,61.0,0.04313253012048193,48.0,48.0,0.0027710843373493976,50885470464594.21,151440243419233.53,1331956734230528.0,25.404761904761905,18.0,0.020602409638554215,0.22916666666666666,0.5,0.2459839357429719,0.3042541877031326,0.3354323208332062,0.7059322204589844,0.6465398073196411
149,2,utilitarian,canonical,40825,main,data/simulation_output/thesis_final_runs_v1/design_0149/rule_utilitarian/seed_40825/run_0,puzzle,64.536,45.064,27.58,0.266,68.01190476190476,68.0,0.029036144578313255,56.29761904761905,57.0,0.00321285140562249,2.523062305185017e+16,7.509028897920186e+16,3.700847562320773e+17,29.428571428571427,19.0,0.02196787148594377,0.2976190476190476,0.0,0.2248995983935743,0.294314013838768,0.3002437353134155,0.6979597247838975,0.7278136610984802
149,2,utilitarian,canonical,41038,main,data/simulation_output/thesis_final_runs_v1/design_0149/rule_utilitarian/seed_41038/run_0,puzzle,63.076,43.352,27.068,0.307,63.166666666666664,64.0,0.03590361445783132,51.73809523809524,52.0,0.006746987951807229,9661191826653238.0,2.8750509818286664e+16,4.3898135741936435e+17,24.857142857142858,32.0,0.020080321285140562,0.35714285714285715,0.0,0.24899598393574296,0.3010397723913193,0.2713882327079773,0.7105897715091706,0.6108789443969727
149,2,utilitarian,canonical,41114,main,data/simulation_output/thesis_final_runs_v1/design_0149/rule_utilitarian/seed_41114/run_0,puzzle,78.096,32.048,24.828,0.367,81.79761904761905,82.0,0.036265060240963855,37.0,37.0,0.0018072289156626507,394368470284161.1,1173664155134634.8,6950435516579840.0,25.642857142857142,33.0,0.026144578313253012,0.38392857142857145,0.25,0.2389558232931727,0.26192213118076324,0.21542759239673615,0.7401331825256348,0.7650697231292725
149,2,utilitarian,canonical,41458,main,data/simulation_output/thesis_final_runs_v1/design_0149/rule_utilitarian/seed_41458/run_0,puzzle,61.32,39.836,23.208,0.237,53.904761904761905,47.0,0.039397590361445786,54.0,54.0,0.009678714859437752,6187798620474.79,18415166662144.0,192859684732928.0,24.095238095238095,26.0,0.020321285140562247,0.22023809523809523,0.0,0.23092369477911648,0.34855095100402833,0.3427876830101013,0.6398034247159958,0.6264317631721497
149,2,utilitarian,canonical,42022,main,data/simulation_output/thesis_final_runs_v1/design_0149/rule_utilitarian/seed_42022/run_0,puzzle,66.524,49.632,24.86,0.332,66.64285714285714,65.0,0.03863453815261044,61.29761904761905,62.0,0.006465863453815262,16995331823305.723,50569666927225.91,734244791910400.0,25.297619047619047,30.0,0.01783132530120482,0.31547619047619047,0.0,0.23493975903614459,0.29822890818119047,0.31844839453697205,0.725911669254303,0.6109499931335449
149,2,utilitarian,canonical,42247,main,data/simulation_output/thesis_final_runs_v1/design_0149/rule_utilitarian/seed_42247/run_0,puzzle,67.98,42.124,25.24,0.294,65.95238095238095,65.0,0.046987951807228916,48.916666666666664,49.0,0.00321285140562249,12855470268907.67,38258563125753.91,352061958914048.0,28.928571428571427,28.0,0.024136546184738955,0.2648809523809524,0.0,0.2660642570281124,0.3199993276596069,0.28401127457618713,0.705907830953598,0.8236218094825745
149,2,utilitarian,canonical,42286,main,data/simulation_output/thesis_final_runs_v1/design_0149/rule_utilitarian/seed_42286/run_0,puzzle,66.956,37.072,22.688,0.345,67.5,70.0,0.04429718875502008,46.845238095238095,47.0,0.004016064257028112,15348110558.021175,45628072968.38095,406070558720.0,26.916666666666668,33.0,0.027349397590361445,0.3541666666666667,0.75,0.35441767068273095,0.30132673436403273,0.24513624608516693,0.7198671565055847,0.7996105551719666
149,2,utilitarian,canonical,42715,main,data/simulation_output/thesis_final_runs_v1/design_0149/rule_utilitarian/seed_42715/run_0,puzzle,54.144,53.24,23.332,0.313,49.535714285714285,46.0,0.040843373493975904,63.583333333333336,58.0,0.010883534136546184,492861638477.69604,1466333937206.8572,5230217396224.0,23.976190476190474,28.0,0.01429718875502008,0.37202380952380953,0.25,0.23393574297188754,0.3401514616012573,0.3834330141544342,0.7206693668365478,0.7440323829650879
149,2,utilitarian,canonical,42943,main,data/simulation_output/thesis_final_runs_v1/design_0149/rule_utilitarian/seed_42943/run_0,puzzle,82.204,31.16,26.552,0.277,86.98809523809524,90.0,0.030281124497991967,35.845238095238095,38.0,0.0030120481927710845,4593635074554508.0,1.3671342077520554e+16,7.669036051175834e+16,25.202380952380953,19.0,0.019919678714859435,0.25892857142857145,0.75,0.25,0.25647169041633605,0.3257007896900177,0.7340198843479157,0.7012370824813843
149,2,utilitarian,canonical,43401,main,data/simulation_output/thesis_final_runs_v1/design_0149/rule_utilitarian/seed_43401/run_0,puzzle,62.444,48.992,24.2,0.323,58.0,53.0,0.039518072289156624,53.0,53.0,0.0026506024096385546,349751122033358.4,1040523130368975.2,7328924677701632.0,23.678571428571427,21.0,0.01606425702811245,0.3541666666666667,0.5,0.2319277108433735,0.2807155176997185,0.2787185609340668,0.7049702441692353,0.746755063533783
149,2,utilitarian,canonical,44015,main,data/simulation_output/thesis_final_runs_v1/design_0149/rule_utilitarian/seed_44015/run_0,puzzle,74.864,44.088,25.24,0.294,79.14285714285714,77.0,0.04726907630522088,58.67857142857143,61.0,0.007228915662650603,7776278219825.33,23131829806811.43,75333407604736.0,25.19047619047619,24.0,0.014738955823293171,0.30654761904761907,0.5,0.2248995983935743,0.28579382848739626,0.2942790985107422,0.7293040673732758,0.7116228938102722
149,2,utilitarian,canonical,45211,main,data/simulation_output/thesis_final_runs_v1/design_0149/rule_utilitarian/seed_45211/run_0,puzzle,53.424,55.196,24.116,0.298,47.26190476190476,47.0,0.036746987951807225,57.75,55.0,0.007590361445783133,54824669529833.12,163125707236108.2,783016561475584.0,24.535714285714285,20.0,0.016867469879518072,0.32142857142857145,0.25,0.25,0.3153349270820618,0.39975470304489136,0.7239037528038025,0.5456303358078003
149,2,utilitarian,canonical,45673,main,data/simulation_output/thesis_final_runs_v1/design_0149/rule_utilitarian/seed_45673/run_0,puzzle,59.384,53.644,23.044,0.305,59.86904761904762,60.0,0.0429718875502008,45.30952380952381,44.0,0.007349397590361446,18121730249.27385,53403299338.666664,163463708672.0,23.666666666666668,19.0,0.018473895582329317,0.3541666666666667,0.75,0.3072289156626506,0.3144869388341904,0.3691316246986389,0.6962895129919052,0.5736923217773438
149,2,utilitarian,canonical,46513,main,data/simulation_output/thesis_final_runs_v1/design_0149/rule_utilitarian/seed_46513/run_0,puzzle,65.656,43.476,25.28,0.316,61.916666666666664,59.0,0.039518072289156624,48.0,48.0,0.003253012048192771,3865790601011.3545,11504450949504.0,116868450877440.0,28.392857142857142,34.0,0.024377510040160644,0.2976190476190476,0.5,0.26907630522088355,0.3308918595314026,0.3320883512496948,0.7160508773326874,0.7498244643211365
149,2,utilitarian,canonical,46847,main,data/simulation_output/thesis_final_runs_v1/design_0149/rule_utilitarian/seed_46847/run_0,puzzle,68.564,36.488,22.988,0.349,69.30952380952381,72.0,0.042008032128514054,56.523809523809526,63.0,0.008674698795180723,899893780537.9379,2677799190552.381,20197024989184.0,24.107142857142858,27.0,0.013975903614457831,0.3601190476190476,0.0,0.23694779116465864,0.29010638523101806,0.2526364028453827,0.7403539443016052,0.6498626470565796
149,2,utilitarian,canonical,48615,main,data/simulation_output/thesis_final_runs_v1/design_0149/rule_utilitarian/seed_48615/run_0,puzzle,66.516,43.692,26.516,0.256,69.08333333333333,70.0,0.05,54.535714285714285,58.0,0.007269076305220884,37529823346709.78,111676862069418.67,1370900947533824.0,27.595238095238095,34.0,0.020240963855421686,0.23214285714285715,0.0,0.21987951807228914,0.2760215082168579,0.25115469098091125,0.7026289098262787,0.8091411590576172
149,2,utilitarian,canonical,48647,main,data/simulation_output/thesis_final_runs_v1/design_0149/rule_utilitarian/seed_48647/run_0,puzzle,52.884,46.444,22.436,0.316,40.107142857142854,42.0,0.04068273092369478,63.916666666666664,64.0,0.007108433734939758,55641376700.77263,161526967491.0476,1149758603264.0,23.321428571428573,27.0,0.01738955823293173,0.4732142857142857,0.5,0.25502008032128515,0.35322193896770476,0.35031065344810486,0.671787420630455,0.866454005241394
149,2,utilitarian,canonical,49126,main,data/simulation_output/thesis_final_runs_v1/design_0149/rule_utilitarian/seed_49126/run_0,puzzle,73.364,34.18,25.212,0.34,74.39285714285714,67.0,0.05024096385542169,40.904761904761905,52.0,0.009397590361445784,35445420278726.56,105194062441910.86,414811800207360.0,25.083333333333332,23.0,0.012369477911646587,0.4523809523809524,0.0,0.23795180722891565,0.27032058292627337,0.2942715883255005,0.7433111107349396,0.6232105493545532
149,2,utilitarian,canonical,49425,main,data/simulation_output/thesis_final_runs_v1/design_0149/rule_utilitarian/seed_49425/run_0,puzzle,61.832,52.008,25.828,0.262,61.035714285714285,62.0,0.03152610441767068,57.0,57.0,0.0028514056224899598,7805795530783431.0,2.3231477413839628e+16,2.391786885354619e+17,30.035714285714285,33.0,0.021445783132530122,0.24702380952380953,0.25,0.23293172690763053,0.32056963646411896,0.309640496969223,0.6944438432455062,0.7495556473731995
149,2,utilitarian,canonical,49907,main,data/simulation_output/thesis_final_runs_v1/design_0149/rule_utilitarian/seed_49907/run_0,puzzle,89.652,22.104,29.116,0.331,94.53571428571429,96.0,0.023654618473895585,25.0,25.0,0.0017670682730923696,2.546931283206305e+16,7.57996171441072e+16,6.510057165212877e+17,28.797619047619047,18.0,0.02313253012048193,0.38095238095238093,0.5,0.21887550200803213,0.246583534181118,0.3229723572731018,0.7338197464942933,0.5846821069717407
149,2,utilitarian,canonical,51108,main,data/simulation_output/thesis_final_runs_v1/design_0149/rule_utilitarian/seed_51108/run_0,puzzle,87.472,22.3,23.804,0.359,90.04761904761905,91.0,0.03333333333333333,24.0,24.0,0.0010843373493975904,1340874544120.4365,3989718450715.4287,60630610477056.0,22.952380952380953,36.0,0.024578313253012046,0.3005952380952381,0.25,0.3032128514056225,0.26108621019124983,0.2001015990972519,0.7007361048460007,0.8047268986701965
149,2,utilitarian,canonical,51505,main,data/simulation_output/thesis_final_runs_v1/design_0149/rule_utilitarian/seed_51505/run_0,puzzle,62.248,48.2,26.536,0.31,57.166666666666664,57.0,0.031646586345381526,52.0,52.0,0.0027710843373493976,4509108534332.871,13364075184128.0,114166169862144.0,27.55952380952381,31.0,0.02650602409638554,0.3898809523809524,0.25,0.2901606425702811,0.33346733963489533,0.35597774386405945,0.7062571597099304,0.6957396864891052
149,2,utilitarian,canonical,51722,main,data/simulation_output/thesis_final_runs_v1/design_0149/rule_utilitarian/seed_51722/run_0,puzzle,68.316,51.54,23.708,0.367,69.27380952380952,69.0,0.04835341365461847,55.5,57.0,0.005140562248995983,1020971392.2744375,3032323084.904762,33819987968.0,23.964285714285715,23.0,0.013373493975903615,0.31845238095238093,0.0,0.2971887550200803,0.346896081328392,0.34939903020858765,0.7058375852108002,0.7297870516777039
149,2,utilitarian,canonical,52722,main,data/simulation_output/thesis_final_runs_v1/design_0149/rule_utilitarian/seed_52722/run_0,puzzle,66.98,39.652,24.004,0.333,66.51190476190476,66.0,0.0478714859437751,46.51190476190476,47.0,0.003052208835341366,2101711766470.4653,6245519941875.81,67492030447616.0,23.11904761904762,28.0,0.014819277108433735,0.36607142857142855,0.0,0.2469879518072289,0.2678983838558197,0.2714521288871765,0.7134019364118576,0.6403473019599915
149,2,utilitarian,canonical,53334,main,data/simulation_output/thesis_final_runs_v1/design_0149/rule_utilitarian/seed_53334/run_0,puzzle,76.92,37.228,26.924,0.27,75.22619047619048,75.0,0.035060240963855425,40.666666666666664,41.0,0.0016867469879518072,4166692572578256.0,1.2400368242254214e+16,1.3859046856379597e+17,28.535714285714285,32.0,0.023373493975903617,0.25595238095238093,0.0,0.23694779116465864,0.2788532906770706,0.24022866785526276,0.7157472655773163,0.646724283695221
149,2,utilitarian,canonical,54065,main,data/simulation_output/thesis_final_runs_v1/design_0149/rule_utilitarian/seed_54065/run_0,puzzle,64.456,58.024,25.216,0.277,62.45238095238095,64.0,0.042008032128514054,64.9047619047619,65.0,0.004056224899598394,1691696023010.4893,4836584351646.477,11937086701568.0,23.321428571428573,24.0,0.018795180722891568,0.40773809523809523,0.25,0.26506024096385544,0.2968853880167007,0.3017021119594574,0.7177114624977112,0.8362276554107666
149,2,utilitarian,canonical,54726,main,data/simulation_output/thesis_final_runs_v1/design_0149/rule_utilitarian/seed_54726/run_0,puzzle,60.28,49.008,24.868,0.324,57.857142857142854,57.0,0.036907630522088355,50.86904761904762,48.0,0.006907630522088354,605438934903.6947,1732891152188.9524,14425338675200.0,21.88095238095238,24.0,0.027309236947791166,0.36607142857142855,0.5,0.28714859437751006,0.31844516015052793,0.2946031093597412,0.7256069638729096,0.660158634185791
149,2,utilitarian,canonical,55401,main,data/simulation_output/thesis_final_runs_v1/design_0149/rule_utilitarian/seed_55401/run_0,puzzle,63.78,47.292,21.2,0.279,59.17857142857143,61.0,0.04365461847389558,59.642857142857146,60.0,0.0078714859437751,4041977054982.6377,12025086622768.762,31561338585088.0,20.654761904761905,20.0,0.014337349397590363,0.40476190476190477,0.0,0.23293172690763053,0.3110719925165176,0.31304237246513367,0.7102851729393005,0.6664726734161377
149,2,utilitarian,canonical,57389,main,data/simulation_output/thesis_final_runs_v1/design_0149/rule_utilitarian/seed_57389/run_0,puzzle,44.036,65.792,21.816,0.314,35.464285714285715,34.0,0.030481927710843376,69.0,69.0,0.003132530120481928,581882869033481.8,1719130649076882.2,1.2243520463044608e+16,18.892857142857142,24.0,0.014136546184738957,0.39285714285714285,0.5,0.28313253012048195,0.33669528615474703,0.3753120005130768,0.6792181648015976,0.7195202708244324
149,2,utilitarian,canonical,57979,main,data/simulation_output/thesis_final_runs_v1/design_0149/rule_utilitarian/seed_57979/run_0,puzzle,54.62,52.724,22.564,0.258,46.26190476190476,44.0,0.047550200803212844,66.78571428571429,67.0,0.007630522088353414,147011248064327.7,437521273811334.1,6201480193245184.0,24.333333333333332,29.0,0.015421686746987953,0.24404761904761904,0.25,0.22389558232931728,0.3142343503236771,0.31374624371528625,0.7054979710578918,0.7149605751037598
149,2,utilitarian,canonical,58051,main,data/simulation_output/thesis_final_runs_v1/design_0149/rule_utilitarian/seed_58051/run_0,puzzle,77.112,37.856,25.48,0.371,80.76190476190476,82.0,0.03341365461847389,43.392857142857146,44.0,0.005622489959839358,41444133849468.13,123128822687646.47,420136519467008.0,24.273809523809526,22.0,0.01751004016064257,0.41964285714285715,0.0,0.25100401606425704,0.2695839938521385,0.29153820872306824,0.7299789052009582,0.7115511298179626
149,2,utilitarian,canonical,58075,main,data/simulation_output/thesis_final_runs_v1/design_0149/rule_utilitarian/seed_58075/run_0,puzzle,67.184,41.46,22.452,0.33,62.88095238095238,59.0,0.046787148594377506,50.892857142857146,51.0,0.005863453815261044,19529350095872.887,58122379916513.52,540110927953920.0,25.63095238095238,22.0,0.0163855421686747,0.32142857142857145,0.5,0.28112449799196787,0.32930323159694674,0.33483752608299255,0.6935489580631257,0.6594674587249756
149,2,utilitarian,canonical,58185,main,data/simulation_output/thesis_final_runs_v1/design_0149/rule_utilitarian/seed_58185/run_0,puzzle,65.324,47.696,22.58,0.341,63.464285714285715,68.0,0.0391566265060241,55.0,55.0,0.0033734939759036144,293055199310.1077,871072823533.7142,9886247157760.0,23.571428571428573,31.0,0.01859437751004016,0.33035714285714285,0.0,0.3192771084337349,0.3054828211665154,0.24606844782829285,0.7267490103244781,0.6391198635101318
149,2,utilitarian,canonical,58309,main,data/simulation_output/thesis_final_runs_v1/design_0149/rule_utilitarian/seed_58309/run_0,puzzle,70.404,44.848,22.06,0.306,73.16666666666667,74.0,0.04465863453815261,56.86904761904762,58.0,0.004698795180722892,115725914361.79419,344394080640.381,1498568589312.0,24.666666666666668,27.0,0.014779116465863454,0.23809523809523808,0.25,0.2620481927710843,0.27789159667491914,0.23237647116184235,0.701328794002533,0.6632644534111023
149,2,utilitarian,canonical,58606,main,data/simulation_output/thesis_final_runs_v1/design_0149/rule_utilitarian/seed_58606/run_0,puzzle,83.16,19.516,24.564,0.311,85.29761904761905,85.0,0.029397590361445784,21.0,21.0,0.0016465863453815261,46348501438338.54,137939723042425.9,1490368684097536.0,26.25,26.0,0.025341365461847388,0.24404761904761904,0.0,0.26104417670682734,0.27711927872896197,0.2601618468761444,0.6624946440458298,0.6817272901535034
149,2,utilitarian,canonical,58705,main,data/simulation_output/thesis_final_runs_v1/design_0149/rule_utilitarian/seed_58705/run_0,puzzle,66.352,49.524,24.088,0.291,65.14285714285714,66.0,0.04168674698795181,56.98809523809524,57.0,0.0036144578313253013,400504179292739.1,1191824208350256.8,6200469802188800.0,25.214285714285715,19.0,0.026666666666666665,0.27380952380952384,0.5,0.22690763052208834,0.28625655609369277,0.27756357192993164,0.7306603524684906,0.6603502035140991
149,2,utilitarian,canonical,58738,main,data/simulation_output/thesis_final_runs_v1/design_0149/rule_utilitarian/seed_58738/run_0,puzzle,77.6,39.736,24.828,0.28,77.69047619047619,77.0,0.041084337349397586,44.0,44.0,0.0032931726907630523,140063034533180.39,416563521575789.7,2859582514790400.0,24.05952380952381,17.0,0.018755020080321285,0.3333333333333333,0.25,0.2520080321285141,0.2756535005569458,0.32318058609962463,0.7086355414390564,0.7028538584709167
149,2,utilitarian,canonical,59237,main,data/simulation_output/thesis_final_runs_v1/design_0149/rule_utilitarian/seed_59237/run_0,puzzle,87.404,21.848,23.072,0.416,94.5,96.0,0.024417670682730926,19.428571428571427,15.0,0.008433734939759036,2328683350.040777,6627720840.380953,69416992768.0,25.095238095238095,32.0,0.025341365461847388,0.46726190476190477,0.0,0.29518072289156627,0.2570095067620277,0.17492711544036865,0.7251801072359085,0.7004793882369995
149,2,utilitarian,canonical,59392,main,data/simulation_output/thesis_final_runs_v1/design_0149/rule_utilitarian/seed_59392/run_0,puzzle,66.564,46.628,22.872,0.266,65.77380952380952,64.0,0.0429718875502008,52.0,52.0,0.0025702811244979916,542001860686739.1,1612999313146636.2,1.4652669624844288e+16,24.55952380952381,20.0,0.011927710843373494,0.3125,0.0,0.24096385542168675,0.27720668733119963,0.25918033719062805,0.7173992917537689,0.7773503661155701
149,2,utilitarian,canonical,59830,main,data/simulation_output/thesis_final_runs_v1/design_0149/rule_utilitarian/seed_59830/run_0,puzzle,62.608,37.068,21.532,0.237,60.25,58.0,0.04779116465863454,48.464285714285715,60.0,0.011887550200803211,2888595474824.6465,8594401541729.523,52720253796352.0,22.0,21.0,0.009076305220883533,0.24702380952380953,0.0,0.19076305220883535,0.3344537477493286,0.33873075246810913,0.7055226621627808,0.6636104583740234
149,2,utilitarian,canonical,59902,main,data/simulation_output/thesis_final_runs_v1/design_0149/rule_utilitarian/seed_59902/run_0,puzzle,59.836,52.04,24.396,0.354,55.226190476190474,53.0,0.035783132530120484,55.0,55.0,0.002248995983935743,2195281868594.859,6444090533790.477,20745522511872.0,23.464285714285715,21.0,0.02497991967871486,0.44047619047619047,0.75,0.29417670682730923,0.31472874820232394,0.33069518208503723,0.699583800315857,0.6520608067512512
149,2,utilitarian,canonical,60225,main,data/simulation_output/thesis_final_runs_v1/design_0149/rule_utilitarian/seed_60225/run_0,puzzle,56.088,56.88,24.608,0.264,53.892857142857146,58.0,0.04204819277108433,65.75,66.0,0.005220883534136547,79051608851843.6,235258372792320.0,3207425473642496.0,29.142857142857142,35.0,0.02253012048192771,0.31845238095238093,0.0,0.24397590361445784,0.3239991866350174,0.3144212067127228,0.6948935809135437,0.5382556915283203
149,2,utilitarian,canonical,60506,main,data/simulation_output/thesis_final_runs_v1/design_0149/rule_utilitarian/seed_60506/run_0,puzzle,59.06,42.192,24.196,0.338,57.63095238095238,55.0,0.036907630522088355,50.0,50.0,0.003654618473895582,866284557932.7249,2318491758787.048,10488688672768.0,21.547619047619047,22.0,0.025100401606425703,0.4375,0.5,0.3132530120481928,0.3039803764820099,0.2989826202392578,0.6901312359571457,0.6252383589744568
149,2,utilitarian,canonical,61704,main,data/simulation_output/thesis_final_runs_v1/design_0149/rule_utilitarian/seed_61704/run_0,puzzle,78.956,35.088,24.58,0.382,83.02380952380952,82.0,0.034377510040160646,35.476190476190474,48.0,0.014698795180722892,1438865141988.949,4236154499462.095,23233166311424.0,25.523809523809526,22.0,0.020160642570281127,0.3869047619047619,0.5,0.21285140562248997,0.29189876425266265,0.32277587056159973,0.7210500698089599,0.6219204068183899
149,2,utilitarian,canonical,62237,main,data/simulation_output/thesis_final_runs_v1/design_0149/rule_utilitarian/seed_62237/run_0,puzzle,68.808,42.624,25.772,0.305,65.6547619047619,69.0,0.04168674698795181,53.904761904761905,55.0,0.0059437751004016055,2854722638240.105,8460022805455.238,83784032583680.0,24.583333333333332,31.0,0.015060240963855422,0.4226190476190476,0.0,0.2540160642570281,0.3085878027677536,0.282979816198349,0.7036572246551513,0.7094293236732483
149,2,utilitarian,canonical,62282,main,data/simulation_output/thesis_final_runs_v1/design_0149/rule_utilitarian/seed_62282/run_0,puzzle,72.104,29.9,23.228,0.268,78.75,83.0,0.04184738955823293,25.80952380952381,35.0,0.010722891566265061,10496315455077.824,31225266279228.953,247448517738496.0,24.86904761904762,29.0,0.017791164658634537,0.30357142857142855,0.0,0.21987951807228914,0.29069818007946013,0.31994497776031494,0.6912073094844818,0.6247063279151917
149,2,utilitarian,canonical,62468,main,data/simulation_output/thesis_final_runs_v1/design_0149/rule_utilitarian/seed_62468/run_0,puzzle,65.476,34.908,23.768,0.314,64.28571428571429,65.0,0.042891566265060244,41.0,41.0,0.0048192771084337345,15051456832504.506,44794571184643.05,341896912175104.0,28.5,32.0,0.024578313253012046,0.3005952380952381,0.0,0.27309236947791166,0.3105970457792282,0.2622543275356293,0.6944045650959015,0.6836878061294556
149,2,utilitarian,canonical,62546,main,data/simulation_output/thesis_final_runs_v1/design_0149/rule_utilitarian/seed_62546/run_0,puzzle,67.588,26.488,23.284,0.4,73.71428571428571,75.0,0.04216867469879518,31.904761904761905,32.0,0.0025301204819277107,152772421709.49963,454498979664.7619,2336438878208.0,26.571428571428573,27.0,0.026626506024096382,0.44047619047619047,0.25,0.34236947791164657,0.26919731563329696,0.24095934629440308,0.72222239112854,0.747350811958313
149,2,utilitarian,canonical,63093,main,data/simulation_output/thesis_final_runs_v1/design_0149/rule_utilitarian/seed_63093/run_0,puzzle,81.788,35.968,24.072,0.289,87.76190476190476,90.0,0.04373493975903615,41.98809523809524,45.0,0.008755020080321285,3063633690804.35,9117146139641.904,100719407398912.0,25.964285714285715,28.0,0.02530120481927711,0.25,0.5,0.24899598393574296,0.28781349503993986,0.26930221915245056,0.6969869511127472,0.7150297164916992
149,2,utilitarian,canonical,63196,main,data/simulation_output/thesis_final_runs_v1/design_0149/rule_utilitarian/seed_63196/run_0,puzzle,56.288,44.404,23.22,0.33,53.333333333333336,49.0,0.04317269076305221,58.464285714285715,64.0,0.007429718875502009,11726896274411.854,34851015620705.523,385686385459200.0,22.535714285714285,25.0,0.014658634538152611,0.4255952380952381,0.25,0.2389558232931727,0.287416067481041,0.27853283286094666,0.733748069524765,0.6434181332588196
149,2,utilitarian,canonical,63551,main,data/simulation_output/thesis_final_runs_v1/design_0149/rule_utilitarian/seed_63551/run_0,puzzle,63.96,46.0,25.384,0.353,61.51190476190476,62.0,0.03405622489959839,50.79761904761905,51.0,0.0026506024096385546,709255845884.1576,2108974862000.762,26740525105152.0,26.166666666666668,32.0,0.02108433734939759,0.36904761904761907,0.25,0.28815261044176704,0.3071556491851807,0.2679058313369751,0.7038028620481491,0.7495161294937134
149,2,utilitarian,canonical,63676,main,data/simulation_output/thesis_final_runs_v1/design_0149/rule_utilitarian/seed_63676/run_0,puzzle,81.64,21.076,26.436,0.266,85.44047619047619,88.0,0.029116465863453813,28.476190476190474,31.0,0.003975903614457831,4.784074726310303e+17,1.4238234000940385e+18,1.3685904904927838e+19,28.297619047619047,18.0,0.02208835341365462,0.27976190476190477,0.0,0.19578313253012047,0.21448736906051635,0.27125027775764465,0.7150072546005249,0.6101371645927429
149,2,utilitarian,canonical,63848,main,data/simulation_output/thesis_final_runs_v1/design_0149/rule_utilitarian/seed_63848/run_0,puzzle,75.456,29.52,25.608,0.288,74.42857142857143,73.0,0.03140562248995984,32.32142857142857,33.0,0.0017269076305220885,32773178927369.375,97530935740806.1,1131662813429760.0,26.452380952380953,35.0,0.030361445783132532,0.2648809523809524,0.0,0.2961847389558233,0.2917618816494942,0.25035858154296875,0.696150154709816,0.7032066583633423
149,2,utilitarian,canonical,64405,main,data/simulation_output/thesis_final_runs_v1/design_0149/rule_utilitarian/seed_64405/run_0,puzzle,56.844,59.96,23.18,0.264,54.17857142857143,56.0,0.047911646586345384,72.67857142857143,75.0,0.005783132530120482,1650127907675.035,4909646965235.81,30843045150720.0,20.988095238095237,19.0,0.016626506024096387,0.24107142857142858,0.0,0.21887550200803213,0.3167572801113129,0.3314318060874939,0.7321323425769806,0.6632785797119141
149,2,utilitarian,canonical,64944,main,data/simulation_output/thesis_final_runs_v1/design_0149/rule_utilitarian/seed_64944/run_0,puzzle,64.44,37.624,23.592,0.179,66.17857142857143,65.0,0.04558232931726908,54.42857142857143,55.0,0.011927710843373494,53909507136603.75,160439777891669.34,1148693700935680.0,28.547619047619047,23.0,0.010160642570281124,0.13690476190476192,0.0,0.1706827309236948,0.3262248768806458,0.31860795617103577,0.6755370774269104,0.708404004573822
149,2,utilitarian,canonical,65039,main,data/simulation_output/thesis_final_runs_v1/design_0149/rule_utilitarian/seed_65039/run_0,puzzle,68.316,38.168,23.796,0.369,69.0952380952381,73.0,0.03795180722891566,43.80952380952381,44.0,0.002891566265060241,529816704425565.9,1576822142526805.2,1.4509807201419264e+16,24.63095238095238,23.0,0.017911646586345382,0.33035714285714285,0.25,0.2520080321285141,0.27094768291711807,0.30032750964164734,0.7180021564960479,0.64552241563797
149,2,utilitarian,canonical,65494,main,data/simulation_output/thesis_final_runs_v1/design_0149/rule_utilitarian/seed_65494/run_0,puzzle,82.796,33.344,25.188,0.333,84.13095238095238,83.0,0.03269076305220883,36.0,36.0,0.0017269076305220885,372624321912518.8,1108990814329368.4,9504646661931008.0,27.595238095238095,25.0,0.02068273092369478,0.26785714285714285,0.0,0.2459839357429719,0.2520001462101936,0.2672674059867859,0.7567273638248444,0.6879187226295471
149,2,utilitarian,canonical,66476,main,data/simulation_output/thesis_final_runs_v1/design_0149/rule_utilitarian/seed_66476/run_0,puzzle,55.208,26.516,21.608,0.316,48.404761904761905,51.0,0.05578313253012048,35.23809523809524,41.0,0.007469879518072289,412830677443699.8,1228615887779547.5,7671863857643520.0,21.702380952380953,19.0,0.014658634538152611,0.31845238095238093,0.5,0.2289156626506024,0.2295005761384964,0.24115899205207825,0.7346748551130294,0.7788308262825012
149,2,utilitarian,canonical,66652,main,data/simulation_output/thesis_final_runs_v1/design_0149/rule_utilitarian/seed_66652/run_0,puzzle,69.204,37.468,23.56,0.42,68.60714285714286,69.0,0.04,47.333333333333336,48.0,0.002811244979919679,25540673285.915077,75717014060.19048,182910926848.0,23.30952380952381,23.0,0.023092369477911646,0.4642857142857143,0.75,0.33032128514056225,0.2876231656074524,0.2782519459724426,0.7077939078807831,0.5728111267089844
149,2,utilitarian,canonical,66660,main,data/simulation_output/thesis_final_runs_v1/design_0149/rule_utilitarian/seed_66660/run_0,puzzle,61.824,54.476,25.144,0.261,57.48809523809524,59.0,0.0448995983935743,73.92857142857143,70.0,0.00819277108433735,204684026060319.9,608541060129158.1,2894428389769216.0,25.5,26.0,0.011124497991967873,0.30952380952380953,0.5,0.2248995983935743,0.30068630731105805,0.30834147334098816,0.7281132204532623,0.7807562351226807
149,2,utilitarian,canonical,67034,main,data/simulation_output/thesis_final_runs_v1/design_0149/rule_utilitarian/seed_67034/run_0,puzzle,59.528,48.312,23.884,0.346,54.80952380952381,54.0,0.04076305220883534,55.0,55.0,0.003333333333333333,273518118737.95737,809595921249.5238,7928260067328.0,23.69047619047619,27.0,0.019839357429718877,0.3898809523809524,0.25,0.285140562248996,0.29497070026397704,0.31015774607658386,0.7155551221370697,0.5065102577209473
149,2,utilitarian,canonical,67228,main,data/simulation_output/thesis_final_runs_v1/design_0149/rule_utilitarian/seed_67228/run_0,puzzle,75.34,37.992,24.244,0.296,75.55952380952381,76.0,0.03550200803212852,41.0,41.0,0.0016465863453815261,13875406617720.436,41278019636028.95,359573655388160.0,25.547619047619047,25.0,0.01923694779116466,0.27380952380952384,0.25,0.2931726907630522,0.26828227239847185,0.26948440074920654,0.7109151813983917,0.6123260855674744
149,2,utilitarian,canonical,68518,main,data/simulation_output/thesis_final_runs_v1/design_0149/rule_utilitarian/seed_68518/run_0,puzzle,70.724,43.12,24.96,0.29,72.0952380952381,74.0,0.0436144578313253,54.083333333333336,48.0,0.006546184738955824,156083834275702.25,464533494612626.3,5396037460033536.0,26.761904761904763,30.0,0.014578313253012048,0.20535714285714285,0.0,0.22088353413654618,0.2651258147358894,0.21368953585624695,0.7237186391353607,0.7718267440795898
149,2,utilitarian,canonical,68743,main,data/simulation_output/thesis_final_runs_v1/design_0149/rule_utilitarian/seed_68743/run_0,puzzle,75.44,42.068,24.308,0.276,78.47619047619048,84.0,0.040080321285140566,47.0,47.0,0.002248995983935743,659422398440411.8,1962514450056728.5,1.46309671550976e+16,25.357142857142858,23.0,0.016827309236947793,0.2261904761904762,0.25,0.25100401606425704,0.26332731860876085,0.2834468483924866,0.7050415855646134,0.7336750626564026
149,2,utilitarian,canonical,69003,main,data/simulation_output/thesis_final_runs_v1/design_0149/rule_utilitarian/seed_69003/run_0,puzzle,63.676,47.124,24.104,0.31,64.39285714285714,66.0,0.04437751004016064,57.61904761904762,53.0,0.006104417670682732,27016113365228.82,80352623085860.58,318979805544448.0,22.952380952380953,23.0,0.015220883534136547,0.36904761904761907,0.25,0.23393574297188754,0.2694887558221817,0.26486995816230774,0.7437420427799225,0.6160088777542114
149,2,utilitarian,canonical,70197,main,data/simulation_output/thesis_final_runs_v1/design_0149/rule_utilitarian/seed_70197/run_0,puzzle,78.068,32.572,23.512,0.332,77.5,73.0,0.03662650602409638,35.0,35.0,0.001606425702811245,152568805802031.8,454006478271439.25,4034339553673216.0,24.964285714285715,19.0,0.03321285140562249,0.34523809523809523,0.5,0.28714859437751006,0.2874633237719536,0.3393503427505493,0.7080409247875213,0.5723588466644287
149,2,utilitarian,canonical,71382,main,data/simulation_output/thesis_final_runs_v1/design_0149/rule_utilitarian/seed_71382/run_0,puzzle,61.332,49.168,23.132,0.316,55.61904761904762,51.0,0.04710843373493976,55.13095238095238,55.0,0.002931726907630522,36819868227632.55,109561782306328.38,292758292004864.0,22.488095238095237,24.0,0.017028112449799196,0.36904761904761907,0.5,0.30120481927710846,0.29790444046258924,0.27725735306739807,0.7172830879688263,0.7413392066955566
149,2,utilitarian,canonical,72328,main,data/simulation_output/thesis_final_runs_v1/design_0149/rule_utilitarian/seed_72328/run_0,puzzle,61.26,59.644,23.712,0.393,58.5,65.0,0.04959839357429719,73.46428571428571,76.0,0.00393574297188755,508184930787.6073,1510450700739.0476,12541601251328.0,24.083333333333332,24.0,0.019919678714859435,0.41369047619047616,0.0,0.321285140562249,0.28142584919929503,0.2835254967212677,0.770295711517334,0.6965160965919495
149,2,utilitarian,canonical,72460,main,data/simulation_output/thesis_final_runs_v1/design_0149/rule_utilitarian/seed_72460/run_0,puzzle,68.628,33.884,23.94,0.239,70.38095238095238,79.0,0.04626506024096386,46.48809523809524,47.0,0.009558232931726907,1125955928831650.2,3350959625837421.5,3.663105451307827e+16,24.761904761904763,19.0,0.012369477911646587,0.19642857142857142,0.5,0.20180722891566266,0.26899024480581285,0.3126582205295563,0.7219116199016571,0.7116098403930664
149,2,utilitarian,canonical,72967,main,data/simulation_output/thesis_final_runs_v1/design_0149/rule_utilitarian/seed_72967/run_0,puzzle,46.74,57.036,22.188,0.303,42.51190476190476,47.0,0.050883534136546185,58.38095238095238,52.0,0.008554216867469879,1122190512796.0205,3336666926982.095,7752245051392.0,23.94047619047619,22.0,0.019839357429718877,0.34226190476190477,1.0,0.2740963855421687,0.3171815811395645,0.3425980508327484,0.6984782340526581,0.7248378396034241
149,2,utilitarian,canonical,72968,main,data/simulation_output/thesis_final_runs_v1/design_0149/rule_utilitarian/seed_72968/run_0,puzzle,53.352,48.68,21.236,0.272,45.67857142857143,44.0,0.052208835341365466,69.98809523809524,72.0,0.008473895582329317,1041121889616.2573,3097900389406.476,34650510589952.0,19.678571428571427,23.0,0.010682730923694778,0.25297619047619047,0.25,0.2248995983935743,0.3311616175174713,0.31235677003860474,0.725340200662613,0.6714643239974976
149,2,utilitarian,canonical,73225,main,data/simulation_output/thesis_final_runs_v1/design_0149/rule_utilitarian/seed_73225/run_0,puzzle,79.68,43.94,25.04,0.368,83.08333333333333,83.0,0.03586345381526104,59.69047619047619,63.0,0.0059437751004016055,492942683197.2171,1447161838835.8096,4979635519488.0,23.13095238095238,25.0,0.018795180722891568,0.4494047619047619,0.25,0.2640562248995984,0.25554608047008515,0.24746310710906982,0.7675950384140015,0.8226085901260376
149,2,utilitarian,canonical,73651,main,data/simulation_output/thesis_final_runs_v1/design_0149/rule_utilitarian/seed_73651/run_0,puzzle,67.66,44.772,21.492,0.378,63.857142857142854,61.0,0.04618473895582329,56.11904761904762,57.0,0.004658634538152611,2027608804.993328,5943314779.428572,27996123136.0,21.083333333333332,21.0,0.017429718875502008,0.4791666666666667,0.75,0.34236947791164657,0.3243983163833618,0.300497442483902,0.699866542339325,0.8444494009017944
149,2,utilitarian,canonical,73728,main,data/simulation_output/thesis_final_runs_v1/design_0149/rule_utilitarian/seed_73728/run_0,puzzle,60.192,42.748,24.548,0.32,55.607142857142854,53.0,0.03706827309236948,52.0,52.0,0.005220883534136547,125660925195703.98,373987696190220.2,3555157568651264.0,28.142857142857142,27.0,0.025783132530120483,0.32142857142857145,0.25,0.28815261044176704,0.3080903526544571,0.27423274517059326,0.7178495024442673,0.6771856546401978
149,2,utilitarian,canonical,74144,main,data/simulation_output/thesis_final_runs_v1/design_0149/rule_utilitarian/seed_74144/run_0,puzzle,65.508,41.68,25.708,0.297,59.833333333333336,57.0,0.038714859437751006,47.0,47.0,0.0036947791164658635,1.6649303988652254e+16,4.955100572870558e+16,5.1252549117804544e+17,26.416666666666668,27.0,0.01963855421686747,0.27380952380952384,0.25,0.22991967871485944,0.320911963224411,0.3098081946372986,0.6959514490365982,0.6575750708580017
149,2,utilitarian,canonical,74671,main,data/simulation_output/thesis_final_runs_v1/design_0149/rule_utilitarian/seed_74671/run_0,puzzle,62.904,30.784,23.288,0.439,64.94047619047619,62.0,0.04759036144578313,48.76190476190476,49.0,0.012530120481927712,6206066187.525031,18458157981.904762,99582107648.0,24.44047619047619,27.0,0.019718875502008033,0.4732142857142857,0.25,0.3293172690763052,0.3286949689388275,0.293511301279068,0.7106937575340271,0.6950708627700806
149,2,utilitarian,canonical,75796,main,data/simulation_output/thesis_final_runs_v1/design_0149/rule_utilitarian/seed_75796/run_0,puzzle,56.788,52.296,23.544,0.278,53.595238095238095,55.0,0.03710843373493976,61.07142857142857,61.0,0.004939759036144578,52838926505153.43,157235097320496.75,494598468141056.0,24.25,18.0,0.0142570281124498,0.31845238095238093,0.75,0.22690763052208834,0.29419455111026765,0.3357771039009094,0.7400332262516022,0.7004871368408203
149,2,utilitarian,canonical,76462,main,data/simulation_output/thesis_final_runs_v1/design_0149/rule_utilitarian/seed_76462/run_0,puzzle,67.636,42.82,22.288,0.233,70.35714285714286,75.0,0.0432128514056225,49.20238095238095,56.0,0.012931726907630524,4721968856759.065,14051981495820.191,169664327974912.0,24.678571428571427,25.0,0.011726907630522088,0.14583333333333334,0.0,0.20281124497991967,0.3395074450969696,0.3276403546333313,0.7068310858011245,0.8230655193328857
149,2,utilitarian,canonical,76631,main,data/simulation_output/thesis_final_runs_v1/design_0149/rule_utilitarian/seed_76631/run_0,puzzle,67.072,36.692,25.348,0.314,67.75,65.0,0.042008032128514054,45.0,45.0,0.005381526104417671,49293923575415.56,146706948061415.62,2143919362015232.0,28.535714285714285,36.0,0.02140562248995984,0.30357142857142855,0.0,0.2781124497991968,0.3149436010122299,0.2868286669254303,0.7073354380130767,0.7386616468429565
149,2,utilitarian,canonical,76636,main,data/simulation_output/thesis_final_runs_v1/design_0149/rule_utilitarian/seed_76636/run_0,puzzle,72.62,36.78,24.436,0.39,72.1547619047619,70.0,0.04024096385542169,41.0,41.0,0.0024899598393574294,27092177558.523773,80163067602.28572,617930948608.0,26.047619047619047,33.0,0.026706827309236948,0.36607142857142855,0.0,0.3253012048192771,0.30452378737926483,0.2693498134613037,0.7094158424139023,0.521045982837677
149,2,utilitarian,canonical,76875,main,data/simulation_output/thesis_final_runs_v1/design_0149/rule_utilitarian/seed_76875/run_0,puzzle,60.74,49.132,24.344,0.326,58.04761904761905,58.0,0.05096385542168675,60.523809523809526,61.0,0.005582329317269076,11111437228.685287,32965248085.333332,297014427648.0,24.273809523809526,26.0,0.016144578313253014,0.35714285714285715,0.0,0.3313253012048193,0.3221964679956436,0.2919566333293915,0.7099457273483276,0.6157562136650085
149,2,utilitarian,canonical,77410,main,data/simulation_output/thesis_final_runs_v1/design_0149/rule_utilitarian/seed_77410/run_0,puzzle,73.308,44.384,26.532,0.331,72.75,70.0,0.03755020080321285,48.0,48.0,0.0020481927710843373,685651323364066.0,2040604284512938.8,1.8065401246121984e+16,27.404761904761905,22.0,0.026666666666666665,0.28869047619047616,0.0,0.2570281124497992,0.3002145627737045,0.3328477740287781,0.7341489158868789,0.7254747748374939
149,2,utilitarian,canonical,77667,main,data/simulation_output/thesis_final_runs_v1/design_0149/rule_utilitarian/seed_77667/run_0,puzzle,59.272,41.708,21.852,0.255,59.07142857142857,62.0,0.04642570281124498,63.285714285714285,66.0,0.009839357429718875,1579276699129.9749,4699893102183.619,25362236964864.0,23.571428571428573,21.0,0.016706827309236946,0.28273809523809523,1.0,0.24497991967871485,0.34708314990997313,0.35314348340034485,0.7068758426904679,0.6943700313568115
149,2,utilitarian,canonical,79086,main,data/simulation_output/thesis_final_runs_v1/design_0149/rule_utilitarian/seed_79086/run_0,puzzle,66.18,43.788,22.168,0.314,65.92857142857143,65.0,0.04285140562248996,52.785714285714285,53.0,0.002891566265060241,129635435023898.5,385807608077409.5,3253339479343104.0,23.095238095238095,21.0,0.015502008032128513,0.2976190476190476,0.0,0.24899598393574296,0.2676554871797562,0.29951661825180054,0.7223586421012879,0.7313331365585327
149,2,utilitarian,canonical,79234,main,data/simulation_output/thesis_final_runs_v1/design_0149/rule_utilitarian/seed_79234/run_0,puzzle,58.744,45.016,22.968,0.371,55.38095238095238,55.0,0.041526104417670684,52.51190476190476,57.0,0.007228915662650603,286110293090.1126,851359345464.381,3094888316928.0,23.36904761904762,21.0,0.02357429718875502,0.3541666666666667,0.75,0.2821285140562249,0.3042245197892189,0.27629438042640686,0.7255306997299195,0.6890305876731873
149,2,utilitarian,canonical,79264,main,data/simulation_output/thesis_final_runs_v1/design_0149/rule_utilitarian/seed_79264/run_0,puzzle,66.324,42.776,23.544,0.315,65.27380952380952,63.0,0.046987951807228916,49.79761904761905,50.0,0.003493975903614458,979205785046.5796,2897644111286.857,27526632046592.0,24.452380952380953,34.0,0.019518072289156627,0.3869047619047619,0.0,0.24096385542168675,0.2730695440769196,0.2421255260705948,0.7262711584568023,0.8589402437210083
149,2,utilitarian,canonical,79516,main,data/simulation_output/thesis_final_runs_v1/design_0149/rule_utilitarian/seed_79516/run_0,puzzle,80.98,24.232,23.896,0.314,81.27380952380952,81.0,0.032369477911646585,26.0,26.0,0.0010843373493975904,831295335234366.9,2473778166285068.0,2.0162030333853696e+16,23.523809523809526,19.0,0.024056224899598397,0.3005952380952381,0.25,0.25301204819277107,0.23979019951820374,0.3277927041053772,0.698524253487587,0.5835346579551697
149,2,utilitarian,canonical,79715,main,data/simulation_output/thesis_final_runs_v1/design_0149/rule_utilitarian/seed_79715/run_0,puzzle,68.728,40.292,25.476,0.354,68.26190476190476,66.0,0.038835341365461844,47.0,47.0,0.0036947791164658635,11830464987256.486,35206482565217.52,165259537022976.0,27.69047619047619,26.0,0.01775100401606426,0.4017857142857143,0.5,0.27309236947791166,0.3256298656463623,0.30846115946769714,0.685926873922348,0.7837483286857605
149,2,utilitarian,canonical,79802,main,data/simulation_output/thesis_final_runs_v1/design_0149/rule_utilitarian/seed_79802/run_0,puzzle,52.788,46.28,24.268,0.326,50.023809523809526,54.0,0.042008032128514054,48.726190476190474,50.0,0.0065863453815261045,171338565488072.06,508700314292028.94,3841861399609344.0,24.273809523809526,26.0,0.017309236947791164,0.4494047619047619,0.5,0.2600401606425703,0.30556662124395373,0.3374507427215576,0.7084348177909852,0.652168333530426
149,2,utilitarian,canonical,80130,main,data/simulation_output/thesis_final_runs_v1/design_0149/rule_utilitarian/seed_80130/run_0,puzzle,62.584,53.9,25.66,0.302,55.79761904761905,49.0,0.04546184738955823,58.0,58.0,0.00321285140562249,127929891833820.03,380738686720048.75,1699669285535744.0,25.964285714285715,19.0,0.016867469879518072,0.24107142857142858,0.0,0.25903614457831325,0.31651992750167846,0.33487802743911743,0.7192182083129883,0.6152629852294922
149,2,utilitarian,canonical,80295,main,data/simulation_output/thesis_final_runs_v1/design_0149/rule_utilitarian/seed_80295/run_0,puzzle,64.092,52.132,24.268,0.277,63.44047619047619,63.0,0.03867469879518073,67.36904761904762,69.0,0.006345381526104418,32645732632693.953,97132892044629.33,972740030889984.0,24.714285714285715,25.0,0.014859437751004017,0.2708333333333333,0.0,0.21184738955823293,0.3043717310428619,0.30358025431632996,0.7430699298381805,0.6225723028182983
149,2,utilitarian,canonical,80424,main,data/simulation_output/thesis_final_runs_v1/design_0149/rule_utilitarian/seed_80424/run_0,puzzle,55.012,58.42,24.672,0.309,51.5,47.0,0.04028112449799197,63.392857142857146,64.0,0.0027710843373493976,221054558060748.28,657895864280161.5,8345454316093440.0,25.19047619047619,20.0,0.020160642570281127,0.22321428571428573,0.5,0.26305220883534136,0.2892285658121109,0.26211923360824585,0.7256265413761139,0.6877887845039368
149,2,utilitarian,canonical,81123,main,data/simulation_output/thesis_final_runs_v1/design_0149/rule_utilitarian/seed_81123/run_0,puzzle,54.796,53.108,22.416,0.256,47.535714285714285,44.0,0.043092369477911646,62.23809523809524,59.0,0.007751004016064256,926484571611.3789,2748084269446.095,20398527741952.0,24.083333333333332,27.0,0.014859437751004017,0.31547619047619047,0.5,0.22991967871485944,0.3262434586286545,0.3270687758922577,0.7314093084335327,0.6968895196914673
149,2,utilitarian,canonical,81190,main,data/simulation_output/thesis_final_runs_v1/design_0149/rule_utilitarian/seed_81190/run_0,puzzle,65.328,42.764,20.388,0.241,67.71428571428571,76.0,0.05305220883534137,52.845238095238095,54.0,0.009799196787148594,5916998612316.188,17605013800667.43,178218208329728.0,21.666666666666668,23.0,0.02248995983935743,0.22916666666666666,0.25,0.2248995983935743,0.3075269728899002,0.33077487349510193,0.7172260973453521,0.7843535542488098
149,2,utilitarian,canonical,81312,main,data/simulation_output/thesis_final_runs_v1/design_0149/rule_utilitarian/seed_81312/run_0,puzzle,63.94,41.316,24.968,0.376,62.392857142857146,63.0,0.041325301204819274,48.45238095238095,38.0,0.00714859437751004,75810983756.37215,225488009929.90475,1547005984768.0,25.44047619047619,23.0,0.017710843373493976,0.35119047619047616,0.25,0.24799196787148595,0.30241312479972837,0.35576456785202026,0.7298592438697815,0.6736533045768738
149,2,utilitarian,canonical,82070,main,data/simulation_output/thesis_final_runs_v1/design_0149/rule_utilitarian/seed_82070/run_0,puzzle,84.008,15.648,26.436,0.305,87.30952380952381,88.0,0.025903614457831323,17.0,17.0,0.0006425702811244979,99641112139940.48,296523171230768.75,3845123427270656.0,27.261904761904763,30.0,0.030080321285140564,0.25,0.5,0.26305220883534136,0.2361897365450859,0.21741117537021637,0.6799809262752533,0.7661065459251404
149,2,utilitarian,canonical,82168,main,data/simulation_output/thesis_final_runs_v1/design_0149/rule_utilitarian/seed_82168/run_0,puzzle,77.988,27.076,27.82,0.293,78.82142857142857,79.0,0.022610441767068275,28.55952380952381,29.0,0.0013654618473895584,9541849539544846.0,2.839708594872866e+16,3.147797336718049e+17,26.94047619047619,28.0,0.030843373493975906,0.2976190476190476,0.5,0.21887550200803213,0.25233980667591094,0.2554543614387512,0.6956801759004593,0.736272394657135
149,2,utilitarian,canonical,82292,main,data/simulation_output/thesis_final_runs_v1/design_0149/rule_utilitarian/seed_82292/run_0,puzzle,75.864,40.864,25.868,0.238,81.46428571428571,86.0,0.03783132530120482,48.88095238095238,25.0,0.009036144578313253,703826352132487.5,2093942661510095.2,1.4664669763469312e+16,28.238095238095237,33.0,0.015582329317269076,0.2708333333333333,0.25,0.20381526104417672,0.26245317357778547,0.2520989775657654,0.7101508748531341,0.6949785351753235
149,2,utilitarian,canonical,82404,main,data/simulation_output/thesis_final_runs_v1/design_0149/rule_utilitarian/seed_82404/run_0,puzzle,68.484,46.656,21.56,0.357,70.36904761904762,73.0,0.05437751004016064,54.32142857142857,55.0,0.004096385542168675,52557589427.34678,156315172363.42856,1556911620096.0,21.05952380952381,18.0,0.019518072289156627,0.30952380952380953,0.25,0.27309236947791166,0.2749636687040329,0.24699166417121887,0.7334586474895477,0.6194540858268738
149,2,utilitarian,canonical,82986,main,data/simulation_output/thesis_final_runs_v1/design_0149/rule_utilitarian/seed_82986/run_0,puzzle,84.388,27.056,24.608,0.354,90.1547619047619,92.0,0.035060240963855425,31.63095238095238,32.0,0.011686746987951808,1413514803838617.5,4206790442670957.5,2.817800267628544e+16,24.38095238095238,26.0,0.011285140562248996,0.35119047619047616,0.0,0.18775100401606426,0.27346746319532395,0.2451677918434143,0.721771595954895,0.5333304405212402
149,2,utilitarian,canonical,83099,main,data/simulation_output/thesis_final_runs_v1/design_0149/rule_utilitarian/seed_83099/run_0,puzzle,63.004,57.048,22.616,0.266,59.773809523809526,61.0,0.04373493975903615,63.80952380952381,64.0,0.003172690763052209,5539110767370.227,16481413083087.238,185826138914816.0,22.642857142857142,32.0,0.017710843373493976,0.27380952380952384,0.5,0.2710843373493976,0.29783629965782166,0.2871873378753662,0.7066182758808136,0.6845270395278931
149,2,utilitarian,canonical,85860,main,data/simulation_output/thesis_final_runs_v1/design_0149/rule_utilitarian/seed_85860/run_0,puzzle,74.508,48.496,25.592,0.344,75.8452380952381,72.0,0.03654618473895582,51.714285714285715,31.0,0.00927710843373494,114214099481.02693,333036428775.619,2565316280320.0,24.226190476190474,28.0,0.017228915662650602,0.39880952380952384,0.0,0.24899598393574296,0.2903226557970047,0.27412429451942444,0.7364294495582581,0.7617300152778625
149,2,utilitarian,canonical,86194,main,data/simulation_output/thesis_final_runs_v1/design_0149/rule_utilitarian/seed_86194/run_0,puzzle,77.596,36.812,23.74,0.294,81.07142857142857,82.0,0.03128514056224899,40.0,40.0,0.0018072289156626507,4027090047691.46,11980666216106.666,138904434900992.0,21.55952380952381,27.0,0.024779116465863456,0.28869047619047616,0.5,0.25502008032128515,0.2872350028157234,0.26833653450012207,0.688405569076538,0.7867631912231445
149,2,utilitarian,canonical,86474,main,data/simulation_output/thesis_final_runs_v1/design_0149/rule_utilitarian/seed_86474/run_0,puzzle,71.316,40.272,22.844,0.26,72.67857142857143,66.0,0.04345381526104417,45.51190476190476,57.0,0.010963855421686748,4183055915140.1943,12446741338672.762,59222867836928.0,23.80952380952381,16.0,0.011847389558232932,0.25297619047619047,0.0,0.23293172690763053,0.3219455682039261,0.414752721786499,0.7030106863975525,0.5846157073974609
149,2,utilitarian,canonical,87521,main,data/simulation_output/thesis_final_runs_v1/design_0149/rule_utilitarian/seed_87521/run_0,puzzle,69.812,47.56,26.784,0.323,69.58333333333333,70.0,0.026305220883534135,63.095238095238095,63.0,0.005783132530120482,9374538228193672.0,2.790013862313672e+16,3.207912447771935e+17,26.05952380952381,26.0,0.019156626506024097,0.2976190476190476,0.5,0.21686746987951808,0.2895413440465927,0.28029268980026245,0.7185623576641083,0.5939694046974182
149,2,utilitarian,canonical,88242,main,data/simulation_output/thesis_final_runs_v1/design_0149/rule_utilitarian/seed_88242/run_0,puzzle,72.896,31.72,26.364,0.222,78.79761904761905,81.0,0.0429718875502008,39.94047619047619,53.0,0.014578313253012048,20911337901051.39,62226565717430.86,469634474049536.0,28.178571428571427,29.0,0.01393574297188755,0.2619047619047619,0.0,0.21686746987951808,0.3068719424009323,0.29806119203567505,0.7206191017627716,0.702004075050354
149,2,utilitarian,canonical,88324,main,data/simulation_output/thesis_final_runs_v1/design_0149/rule_utilitarian/seed_88324/run_0,puzzle,74.736,39.268,21.892,0.325,76.04761904761905,78.0,0.043775100401606426,57.26190476190476,57.0,0.011204819277108433,2940582480423.226,8747764261814.857,61916592472064.0,22.797619047619047,22.0,0.015180722891566266,0.33035714285714285,0.0,0.23493975903614459,0.3218748509883881,0.3009864389896393,0.7036518136262894,0.598369836807251
149,2,utilitarian,canonical,88856,main,data/simulation_output/thesis_final_runs_v1/design_0149/rule_utilitarian/seed_88856/run_0,puzzle,73.748,34.348,27.756,0.31,69.38095238095238,66.0,0.03196787148594377,36.0,36.0,0.0014056224899598394,1349838539404394.0,4017122999090420.0,3.868486921931981e+16,29.0,31.0,0.027269076305220886,0.2648809523809524,0.75,0.25502008032128515,0.28247629714012146,0.2505236864089966,0.711537935256958,0.8436051607131958
149,2,utilitarian,canonical,89337,main,data/simulation_output/thesis_final_runs_v1/design_0149/rule_utilitarian/seed_89337/run_0,puzzle,63.92,42.092,24.084,0.381,60.86904761904762,58.0,0.03204819277108434,44.654761904761905,45.0,0.0020481927710843373,20820731615.509144,61242155422.47619,247258791936.0,23.416666666666668,17.0,0.036706827309236946,0.3958333333333333,0.75,0.33232931726907633,0.3259168614149094,0.3219144642353058,0.7014240732192993,0.6870338916778564
149,2,utilitarian,canonical,90419,main,data/simulation_output/thesis_final_runs_v1/design_0149/rule_utilitarian/seed_90419/run_0,puzzle,70.868,33.808,23.268,0.329,75.58333333333333,72.0,0.04883534136546185,39.70238095238095,34.0,0.008273092369477911,2165366337310.3467,6444362781504.0,47410780831744.0,24.797619047619047,22.0,0.014497991967871486,0.2857142857142857,0.5,0.23795180722891565,0.26915655672550204,0.28773635625839233,0.7241933534145355,0.7652184963226318
149,2,utilitarian,canonical,90948,main,data/simulation_output/thesis_final_runs_v1/design_0149/rule_utilitarian/seed_90948/run_0,puzzle,59.72,52.076,23.132,0.401,55.666666666666664,54.0,0.049076305220883534,64.55952380952381,65.0,0.006345381526104418,46779151750.64264,139059967719.61905,1509161172992.0,23.75,21.0,0.020441767068273095,0.37797619047619047,0.0,0.26305220883534136,0.3104033088684082,0.30299097299575806,0.7330299640893936,0.6456906795501709
149,2,utilitarian,canonical,91449,main,data/simulation_output/thesis_final_runs_v1/design_0149/rule_utilitarian/seed_91449/run_0,puzzle,72.944,35.228,23.14,0.325,75.14285714285714,74.0,0.04457831325301205,44.0,44.0,0.0050200803212851405,933547841399.5057,2775693663524.5713,14445419954176.0,23.035714285714285,24.0,0.02180722891566265,0.3601190476190476,0.5,0.26907630522088355,0.28321940767765047,0.2911563813686371,0.7068101979494095,0.7272202968597412
149,2,utilitarian,canonical,91734,main,data/simulation_output/thesis_final_runs_v1/design_0149/rule_utilitarian/seed_91734/run_0,puzzle,78.016,29.1,26.424,0.332,79.70238095238095,79.0,0.035140562248995984,32.0,32.0,0.0025301204819277107,5732773016819.798,16921688893732.572,124800743768064.0,26.178571428571427,32.0,0.023855421686746987,0.4166666666666667,0.5,0.3192771084337349,0.29408351343870165,0.2563900053501129,0.6797621545791626,0.684171736240387
149,2,utilitarian,canonical,92005,main,data/simulation_output/thesis_final_runs_v1/design_0149/rule_utilitarian/seed_92005/run_0,puzzle,64.668,49.62,24.716,0.291,63.416666666666664,64.0,0.03196787148594377,55.30952380952381,55.0,0.003172690763052209,25665790211313.84,76334225941845.33,1159263078580224.0,24.05952380952381,34.0,0.019397590361445782,0.30952380952380953,0.25,0.26706827309236947,0.2883148732185364,0.264947772026062,0.7096671979427338,0.7327160835266113
149,2,utilitarian,canonical,92453,main,data/simulation_output/thesis_final_runs_v1/design_0149/rule_utilitarian/seed_92453/run_0,puzzle,69.544,45.076,24.72,0.312,70.42857142857143,71.0,0.037630522088353414,53.666666666666664,53.0,0.0059437751004016055,1072323528389.4199,3190869244745.143,13673366028288.0,26.321428571428573,19.0,0.01497991967871486,0.32142857142857145,0.5,0.26706827309236947,0.2994731965065002,0.313987135887146,0.7107645474672317,0.6174364686012268
149,2,utilitarian,canonical,92463,main,data/simulation_output/thesis_final_runs_v1/design_0149/rule_utilitarian/seed_92463/run_0,puzzle,78.136,41.244,26.32,0.334,82.10714285714286,82.0,0.02783132530120482,54.273809523809526,56.0,0.005060240963855421,348513409292452.06,1037237247856835.0,1.3250900747354112e+16,29.714285714285715,34.0,0.02642570281124498,0.24702380952380953,0.5,0.25,0.2648071845769882,0.22222581505775452,0.7360336654186249,0.6697342395782471
149,2,utilitarian,canonical,92472,main,data/simulation_output/thesis_final_runs_v1/design_0149/rule_utilitarian/seed_92472/run_0,puzzle,71.948,38.752,21.752,0.276,72.79761904761905,73.0,0.042891566265060244,47.726190476190474,49.0,0.005140562248995983,8469147635445.438,25046101310707.81,157871639625728.0,19.535714285714285,27.0,0.024538152610441767,0.3333333333333333,0.0,0.26907630522088355,0.29603403770923614,0.30949920415878296,0.7001230027675629,0.6936032772064209
149,2,utilitarian,canonical,93235,main,data/simulation_output/thesis_final_runs_v1/design_0149/rule_utilitarian/seed_93235/run_0,puzzle,63.288,46.06,20.888,0.271,59.095238095238095,54.0,0.050843373493975906,57.416666666666664,58.0,0.010682730923694778,17502072841.98531,51985523481.90476,237463912448.0,20.94047619047619,19.0,0.018714859437751002,0.34523809523809523,0.5,0.23694779116465864,0.35198681569099427,0.3418503701686859,0.6944720636606216,0.6074275970458984
149,2,utilitarian,canonical,94073,main,data/simulation_output/thesis_final_runs_v1/design_0149/rule_utilitarian/seed_94073/run_0,puzzle,66.076,52.42,26.004,0.299,64.58333333333333,65.0,0.03293172690763052,59.035714285714285,60.0,0.003493975903614458,307996334795767.0,916565875369106.2,3852558284095488.0,28.30952380952381,19.0,0.020441767068273095,0.3630952380952381,0.75,0.2821285140562249,0.3430340982675552,0.3581170439720154,0.6992280349731446,0.6494253873825073
149,2,utilitarian,canonical,94738,main,data/simulation_output/thesis_final_runs_v1/design_0149/rule_utilitarian/seed_94738/run_0,puzzle,61.96,45.296,24.032,0.366,56.17857142857143,53.0,0.040803212851405625,51.5,51.0,0.003132530120481928,1901827278365.9802,5659720333982.477,74700797509632.0,25.86904761904762,29.0,0.011606425702811245,0.4017857142857143,0.5,0.2680722891566265,0.30646850061416625,0.29551637172698975,0.7200434668064117,0.744893491268158
149,2,utilitarian,canonical,95664,main,data/simulation_output/thesis_final_runs_v1/design_0149/rule_utilitarian/seed_95664/run_0,puzzle,65.776,46.32,23.24,0.364,61.666666666666664,60.0,0.046345381526104415,54.0,54.0,0.005542168674698795,112339838269.8236,334253625579.4286,1975142973440.0,24.55952380952381,22.0,0.020441767068273095,0.3273809523809524,0.25,0.32228915662650603,0.33365430772304533,0.3289588689804077,0.7041443753242492,0.6331026554107666
149,2,utilitarian,canonical,96659,main,data/simulation_output/thesis_final_runs_v1/design_0149/rule_utilitarian/seed_96659/run_0,puzzle,58.748,50.872,22.972,0.331,55.19047619047619,55.0,0.04871485943775101,58.785714285714285,59.0,0.003333333333333333,3142086345523.114,9349726731160.38,129588801830912.0,22.94047619047619,28.0,0.015783132530120484,0.2976190476190476,0.25,0.2761044176706827,0.27121430993080137,0.2232639491558075,0.7281783881187439,0.6997019052505493
149,2,utilitarian,canonical,97030,main,data/simulation_output/thesis_final_runs_v1/design_0149/rule_utilitarian/seed_97030/run_0,puzzle,58.528,54.388,26.776,0.245,52.42857142857143,50.0,0.039678714859437754,62.0,62.0,0.004297188755020081,2.859877929876524e+16,8.510898337850202e+16,8.142569424059105e+17,24.571428571428573,26.0,0.016144578313253014,0.31547619047619047,0.25,0.20180722891566266,0.3254887657165527,0.353903204202652,0.6963127429485321,0.6483157873153687
149,2,utilitarian,canonical,98303,main,data/simulation_output/thesis_final_runs_v1/design_0149/rule_utilitarian/seed_98303/run_0,puzzle,66.044,40.96,23.288,0.358,62.01190476190476,64.0,0.039518072289156624,45.0,45.0,0.0018875502008032128,28642836857.88503,83461631475.80952,429539655680.0,23.011904761904763,31.0,0.02160642570281125,0.4375,0.0,0.32630522088353414,0.27391249388456346,0.22804303467273712,0.6838970183134079,0.7821006178855896
149,2,utilitarian,canonical,98366,main,data/simulation_output/thesis_final_runs_v1/design_0149/rule_utilitarian/seed_98366/run_0,puzzle,60.556,41.356,22.844,0.328,58.345238095238095,57.0,0.044056224899598394,50.583333333333336,64.0,0.00823293172690763,20292642764.40966,59992998095.2381,513558708224.0,23.821428571428573,31.0,0.017108433734939758,0.35119047619047616,0.0,0.26907630522088355,0.32998703682422637,0.31311503052711487,0.7148751089572907,0.614054262638092
149,2,utilitarian,canonical,99085,main,data/simulation_output/thesis_final_runs_v1/design_0149/rule_utilitarian/seed_99085/run_0,puzzle,72.136,38.9,23.7,0.306,70.07142857142857,66.0,0.03975903614457831,45.92857142857143,46.0,0.004457831325301205,2765822572823.0615,8231206695225.904,113695409569792.0,27.035714285714285,38.0,0.020401606425702812,0.27976190476190477,0.25,0.2700803212851406,0.32050095856189725,0.292208194732666,0.6929680247306824,0.8047618865966797
149,2,utilitarian,canonical,99163,main,data/simulation_output/thesis_final_runs_v1/design_0149/rule_utilitarian/seed_99163/run_0,puzzle,64.376,42.924,23.072,0.237,58.98809523809524,56.0,0.048112449799196794,70.33333333333333,72.0,0.0121285140562249,9450094054926.953,28124601504768.0,145911665655808.0,24.226190476190474,21.0,0.01321285140562249,0.24107142857142858,0.75,0.2178714859437751,0.3441824643611908,0.3234849274158478,0.7014028165340424,0.8241586685180664
149,2,utilitarian,canonical,99173,main,data/simulation_output/thesis_final_runs_v1/design_0149/rule_utilitarian/seed_99173/run_0,puzzle,73.34,35.056,22.496,0.302,75.92857142857143,71.0,0.03682730923694779,42.607142857142854,43.0,0.002811244979919679,25218091554949.156,74919378688097.53,536015341092864.0,21.11904761904762,23.0,0.02,0.3273809523809524,0.0,0.2781124497991968,0.2828423345088959,0.2980928122997284,0.703667724609375,0.7078714370727539
149,3,borda,canonical,10246,main,data/simulation_output/thesis_final_runs_v1/design_0149/rule_borda/seed_10246/run_0,puzzle,83.672,19.776,24.744,0.275,87.57142857142857,86.0,0.03152610441767068,22.0,22.0,0.0014859437751004014,4931449917633114.0,1.4675560729623796e+16,1.5907223988548403e+17,25.047619047619047,26.0,0.018032128514056226,0.3601190476190476,0.5,0.1827309236947791,0.25001012068986894,0.2715904116630554,0.6842165166139602,0.7221023440361023
149,3,borda,canonical,10393,main,data/simulation_output/thesis_final_runs_v1/design_0149/rule_borda/seed_10393/run_0,puzzle,62.688,51.6,20.052,0.233,54.595238095238095,50.0,0.039236947791164656,59.0,59.0,0.005542168674698795,33597236432562.477,99980684596175.23,1089632800342016.0,20.726190476190474,27.0,0.016867469879518072,0.25297619047619047,0.25,0.19779116465863453,0.3484915084838867,0.35967645049095154,0.6937975649833679,0.6239587068557739
149,3,borda,canonical,10588,main,data/simulation_output/thesis_final_runs_v1/design_0149/rule_borda/seed_10588/run_0,puzzle,59.792,44.884,23.608,0.328,60.773809523809526,61.0,0.04088353413654619,49.92857142857143,57.0,0.007791164658634538,55291065045690.766,164441325740422.1,1924891867611136.0,23.535714285714285,31.0,0.013775100401606425,0.37797619047619047,0.5,0.1827309236947791,0.33375814402103426,0.32451876997947693,0.7026785340309143,0.8159281015396118
149,3,borda,canonical,11176,main,data/simulation_output/thesis_final_runs_v1/design_0149/rule_borda/seed_11176/run_0,puzzle,45.848,62.452,23.168,0.248,37.357142857142854,37.0,0.045622489959839356,72.22619047619048,72.0,0.0037349397590361443,327360066407162.8,974264992466846.5,4160633872318464.0,23.285714285714285,20.0,0.01144578313253012,0.2857142857142857,0.75,0.19578313253012047,0.31211466574668884,0.30609196424484253,0.7097474932670593,0.688630223274231
149,3,borda,canonical,11311,main,data/simulation_output/thesis_final_runs_v1/design_0149/rule_borda/seed_11311/run_0,puzzle,65.572,44.3,24.332,0.289,60.476190476190474,61.0,0.04867469879518072,46.29761904761905,42.0,0.006987951807228916,1196924929343850.5,3562000527105658.0,1.4250924826427392e+16,26.13095238095238,21.0,0.01321285140562249,0.3125,1.0,0.1927710843373494,0.29820171213150026,0.33134981989860535,0.7162845594882965,0.6399556994438171
149,3,borda,canonical,11408,main,data/simulation_output/thesis_final_runs_v1/design_0149/rule_borda/seed_11408/run_0,puzzle,65.252,38.072,24.824,0.31,64.61904761904762,68.0,0.041124497991967865,42.44047619047619,43.0,0.002811244979919679,567935353476925.9,1690159148675267.0,1.4056038537887744e+16,24.821428571428573,22.0,0.016706827309236946,0.2976190476190476,0.5,0.21485943775100402,0.2891617475748062,0.34042593836784363,0.7116379665136338,0.8025012016296387
149,3,borda,canonical,11660,main,data/simulation_output/thesis_final_runs_v1/design_0149/rule_borda/seed_11660/run_0,puzzle,66.132,51.412,21.48,0.281,66.01190476190476,64.0,0.041485943775100405,63.38095238095238,63.0,0.004979919678714859,16493444381216.787,49063976830683.43,242766181302272.0,22.083333333333332,17.0,0.019397590361445782,0.39880952380952384,0.5,0.19176706827309237,0.3311082240343094,0.34923940896987915,0.7107185208797455,0.7270874381065369
149,3,borda,canonical,12392,main,data/simulation_output/thesis_final_runs_v1/design_0149/rule_borda/seed_12392/run_0,puzzle,63.916,39.484,23.732,0.384,64.1547619047619,65.0,0.04546184738955823,48.69047619047619,46.0,0.006666666666666666,16175900594.587978,48012460162.28571,460461408256.0,24.94047619047619,22.0,0.016947791164658634,0.35119047619047616,0.5,0.2560240963855422,0.31392615020275116,0.2893793284893036,0.7496226205825806,0.6254873871803284
149,3,borda,canonical,12494,main,data/simulation_output/thesis_final_runs_v1/design_0149/rule_borda/seed_12494/run_0,puzzle,83.068,22.472,24.812,0.287,86.64285714285714,86.0,0.03594377510040161,27.845238095238095,28.0,0.0021285140562248995,1.4432753554398388e+16,4.295443388768178e+16,4.217347272637153e+17,26.452380952380953,18.0,0.016265060240963854,0.22321428571428573,0.25,0.17771084337349397,0.28007060223817826,0.3287619650363922,0.6895890145301818,0.6132526397705078
149,3,borda,canonical,12536,main,data/simulation_output/thesis_final_runs_v1/design_0149/rule_borda/seed_12536/run_0,puzzle,56.62,44.484,25.364,0.304,49.595238095238095,50.0,0.052048192771084335,64.33333333333333,65.0,0.007911646586345382,50072364733973.17,149023987055847.62,1733437257940992.0,27.321428571428573,32.0,0.018514056224899596,0.1875,0.25,0.21686746987951808,0.2840211302638054,0.2845795750617981,0.7144592127799988,0.6157633066177368
149,3,borda,canonical,14271,main,data/simulation_output/thesis_final_runs_v1/design_0149/rule_borda/seed_14271/run_0,puzzle,70.244,40.652,21.768,0.255,70.80952380952381,72.0,0.04598393574297189,58.04761904761905,62.0,0.008273092369477911,25323146362767.402,75361808451291.42,928169477537792.0,21.071428571428573,26.0,0.013453815261044177,0.20833333333333334,0.25,0.17369477911646586,0.32663242626190186,0.36665108799934387,0.6967460057735443,0.6950259804725647
149,3,borda,canonical,14879,main,data/simulation_output/thesis_final_runs_v1/design_0149/rule_borda/seed_14879/run_0,puzzle,75.696,35.22,24.44,0.389,76.91666666666667,75.0,0.04048192771084337,40.0,40.0,0.002088353413654618,3236920369800.783,9595659042425.904,109639400161280.0,24.571428571428573,31.0,0.01248995983935743,0.4375,0.0,0.1897590361445783,0.29421860003471373,0.24758565425872803,0.7027848618030548,0.7294617891311646
149,3,borda,canonical,14942,main,data/simulation_output/thesis_final_runs_v1/design_0149/rule_borda/seed_14942/run_0,puzzle,61.964,17.54,23.416,0.397,64.07142857142857,61.0,0.05257028112449799,23.761904761904763,17.0,0.00642570281124498,51385563357653.53,152688930845647.25,622726167396352.0,23.452380952380953,22.0,0.016144578313253014,0.4494047619047619,0.25,0.19678714859437751,0.26482549571990965,0.2411428838968277,0.7090948649644851,0.7498530149459839
149,3,borda,canonical,17514,main,data/simulation_output/thesis_final_runs_v1/design_0149/rule_borda/seed_17514/run_0,puzzle,51.228,38.288,18.904,0.3,41.76190476190476,35.0,0.05036144578313253,50.17857142857143,68.0,0.009236947791164659,502609339283.0194,1495576205977.9048,10758876299264.0,21.761904761904763,17.0,0.01714859437751004,0.30357142857142855,0.25,0.22991967871485944,0.314914883852005,0.29439395666122437,0.7288560261726379,0.6904299855232239
149,3,borda,canonical,18594,main,data/simulation_output/thesis_final_runs_v1/design_0149/rule_borda/seed_18594/run_0,puzzle,61.496,48.004,22.088,0.262,58.38095238095238,58.0,0.03220883534136546,56.166666666666664,57.0,0.0037349397590361443,5404697363919826.0,1.6084757491701078e+16,1.6913357873348608e+17,22.678571428571427,31.0,0.016184738955823293,0.2708333333333333,0.0,0.16566265060240964,0.32192454946041105,0.29619696736335754,0.6850775980949402,0.6137923002243042
149,3,borda,canonical,18641,main,data/simulation_output/thesis_final_runs_v1/design_0149/rule_borda/seed_18641/run_0,puzzle,70.284,31.16,22.228,0.316,70.53571428571429,68.0,0.041807228915662645,39.476190476190474,38.0,0.0050200803212851405,32447494082738.203,96476504382317.72,911680628326400.0,21.13095238095238,24.0,0.008755020080321285,0.32142857142857145,0.0,0.20281124497991967,0.27215997022390365,0.2647370994091034,0.70955117893219,0.6994078159332275
149,3,borda,canonical,19530,main,data/simulation_output/thesis_final_runs_v1/design_0149/rule_borda/seed_19530/run_0,puzzle,70.352,37.916,24.644,0.311,74.11904761904762,77.0,0.04052208835341365,41.04761904761905,33.0,0.005060240963855421,7784235486641.225,23163832528384.0,189810140512256.0,26.607142857142858,19.0,0.014779116465863454,0.27976190476190477,0.5,0.1827309236947791,0.3230026869773865,0.31769439578056335,0.7028010261058807,0.7144865393638611
149,3,borda,canonical,19767,main,data/simulation_output/thesis_final_runs_v1/design_0149/rule_borda/seed_19767/run_0,puzzle,58.68,48.104,22.1,0.253,53.11904761904762,56.0,0.04469879518072289,60.845238095238095,54.0,0.006465863453815262,2.8591894097235984e+16,8.509049217655018e+16,9.316313204994867e+17,22.845238095238095,25.0,0.01534136546184739,0.30952380952380953,0.25,0.178714859437751,0.2675777658224106,0.32974550127983093,0.7125766665935517,0.7790893316268921
149,3,borda,canonical,19919,main,data/simulation_output/thesis_final_runs_v1/design_0149/rule_borda/seed_19919/run_0,puzzle,66.608,44.432,21.74,0.275,63.333333333333336,62.0,0.0397991967871486,49.0,49.0,0.002289156626506024,142215446726499.78,423246644321133.7,4865887634980864.0,21.238095238095237,25.0,0.016144578313253014,0.25595238095238093,0.5,0.20983935742971888,0.3243465175628662,0.38073405623435974,0.7170160160064697,0.6185863614082336
149,3,borda,canonical,20547,main,data/simulation_output/thesis_final_runs_v1/design_0149/rule_borda/seed_20547/run_0,puzzle,59.172,30.172,22.924,0.303,58.76190476190476,56.0,0.04783132530120482,48.392857142857146,49.0,0.00819277108433735,4621004272848.079,13751323505907.809,79591272087552.0,24.61904761904762,28.0,0.018152610441767067,0.34226190476190477,0.25,0.19779116465863453,0.33952710473537445,0.3244897425174713,0.6907321368455887,0.7346778512001038
149,3,borda,canonical,20994,main,data/simulation_output/thesis_final_runs_v1/design_0149/rule_borda/seed_20994/run_0,puzzle,68.012,32.784,25.288,0.332,70.63095238095238,69.0,0.03449799196787148,38.26190476190476,39.0,0.0024899598393574294,77138898702539.36,229373082446506.66,1791982762459136.0,27.035714285714285,37.0,0.022048192771084336,0.3958333333333333,0.0,0.19377510040160642,0.3205211987495422,0.2744675874710083,0.6751996490955353,0.6902579665184021
149,3,borda,canonical,21298,main,data/simulation_output/thesis_final_runs_v1/design_0149/rule_borda/seed_21298/run_0,puzzle,64.24,39.1,23.84,0.323,63.94047619047619,66.0,0.04558232931726908,48.964285714285715,49.0,0.008032128514056224,424487248117.59686,1249341794499.0476,4916393279488.0,24.988095238095237,28.0,0.018112449799196788,0.4166666666666667,0.25,0.2359437751004016,0.3184816380739212,0.3275884687900543,0.7376309337615967,0.6263789534568787
149,3,borda,canonical,21498,main,data/simulation_output/thesis_final_runs_v1/design_0149/rule_borda/seed_21498/run_0,puzzle,58.432,36.164,19.304,0.288,55.154761904761905,55.0,0.056385542168674696,46.45238095238095,63.0,0.010441767068273093,86667460371.70847,257651148935.61905,1826569715712.0,20.297619047619047,19.0,0.014377510040160642,0.3333333333333333,0.25,0.22188755020080322,0.342771891951561,0.34917503595352173,0.6830649147033692,0.6120238900184631
149,3,borda,canonical,22216,main,data/simulation_output/thesis_final_runs_v1/design_0149/rule_borda/seed_22216/run_0,puzzle,75.024,34.264,22.384,0.34,77.26190476190476,77.0,0.03771084337349397,41.404761904761905,38.0,0.0055020080321285135,4259105807653.559,12658476450035.809,113607144636416.0,22.261904761904763,26.0,0.022048192771084336,0.38392857142857145,0.5,0.19176706827309237,0.29390320026874545,0.2704460322856903,0.7432770653963089,0.6005620360374451
149,3,borda,canonical,22385,main,data/simulation_output/thesis_final_runs_v1/design_0149/rule_borda/seed_22385/run_0,puzzle,81.06,10.872,20.688,0.367,86.91666666666667,90.0,0.03710843373493976,12.404761904761905,12.0,0.0014457831325301205,891379043021747.1,2652182753456323.0,2.450635324653568e+16,21.321428571428573,21.0,0.019839357429718877,0.4255952380952381,0.75,0.1757028112449799,0.2617379385232925,0.2336425483226776,0.6859693588018417,0.8024490475654602
149,3,borda,canonical,22424,main,data/simulation_output/thesis_final_runs_v1/design_0149/rule_borda/seed_22424/run_0,puzzle,71.664,29.296,22.744,0.336,75.25,80.0,0.046506024096385545,41.226190476190474,50.0,0.011244979919678716,1213816395963.7737,3612051699961.905,32917550006272.0,25.607142857142858,26.0,0.016506024096385543,0.28273809523809523,0.5,0.18473895582329317,0.2953678140640259,0.31247955560684204,0.705142881155014,0.5871037244796753
149,3,borda,canonical,24504,main,data/simulation_output/thesis_final_runs_v1/design_0149/rule_borda/seed_24504/run_0,puzzle,65.624,40.656,21.256,0.334,63.607142857142854,65.0,0.04891566265060241,46.42857142857143,53.0,0.009598393574297188,130556613354.45116,388060144079.2381,2766401175552.0,22.333333333333332,23.0,0.012248995983935742,0.3333333333333333,0.25,0.20180722891566266,0.3268967899084091,0.2955334484577179,0.7125394630432129,0.7182799577713013
149,3,borda,canonical,24575,main,data/simulation_output/thesis_final_runs_v1/design_0149/rule_borda/seed_24575/run_0,puzzle,61.468,34.728,20.932,0.298,58.035714285714285,58.0,0.04779116465863454,42.166666666666664,36.0,0.010763052208835342,534979408912.2788,1589620528481.524,14441890447360.0,21.404761904761905,24.0,0.009839357429718875,0.28869047619047616,0.0,0.21084337349397592,0.31377198934555056,0.2711277902126312,0.7171825685501099,0.7612996697425842
149,3,borda,canonical,25058,main,data/simulation_output/thesis_final_runs_v1/design_0149/rule_borda/seed_25058/run_0,puzzle,68.908,31.876,21.508,0.31,69.78571428571429,77.0,0.04730923694779117,53.29761904761905,57.0,0.009357429718875501,6009550789203.644,17884245944161.523,158640623321088.0,22.321428571428573,21.0,0.015100401606425702,0.25892857142857145,0.0,0.20481927710843373,0.2887797030210495,0.2689189016819,0.7380294275283813,0.726829469203949
149,3,borda,canonical,25089,main,data/simulation_output/thesis_final_runs_v1/design_0149/rule_borda/seed_25089/run_0,puzzle,66.964,38.46,28.056,0.283,70.41666666666667,78.0,0.038795180722891565,53.73809523809524,50.0,0.007269076305220884,586917478582090.5,1746720741202017.5,2.3667228306046976e+16,30.404761904761905,39.0,0.023333333333333334,0.2708333333333333,0.0,0.20682730923694778,0.2922995287179947,0.2490721046924591,0.7274406665563583,0.7100717425346375
149,3,borda,canonical,25175,main,data/simulation_output/thesis_final_runs_v1/design_0149/rule_borda/seed_25175/run_0,puzzle,67.772,33.732,22.968,0.3,68.01190476190476,69.0,0.05008032128514056,38.17857142857143,29.0,0.009558232931726907,316476282762.38824,936863570041.9048,5033330999296.0,23.595238095238095,22.0,0.012730923694779118,0.35714285714285715,0.5,0.20783132530120482,0.3304638500213623,0.34524741768836975,0.7161605479717255,0.7152842283248901
149,3,borda,canonical,26898,main,data/simulation_output/thesis_final_runs_v1/design_0149/rule_borda/seed_26898/run_0,puzzle,64.012,41.404,19.868,0.267,57.464285714285715,50.0,0.04955823293172691,49.214285714285715,52.0,0.010321285140562249,345936296212.08673,1029032601715.8096,7092087816192.0,17.55952380952381,17.0,0.01855421686746988,0.27380952380952384,0.25,0.20481927710843373,0.32574385714530946,0.2919463813304901,0.6986802158355713,0.7364581227302551
149,3,borda,canonical,27442,main,data/simulation_output/thesis_final_runs_v1/design_0149/rule_borda/seed_27442/run_0,puzzle,52.452,44.796,23.332,0.237,43.36904761904762,31.0,0.055502008032128514,66.04761904761905,79.0,0.007429718875502009,196802156879095.7,585697859831125.4,3490759365885952.0,24.654761904761905,21.0,0.010160642570281124,0.24702380952380953,0.0,0.20983935742971888,0.30404901385307315,0.33215591311454773,0.714910127401352,0.7409595251083374
149,3,borda,canonical,27465,main,data/simulation_output/thesis_final_runs_v1/design_0149/rule_borda/seed_27465/run_0,puzzle,67.72,35.196,25.044,0.332,68.4047619047619,64.0,0.04530120481927711,38.333333333333336,53.0,0.006706827309236948,144681625085492.75,430589206524489.1,3670640917741568.0,26.523809523809526,26.0,0.01240963855421687,0.3244047619047619,0.5,0.20983935742971888,0.2731315983533859,0.25076600909233093,0.7453570487499237,0.8323593735694885
149,3,borda,canonical,27628,main,data/simulation_output/thesis_final_runs_v1/design_0149/rule_borda/seed_27628/run_0,puzzle,63.46,48.084,23.232,0.289,67.71428571428571,69.0,0.04188755020080321,54.54761904761905,48.0,0.006224899598393574,156958247584018.1,466882650307047.6,1572628179451904.0,23.857142857142858,24.0,0.014939759036144577,0.3333333333333333,0.25,0.1857429718875502,0.29350497126579284,0.2735413610935211,0.7143530344963074,0.7901772260665894
149,3,borda,canonical,27645,main,data/simulation_output/thesis_final_runs_v1/design_0149/rule_borda/seed_27645/run_0,puzzle,80.14,21.808,22.168,0.316,86.44047619047619,88.0,0.03819277108433735,28.011904761904763,29.0,0.004216867469879518,2697859494801636.5,8029145994506435.0,4.687872192728269e+16,23.035714285714285,19.0,0.015903614457831325,0.3244047619047619,0.5,0.18072289156626506,0.265328531742096,0.27546846866607666,0.726167450428009,0.689971923828125
149,3,borda,canonical,28106,main,data/simulation_output/thesis_final_runs_v1/design_0149/rule_borda/seed_28106/run_0,puzzle,53.404,55.72,22.22,0.293,45.773809523809526,48.0,0.04803212851405623,72.5952380952381,69.0,0.0054618473895582335,4455677133706.682,13260517071817.143,72733618601984.0,25.202380952380953,22.0,0.012208835341365463,0.20535714285714285,0.25,0.22389558232931728,0.30034374284744264,0.2993181645870209,0.7205692462921143,0.8329189419746399
149,3,borda,canonical,28162,main,data/simulation_output/thesis_final_runs_v1/design_0149/rule_borda/seed_28162/run_0,puzzle,82.496,21.444,27.388,0.395,87.67857142857143,89.0,0.032570281124497995,21.80952380952381,29.0,0.007630522088353414,250747846029872.88,745328571842560.0,8269532179202048.0,25.773809523809526,31.0,0.017309236947791164,0.43154761904761907,0.25,0.18373493975903615,0.2656879599094391,0.22494818270206451,0.7402364237308502,0.7003095149993896
149,3,borda,canonical,28550,main,data/simulation_output/thesis_final_runs_v1/design_0149/rule_borda/seed_28550/run_0,puzzle,57.448,55.744,20.04,0.326,50.92857142857143,51.0,0.05421686746987952,79.19047619047619,79.0,0.00823293172690763,18581298893416.492,55262912215527.62,359966678450176.0,20.714285714285715,19.0,0.009879518072289156,0.3601190476190476,0.25,0.1817269076305221,0.2894284244775772,0.24094173312187195,0.7239297323226929,0.6524510383605957
149,3,borda,canonical,28942,main,data/simulation_output/thesis_final_runs_v1/design_0149/rule_borda/seed_28942/run_0,puzzle,53.208,55.5,22.064,0.261,49.0,50.0,0.03815261044176707,65.47619047619048,67.0,0.005301204819277109,2.943786872039564e+16,8.761242542568712e+16,1.1528694839629578e+18,22.11904761904762,26.0,0.013293172690763053,0.29464285714285715,0.25,0.17771084337349397,0.2913898266553879,0.2722359895706177,0.7049494972229003,0.7345157265663147
149,3,borda,canonical,29129,main,data/simulation_output/thesis_final_runs_v1/design_0149/rule_borda/seed_29129/run_0,puzzle,69.52,29.708,24.796,0.325,72.36904761904762,72.0,0.039518072289156624,37.0,37.0,0.002931726907630522,5.971060163404663e+16,1.777066281379649e+17,1.1281108185676513e+18,23.011904761904763,16.0,0.01642570281124498,0.30357142857142855,0.25,0.16164658634538154,0.28489792758226395,0.30763378739356995,0.7074666867256164,0.7065910696983337
149,3,borda,canonical,29315,main,data/simulation_output/thesis_final_runs_v1/design_0149/rule_borda/seed_29315/run_0,puzzle,74.336,29.184,24.808,0.279,75.91666666666667,76.0,0.031927710843373494,31.797619047619047,31.0,0.001927710843373494,244889226390146.72,728405054939526.1,8152251117862912.0,23.392857142857142,28.0,0.021325301204819277,0.33035714285714285,0.0,0.16265060240963855,0.28114144736528396,0.24049939215183258,0.678188686132431,0.6360951066017151
149,3,borda,canonical,29713,main,data/simulation_output/thesis_final_runs_v1/design_0149/rule_borda/seed_29713/run_0,puzzle,75.04,36.184,28.308,0.239,77.14285714285714,77.0,0.030642570281124496,38.63095238095238,41.0,0.008955823293172691,4.968762447261153e+16,1.47878175147819e+17,7.989239091591905e+17,30.821428571428573,25.0,0.02393574297188755,0.23511904761904762,0.0,0.1817269076305221,0.2803997004032135,0.25809383392333984,0.7177999482154847,0.7382048964500427
149,3,borda,canonical,30306,main,data/simulation_output/thesis_final_runs_v1/design_0149/rule_borda/seed_30306/run_0,puzzle,58.292,53.168,23.404,0.289,55.333333333333336,55.0,0.042650602409638555,62.0,62.0,0.0034136546184738957,210160751620088.2,625436760396361.1,6566941107945472.0,26.738095238095237,31.0,0.01959839357429719,0.31547619047619047,0.5,0.18775100401606426,0.33231067287921906,0.2997487485408783,0.7226420133113861,0.770606279373169
149,3,borda,canonical,30388,main,data/simulation_output/thesis_final_runs_v1/design_0149/rule_borda/seed_30388/run_0,puzzle,81.896,35.176,22.768,0.323,88.53571428571429,89.0,0.04236947791164659,30.035714285714285,31.0,0.007228915662650603,3520790563903.6,10461866018913.523,57583410872320.0,24.05952380952381,27.0,0.013975903614457831,0.3958333333333333,0.5,0.21184738955823293,0.26039471417665483,0.2635268568992615,0.7512391543388367,0.8574610948562622
149,3,borda,canonical,30922,main,data/simulation_output/thesis_final_runs_v1/design_0149/rule_borda/seed_30922/run_0,puzzle,69.372,41.732,26.004,0.227,68.29761904761905,66.0,0.03666666666666667,47.0,47.0,0.0024899598393574294,1.8853419798627334e+17,5.6105818461471654e+17,7.423167487220384e+18,24.38095238095238,23.0,0.014658634538152611,0.2857142857142857,0.0,0.17670682730923695,0.27408794504404066,0.23422296345233917,0.6982224353551865,0.6549597382545471
149,3,borda,canonical,31049,main,data/simulation_output/thesis_final_runs_v1/design_0149/rule_borda/seed_31049/run_0,puzzle,63.996,39.252,24.648,0.333,67.54761904761905,66.0,0.03734939759036145,38.38095238095238,43.0,0.006024096385542169,5570639595719.728,16579036080818.285,172441024331776.0,29.94047619047619,31.0,0.019357429718875503,0.1875,0.0,0.21184738955823293,0.3208608604669571,0.2971343398094177,0.6901820265054702,0.771924614906311
149,3,borda,canonical,32070,main,data/simulation_output/thesis_final_runs_v1/design_0149/rule_borda/seed_32070/run_0,puzzle,62.12,41.832,23.096,0.246,54.476190476190474,47.0,0.046305220883534136,62.38095238095238,64.0,0.011325301204819277,21380625607176.395,63611561400222.48,586421748367360.0,21.142857142857142,21.0,0.01248995983935743,0.31547619047619047,0.5,0.1746987951807229,0.32805087769031527,0.3227265775203705,0.6909913456439972,0.5117045044898987
149,3,borda,canonical,32688,main,data/simulation_output/thesis_final_runs_v1/design_0149/rule_borda/seed_32688/run_0,puzzle,67.908,44.724,26.304,0.345,68.16666666666667,62.0,0.04951807228915663,60.023809523809526,62.0,0.005301204819277109,170906971196652.88,508534837831582.5,3911803331411968.0,24.69047619047619,25.0,0.020522088353413657,0.3482142857142857,0.0,0.23092369477911648,0.2777200584411621,0.3080757260322571,0.7231172776222229,0.7167475819587708
149,3,borda,canonical,33284,main,data/simulation_output/thesis_final_runs_v1/design_0149/rule_borda/seed_33284/run_0,puzzle,62.932,48.38,24.072,0.273,52.904761904761905,44.0,0.0506425702811245,63.857142857142854,65.0,0.010160642570281124,80818875969983.22,240529009484800.0,2581541632868352.0,23.988095238095237,21.0,0.016666666666666666,0.24702380952380953,0.5,0.17971887550200802,0.32654466593265535,0.31308048963546753,0.6861120529174805,0.7855045199394226
149,3,borda,canonical,33526,main,data/simulation_output/thesis_final_runs_v1/design_0149/rule_borda/seed_33526/run_0,puzzle,66.98,45.66,25.668,0.339,65.82142857142857,66.0,0.0436144578313253,57.48809523809524,58.0,0.005220883534136547,19423645004591.598,57805727586474.664,550762849501184.0,27.404761904761905,33.0,0.018674698795180723,0.30654761904761907,0.0,0.21385542168674698,0.28485293364524844,0.2729928195476532,0.7465282695293427,0.7620241045951843
149,3,borda,canonical,33956,main,data/simulation_output/thesis_final_runs_v1/design_0149/rule_borda/seed_33956/run_0,puzzle,82.82,22.18,26.424,0.334,87.28571428571429,89.0,0.03538152610441767,25.785714285714285,26.0,0.0017269076305220885,1.2857321296813538e+16,3.826526943340134e+16,3.8694009768719155e+17,25.44047619047619,26.0,0.017991967871485944,0.3125,0.5,0.15461847389558234,0.2528391771316528,0.25126421451568604,0.7094704418182373,0.7419177293777466
149,3,borda,canonical,34037,main,data/simulation_output/thesis_final_runs_v1/design_0149/rule_borda/seed_34037/run_0,puzzle,57.36,52.672,20.74,0.271,49.20238095238095,42.0,0.05389558232931727,72.25,68.0,0.006666666666666666,495617749800.3492,1467822098041.9048,5236137132032.0,19.071428571428573,20.0,0.014819277108433735,0.34226190476190477,0.5,0.20481927710843373,0.32713711988925936,0.3077414631843567,0.7152210592031479,0.7462616562843323
149,3,borda,canonical,34459,main,data/simulation_output/thesis_final_runs_v1/design_0149/rule_borda/seed_34459/run_0,puzzle,69.96,39.364,23.14,0.293,71.5952380952381,75.0,0.03843373493975903,44.095238095238095,47.0,0.005662650602409639,1916940465138.2866,5700849684138.667,41770742185984.0,23.607142857142858,34.0,0.020040160642570283,0.28273809523809523,0.25,0.20783132530120482,0.3003780391216278,0.2912817597389221,0.7238076641559601,0.7634872198104858
149,3,borda,canonical,35086,main,data/simulation_output/thesis_final_runs_v1/design_0149/rule_borda/seed_35086/run_0,puzzle,66.388,26.028,21.66,0.338,67.47619047619048,70.0,0.04959839357429719,40.26190476190476,40.0,0.012449799196787148,14079186614.043625,41825472144.7619,199205076992.0,22.095238095238095,19.0,0.013333333333333332,0.3541666666666667,0.25,0.22991967871485944,0.32361686980724336,0.3176555335521698,0.7211506814956665,0.5892373919487
149,3,borda,canonical,35690,main,data/simulation_output/thesis_final_runs_v1/design_0149/rule_borda/seed_35690/run_0,puzzle,59.052,44.776,19.84,0.299,51.642857142857146,46.0,0.05188755020080321,65.03571428571429,68.0,0.010562248995983936,145527647266.674,432619887591.619,3894923231232.0,20.511904761904763,21.0,0.0121285140562249,0.3392857142857143,0.5,0.20983935742971888,0.3283292883634567,0.3200175166130066,0.7116436576843261,0.7216860055923462
149,3,borda,canonical,36007,main,data/simulation_output/thesis_final_runs_v1/design_0149/rule_borda/seed_36007/run_0,puzzle,64.092,39.164,23.68,0.264,62.19047619047619,61.0,0.037670682730923694,44.0,44.0,0.002088353413654618,7074982853067406.0,2.105521314336417e+16,1.9837730667731354e+17,24.345238095238095,30.0,0.01775100401606426,0.2857142857142857,0.0,0.19678714859437751,0.2860614294409752,0.28774532675743103,0.7067942273616791,0.6230387091636658
149,3,borda,canonical,36338,main,data/simulation_output/thesis_final_runs_v1/design_0149/rule_borda/seed_36338/run_0,puzzle,58.496,49.1,22.64,0.285,55.73809523809524,59.0,0.04783132530120482,66.47619047619048,69.0,0.0059437751004016055,23139849585897.883,68859889059157.336,664209176133632.0,23.833333333333332,20.0,0.013092369477911647,0.32142857142857145,0.0,0.20281124497991967,0.3252746450901032,0.3260677456855774,0.72149260866642,0.6743395328521729
149,3,borda,canonical,36675,main,data/simulation_output/thesis_final_runs_v1/design_0149/rule_borda/seed_36675/run_0,puzzle,75.376,24.484,24.792,0.282,75.8452380952381,74.0,0.04156626506024096,27.607142857142858,28.0,0.0017670682730923696,1.5098300587779952e+16,4.492544808580671e+16,8.769488276789658e+16,21.428571428571427,30.0,0.021566265060240966,0.4107142857142857,0.0,0.1706827309236948,0.25588904017210007,0.23534636199474335,0.6772856011390685,0.8004817366600037
149,3,borda,canonical,37319,main,data/simulation_output/thesis_final_runs_v1/design_0149/rule_borda/seed_37319/run_0,puzzle,71.472,34.556,26.124,0.316,74.04761904761905,74.0,0.04325301204819277,46.107142857142854,47.0,0.00321285140562249,7890201662565209.0,2.348165223560611e+16,1.826824482057093e+17,27.273809523809526,21.0,0.02285140562248996,0.2857142857142857,0.25,0.18875502008032127,0.2700584044456482,0.3462611436843872,0.7453489680290222,0.6359397172927856
149,3,borda,canonical,37444,main,data/simulation_output/thesis_final_runs_v1/design_0149/rule_borda/seed_37444/run_0,puzzle,50.964,55.6,18.16,0.279,41.29761904761905,36.0,0.05060240963855422,76.71428571428571,78.0,0.004899598393574297,132963580245521.08,395703632323730.3,3138779548221440.0,17.297619047619047,19.0,0.013534136546184738,0.2916666666666667,0.0,0.17670682730923695,0.33510554111003876,0.3372301757335663,0.6808093814849854,0.5064732432365417
149,3,borda,canonical,38360,main,data/simulation_output/thesis_final_runs_v1/design_0149/rule_borda/seed_38360/run_0,puzzle,64.676,48.652,25.5,0.239,62.845238095238095,67.0,0.03783132530120482,58.0,57.0,0.007751004016064256,3559159409030678.0,1.0592687932562286e+16,1.0749869350191104e+17,27.285714285714285,21.0,0.014899598393574298,0.16666666666666666,0.25,0.18875502008032127,0.28544240778684615,0.29432812333106995,0.745219530582428,0.683091938495636
149,3,borda,canonical,39061,main,data/simulation_output/thesis_final_runs_v1/design_0149/rule_borda/seed_39061/run_0,puzzle,48.368,49.572,22.848,0.352,42.166666666666664,40.0,0.053453815261044174,64.16666666666667,53.0,0.008514056224899598,114940748709588.98,342077267437763.06,2248359947534336.0,24.154761904761905,18.0,0.014618473895582329,0.3244047619047619,0.75,0.1927710843373494,0.2866150803565979,0.3569982349872589,0.7076415212154389,0.7918733358383179
149,3,borda,canonical,39208,main,data/simulation_output/thesis_final_runs_v1/design_0149/rule_borda/seed_39208/run_0,puzzle,88.892,25.816,27.028,0.246,92.10714285714286,92.0,0.027710843373493974,31.547619047619047,31.0,0.002088353413654618,1.1696718106729034e+17,3.4809761430578323e+17,3.069488469320401e+18,23.154761904761905,16.0,0.017429718875502008,0.31845238095238093,0.25,0.17771084337349397,0.25411158496141434,0.2937198579311371,0.715303209066391,0.7123807668685913
149,3,borda,canonical,39427,main,data/simulation_output/thesis_final_runs_v1/design_0149/rule_borda/seed_39427/run_0,puzzle,65.028,31.244,19.592,0.289,63.726190476190474,70.0,0.05120481927710843,43.57142857142857,49.0,0.008795180722891566,5752087304457.437,17116717440889.904,147205490999296.0,20.25,18.0,0.017349397590361446,0.25595238095238093,0.0,0.20582329317269077,0.29529746270179746,0.36644628643989563,0.6997968301773071,0.639189600944519
149,3,borda,canonical,39467,main,data/simulation_output/thesis_final_runs_v1/design_0149/rule_borda/seed_39467/run_0,puzzle,60.944,56.712,22.128,0.282,55.01190476190476,47.0,0.04457831325301205,62.0,62.0,0.002811244979919679,28730580668265.367,85388064670476.19,959832379097088.0,22.5,29.0,0.010963855421686748,0.34523809523809523,0.5,0.19879518072289157,0.31940098357200625,0.3056209683418274,0.7072136616706848,0.6893917322158813
149,3,borda,canonical,39503,main,data/simulation_output/thesis_final_runs_v1/design_0149/rule_borda/seed_39503/run_0,puzzle,70.116,50.72,24.556,0.28,70.54761904761905,72.0,0.03799196787148595,56.583333333333336,60.0,0.0037349397590361443,2881005271579806.0,8574111834676858.0,1.1494371866181632e+17,23.476190476190474,27.0,0.012610441767068272,0.23511904761904762,0.25,0.20381526104417672,0.28597606807947157,0.2553435266017914,0.7193896553516388,0.7307944893836975
149,3,borda,canonical,39628,main,data/simulation_output/thesis_final_runs_v1/design_0149/rule_borda/seed_39628/run_0,puzzle,62.176,33.9,23.232,0.312,57.69047619047619,61.0,0.051044176706827316,35.083333333333336,44.0,0.005863453815261044,26882943182748.117,79966817219925.33,853921102823424.0,22.904761904761905,23.0,0.013855421686746987,0.28869047619047616,0.0,0.21285140562248997,0.26287289875745773,0.2283041924238205,0.7056009887456894,0.5685908198356628
149,3,borda,canonical,39712,main,data/simulation_output/thesis_final_runs_v1/design_0149/rule_borda/seed_39712/run_0,puzzle,80.408,45.124,24.02,0.262,81.33333333333333,77.0,0.03783132530120482,53.29761904761905,45.0,0.004779116465863454,8872503382226363.0,2.6405208583981348e+16,2.3267014663471104e+17,22.523809523809526,28.0,0.014779116465863454,0.25595238095238093,0.25,0.14859437751004015,0.2734824736714363,0.30008313059806824,0.7181533294916153,0.6817954182624817
149,3,borda,canonical,40118,main,data/simulation_output/thesis_final_runs_v1/design_0149/rule_borda/seed_40118/run_0,puzzle,62.484,35.584,20.996,0.265,58.07142857142857,54.0,0.055903614457831326,51.726190476190474,58.0,0.009638554216867469,1715664737112.3293,5105519193926.096,40981852323840.0,22.845238095238095,17.0,0.018072289156626505,0.23511904761904762,0.0,0.18875502008032127,0.3124551692008972,0.29920580983161926,0.71894171500206,0.7142289876937866
149,3,borda,canonical,40255,main,data/simulation_output/thesis_final_runs_v1/design_0149/rule_borda/seed_40255/run_0,puzzle,47.94,58.42,21.752,0.351,37.107142857142854,37.0,0.052971887550200804,75.80952380952381,84.0,0.0057028112449799195,2739616197864.7515,8152960337097.143,103578228228096.0,22.857142857142858,25.0,0.012690763052208835,0.3005952380952381,0.25,0.20281124497991967,0.3034285378456116,0.25102469325065613,0.7126537156105042,0.8488081693649292
149,3,borda,canonical,40716,main,data/simulation_output/thesis_final_runs_v1/design_0149/rule_borda/seed_40716/run_0,puzzle,68.396,43.572,22.232,0.298,66.72619047619048,62.0,0.041807228915662645,49.0,49.0,0.0029718875502008028,1841449814501774.5,5480446948307529.0,5.37230658460713e+16,24.25,18.0,0.014337349397590363,0.20535714285714285,0.5,0.1636546184738956,0.3104267110824585,0.33060598373413086,0.7020956765413284,0.6861975193023682
149,3,borda,canonical,40825,main,data/simulation_output/thesis_final_runs_v1/design_0149/rule_borda/seed_40825/run_0,puzzle,63.836,42.608,26.596,0.263,67.44047619047619,67.0,0.03196787148594377,55.07142857142857,55.0,0.0036144578313253013,2.7431782342646844e+16,8.164090511070394e+16,4.646114201394217e+17,28.273809523809526,16.0,0.02112449799196787,0.28273809523809523,0.75,0.1706827309236948,0.29556210815906525,0.3453630208969116,0.6960336606502533,0.6665844917297363
149,3,borda,canonical,41038,main,data/simulation_output/thesis_final_runs_v1/design_0149/rule_borda/seed_41038/run_0,puzzle,62.168,39.616,25.444,0.307,62.464285714285715,64.0,0.03751004016064257,48.035714285714285,51.0,0.006666666666666666,1.5779253355953746e+16,4.695920099276819e+16,7.002441149558292e+17,23.607142857142858,32.0,0.01606425702811245,0.3541666666666667,0.0,0.17971887550200802,0.30369452059268953,0.27060186862945557,0.706034686088562,0.5732895135879517
149,3,borda,canonical,41114,main,data/simulation_output/thesis_final_runs_v1/design_0149/rule_borda/seed_41114/run_0,puzzle,77.52,31.088,22.68,0.326,81.55952380952381,81.0,0.03823293172690763,36.55952380952381,37.0,0.0018875502008032128,3047089020873217.0,9068597482177292.0,6.120147578676838e+16,23.202380952380953,30.0,0.019277108433734938,0.33630952380952384,0.0,0.16967871485943775,0.27407886224985123,0.2411058098077774,0.7343423731327057,0.8197562098503113
149,3,borda,canonical,41458,main,data/simulation_output/thesis_final_runs_v1/design_0149/rule_borda/seed_41458/run_0,puzzle,59.016,33.368,21.324,0.235,50.92857142857143,43.0,0.04590361445783133,52.773809523809526,54.0,0.011124497991967873,4468766132088.739,13299017719527.62,143182851473408.0,21.5,24.0,0.015903614457831325,0.18154761904761904,0.25,0.1857429718875502,0.35510364735126493,0.35287919640541077,0.6331529103517533,0.5852052569389343
149,3,borda,canonical,42022,main,data/simulation_output/thesis_final_runs_v1/design_0149/rule_borda/seed_42022/run_0,puzzle,66.304,39.168,24.236,0.333,67.57142857142857,67.0,0.040642570281124495,55.48809523809524,62.0,0.008393574297188755,77711128958608.9,231257595972461.72,3187338985340928.0,25.357142857142858,30.0,0.016305220883534137,0.3273809523809524,0.0,0.19678714859437751,0.2984391922950745,0.3175685703754425,0.7252130361795426,0.5947585701942444
149,3,borda,canonical,42247,main,data/simulation_output/thesis_final_runs_v1/design_0149/rule_borda/seed_42247/run_0,puzzle,67.58,39.812,24.008,0.277,67.05952380952381,66.0,0.04983935742971887,48.88095238095238,49.0,0.003654618473895582,5089480049619.871,15145589285760.0,132314713554944.0,27.297619047619047,19.0,0.018714859437751002,0.21428571428571427,0.25,0.2178714859437751,0.3246027241945267,0.316255658864975,0.7020198045969009,0.6738724112510681
149,3,borda,canonical,42286,main,data/simulation_output/thesis_final_runs_v1/design_0149/rule_borda/seed_42286/run_0,puzzle,64.696,35.26,21.204,0.34,64.53571428571429,65.0,0.04746987951807229,46.51190476190476,45.0,0.004096385542168675,2244720213866.3594,6678317312963.048,74592198590464.0,25.857142857142858,30.0,0.016546184738955822,0.3541666666666667,0.5,0.18875502008032127,0.31405443704128266,0.24955856800079346,0.7169889062643051,0.7756458520889282
149,3,borda,canonical,42715,main,data/simulation_output/thesis_final_runs_v1/design_0149/rule_borda/seed_42715/run_0,puzzle,53.996,55.952,23.092,0.354,50.05952380952381,46.0,0.042208835341365464,70.53571428571429,68.0,0.007068273092369478,4070722508498.6514,12112369284534.857,57180325675008.0,23.738095238095237,27.0,0.014417670682730923,0.3898809523809524,0.25,0.20983935742971888,0.33793540835380553,0.38706088066101074,0.7202212069034576,0.6974127888679504
149,3,borda,canonical,42943,main,data/simulation_output/thesis_final_runs_v1/design_0149/rule_borda/seed_42943/run_0,puzzle,81.98,26.296,25.576,0.278,87.0952380952381,90.0,0.030281124497991967,28.88095238095238,35.0,0.004417670682730923,3.117215925206562e+16,9.277334402207706e+16,9.812243801534628e+17,24.904761904761905,22.0,0.015542168674698795,0.2708333333333333,0.5,0.16666666666666666,0.2611607021689415,0.2710493206977844,0.7295398907661438,0.7347736358642578
149,3,borda,canonical,43401,main,data/simulation_output/thesis_final_runs_v1/design_0149/rule_borda/seed_43401/run_0,puzzle,63.208,48.444,23.12,0.317,59.44047619047619,56.0,0.03971887550200803,53.0,53.0,0.002891566265060241,1462543904746924.5,4352256501965190.0,3.222239943275315e+16,22.976190476190474,17.0,0.012530120481927712,0.3541666666666667,0.25,0.18875502008032127,0.28718423944711685,0.3121737837791443,0.7018143049478531,0.6497315168380737
149,3,borda,canonical,44015,main,data/simulation_output/thesis_final_runs_v1/design_0149/rule_borda/seed_44015/run_0,puzzle,77.896,40.628,25.172,0.315,83.6547619047619,83.0,0.04365461847389558,52.154761904761905,56.0,0.00678714859437751,14527687898034.729,43222603461193.14,194304253362176.0,25.035714285714285,23.0,0.011967871485943775,0.30654761904761907,0.25,0.20381526104417672,0.2844669516086578,0.32103484869003296,0.7302500603199005,0.714130699634552
149,3,borda,canonical,45211,main,data/simulation_output/thesis_final_runs_v1/design_0149/rule_borda/seed_45211/run_0,puzzle,54.46,50.676,23.104,0.282,47.714285714285715,45.0,0.041004016064257034,59.214285714285715,60.0,0.008514056224899598,21591300527121.15,64250142813915.43,336358417629184.0,23.55952380952381,21.0,0.016827309236947793,0.30654761904761907,0.5,0.20080321285140562,0.3176899946928024,0.3927821218967438,0.7243225395679473,0.5323485136032104
149,3,borda,canonical,45673,main,data/simulation_output/thesis_final_runs_v1/design_0149/rule_borda/seed_45673/run_0,puzzle,58.396,55.872,22.696,0.31,58.916666666666664,58.0,0.04393574297188754,53.76190476190476,54.0,0.007590361445783133,5737290300240.266,17062990255055.238,106608738697216.0,22.738095238095237,22.0,0.013453815261044177,0.34523809523809523,0.5,0.20381526104417672,0.31875388407707217,0.32760119438171387,0.6986342761516571,0.6925042867660522
149,3,borda,canonical,46513,main,data/simulation_output/thesis_final_runs_v1/design_0149/rule_borda/seed_46513/run_0,puzzle,65.44,40.66,23.176,0.291,62.80952380952381,62.0,0.045662650602409635,48.023809523809526,48.0,0.0037349397590361443,63615240233454.8,189328000897145.9,2348512813514752.0,25.476190476190474,30.0,0.016746987951807228,0.2619047619047619,0.5,0.19076305220883535,0.3390462443828583,0.3501521646976471,0.7132034475803375,0.8166523575782776
149,3,borda,canonical,46847,main,data/simulation_output/thesis_final_runs_v1/design_0149/rule_borda/seed_46847/run_0,puzzle,68.076,34.756,22.504,0.364,69.26190476190476,72.0,0.04385542168674699,46.69047619047619,59.0,0.008674698795180723,2295282456410.343,6829678773918.477,49315431055360.0,23.738095238095237,26.0,0.013373493975903615,0.38095238095238093,0.0,0.20080321285140562,0.2930321947336197,0.24402953684329987,0.7425693764686584,0.7643886804580688
149,3,borda,canonical,48615,main,data/simulation_output/thesis_final_runs_v1/design_0149/rule_borda/seed_48615/run_0,puzzle,67.656,44.092,26.232,0.273,71.14285714285714,73.0,0.04963855421686748,53.523809523809526,56.0,0.0059036144578313255,48594154609651.805,144604369646348.2,1790141161013248.0,26.964285714285715,34.0,0.018634538152610444,0.24107142857142858,0.25,0.21385542168674698,0.2746158007979393,0.24825841188430786,0.7033690251111985,0.8280437588691711
149,3,borda,canonical,48647,main,data/simulation_output/thesis_final_runs_v1/design_0149/rule_borda/seed_48647/run_0,puzzle,53.452,44.876,21.06,0.305,38.976190476190474,43.0,0.04835341365461847,63.55952380952381,64.0,0.004417670682730923,703565483718.5491,2077436047652.5715,15106577530880.0,21.38095238095238,25.0,0.01240963855421687,0.40476190476190477,0.25,0.22088353413654618,0.35206859064102175,0.3518733084201813,0.6641525446176529,0.855467677116394
149,3,borda,canonical,49126,main,data/simulation_output/thesis_final_runs_v1/design_0149/rule_borda/seed_49126/run_0,puzzle,72.928,36.416,25.052,0.356,74.83333333333333,66.0,0.04883534136546185,39.55952380952381,43.0,0.010200803212851406,126400668972984.69,374979670348361.1,1172886043754496.0,24.285714285714285,24.0,0.012008032128514057,0.4523809523809524,0.0,0.19678714859437751,0.27025230771303177,0.2858705222606659,0.744299729347229,0.6373360753059387
149,3,borda,canonical,49425,main,data/simulation_output/thesis_final_runs_v1/design_0149/rule_borda/seed_49425/run_0,puzzle,61.92,48.368,24.256,0.255,61.5,63.0,0.03550200803212852,57.107142857142854,58.0,0.0033734939759036144,4608999213992041.0,1.371723509997451e+16,1.557283329676411e+17,29.714285714285715,26.0,0.01706827309236948,0.24107142857142858,0.5,0.1857429718875502,0.32711168491840364,0.3308800458908081,0.6904278320074081,0.7052143812179565
149,3,borda,canonical,49907,main,data/simulation_output/thesis_final_runs_v1/design_0149/rule_borda/seed_49907/run_0,puzzle,89.228,21.012,27.452,0.312,94.89285714285714,96.0,0.024377510040160644,25.0,25.0,0.002248995983935743,2.5254298246470388e+16,7.51604511030391e+16,6.884674520691507e+17,27.738095238095237,18.0,0.020321285140562247,0.36607142857142855,0.5,0.1686746987951807,0.2576373444199562,0.3220234215259552,0.7265724627971649,0.6642906069755554
149,3,borda,canonical,51108,main,data/simulation_output/thesis_final_runs_v1/design_0149/rule_borda/seed_51108/run_0,puzzle,85.948,21.104,22.228,0.338,89.60714285714286,90.0,0.03746987951807229,23.86904761904762,25.0,0.001606425702811245,80052899260355.98,238236719455134.47,3494446058438656.0,22.047619047619047,35.0,0.017630522088353414,0.3005952380952381,0.25,0.1827309236947791,0.27489588063955306,0.19414088129997253,0.6944473096132279,0.8107665777206421
149,3,borda,canonical,51505,main,data/simulation_output/thesis_final_runs_v1/design_0149/rule_borda/seed_51505/run_0,puzzle,62.98,46.848,24.468,0.309,58.095238095238095,58.0,0.03706827309236948,52.0,52.0,0.0022088353413654616,17273255633249.668,51327763219602.29,597966888894464.0,25.38095238095238,35.0,0.020883534136546186,0.37797619047619047,0.25,0.22188755020080322,0.33575772202014925,0.33731305599212646,0.701267961025238,0.6397866010665894
149,3,borda,canonical,51722,main,data/simulation_output/thesis_final_runs_v1/design_0149/rule_borda/seed_51722/run_0,puzzle,62.26,45.592,22.58,0.32,60.785714285714285,66.0,0.04983935742971887,66.8452380952381,59.0,0.010522088353413655,122419139748.21542,364088118832.7619,1539968204800.0,22.571428571428573,23.0,0.011204819277108433,0.3005952380952381,0.0,0.21586345381526104,0.35827745640277864,0.34987953305244446,0.7055175278186798,0.796336829662323
149,3,borda,canonical,52722,main,data/simulation_output/thesis_final_runs_v1/design_0149/rule_borda/seed_52722/run_0,puzzle,66.152,37.4,23.088,0.341,64.75,64.0,0.05004016064257028,43.30952380952381,46.0,0.004538152610441767,14538116037243.676,43227499874206.48,525004420677632.0,22.845238095238095,28.0,0.011526104417670682,0.36607142857142855,0.0,0.19879518072289157,0.2685294180512428,0.2710721492767334,0.7110531358718872,0.6342974901199341
149,3,borda,canonical,53334,main,data/simulation_output/thesis_final_runs_v1/design_0149/rule_borda/seed_53334/run_0,puzzle,77.076,37.516,25.712,0.252,75.6547619047619,74.0,0.03461847389558233,41.0,41.0,0.001606425702811245,1.876462551397138e+16,5.584648414941613e+16,6.787600700659466e+17,27.357142857142858,32.0,0.020562248995983932,0.22916666666666666,0.0,0.20381526104417672,0.2866930049061775,0.2424212545156479,0.7116258656978607,0.6635473370552063
149,3,borda,canonical,54065,main,data/simulation_output/thesis_final_runs_v1/design_0149/rule_borda/seed_54065/run_0,puzzle,65.66,56.28,25.312,0.309,65.27380952380952,66.0,0.04184738955823293,63.82142857142857,63.0,0.004377510040160642,1530244125914.8499,4422954018718.477,19366473105408.0,23.13095238095238,24.0,0.017349397590361446,0.44047619047619047,0.25,0.21686746987951808,0.29511652398109434,0.31493887305259705,0.7194792239665985,0.7826728820800781
149,3,borda,canonical,54726,main,data/simulation_output/thesis_final_runs_v1/design_0149/rule_borda/seed_54726/run_0,puzzle,59.824,53.56,23.82,0.309,57.464285714285715,58.0,0.03975903614457831,64.42857142857143,66.0,0.0065863453815261045,9266864846871.285,27306508319207.617,215915203395584.0,20.75,22.0,0.021927710843373496,0.3541666666666667,0.25,0.21987951807228914,0.3226831753253937,0.30158329010009766,0.7278913514614105,0.7624368071556091
149,3,borda,canonical,55401,main,data/simulation_output/thesis_final_runs_v1/design_0149/rule_borda/seed_55401/run_0,puzzle,64.156,46.392,20.36,0.289,60.404761904761905,60.0,0.04457831325301205,59.023809523809526,59.0,0.006546184738955824,1249458640007.4753,3715509834947.048,4237502447616.0,19.166666666666668,20.0,0.011365461847389558,0.3869047619047619,0.0,0.21084337349397592,0.3170312786102295,0.31458133459091187,0.7040120987892151,0.7335252165794373
149,3,borda,canonical,57389,main,data/simulation_output/thesis_final_runs_v1/design_0149/rule_borda/seed_57389/run_0,puzzle,46.72,65.104,20.356,0.305,38.36904761904762,38.0,0.03755020080321285,69.0,69.0,0.003132530120481928,3030588353362594.5,9016381137797900.0,8.010960974590771e+16,17.464285714285715,23.0,0.010722891566265061,0.35119047619047616,0.25,0.19779116465863453,0.3370978456735611,0.39090025424957275,0.6835648522377015,0.7615982890129089
149,3,borda,canonical,57979,main,data/simulation_output/thesis_final_runs_v1/design_0149/rule_borda/seed_57979/run_0,puzzle,54.792,52.62,22.032,0.247,46.98809523809524,46.0,0.0485140562248996,66.3452380952381,67.0,0.006144578313253012,347917096730533.4,1035441113959862.9,1.397742882521088e+16,24.333333333333332,29.0,0.014056224899598393,0.22916666666666666,0.25,0.15461847389558234,0.3159391806125641,0.3130347728729248,0.7032252306938171,0.723281979560852
149,3,borda,canonical,58051,main,data/simulation_output/thesis_final_runs_v1/design_0149/rule_borda/seed_58051/run_0,puzzle,75.504,33.048,25.004,0.342,78.05952380952381,80.0,0.037590361445783135,30.904761904761905,31.0,0.006626506024096385,308422007939780.44,917527391159052.2,5714030396178432.0,23.988095238095237,20.0,0.016305220883534137,0.4017857142857143,0.5,0.20080321285140562,0.2758219228386879,0.30101221799850464,0.7282692196369172,0.6560017466545105
149,3,borda,canonical,58075,main,data/simulation_output/thesis_final_runs_v1/design_0149/rule_borda/seed_58075/run_0,puzzle,67.12,38.084,21.36,0.308,64.61904761904762,63.0,0.046144578313253005,50.595238095238095,51.0,0.006024096385542169,11886036031341.96,35374476038753.52,335522643836928.0,23.642857142857142,20.0,0.012289156626506023,0.2916666666666667,0.5,0.21084337349397592,0.33524053132534026,0.3684581220149994,0.6959994902610779,0.6255031824111938
149,3,borda,canonical,58185,main,data/simulation_output/thesis_final_runs_v1/design_0149/rule_borda/seed_58185/run_0,puzzle,65.78,46.188,22.144,0.358,64.98809523809524,66.0,0.03746987951807229,54.857142857142854,54.0,0.003333333333333333,845711284100.5386,2514383879850.6665,27172655857664.0,23.107142857142858,26.0,0.01646586345381526,0.3541666666666667,0.25,0.2319277108433735,0.30865065681934356,0.27545034885406494,0.7223057022094727,0.620175302028656
149,3,borda,canonical,58309,main,data/simulation_output/thesis_final_runs_v1/design_0149/rule_borda/seed_58309/run_0,puzzle,70.864,38.068,21.676,0.328,74.42857142857143,76.0,0.04522088353413655,48.42857142857143,49.0,0.006907630522088354,1401139451573.9458,4169527956856.381,15884318932992.0,24.05952380952381,22.0,0.013614457831325302,0.27380952380952384,0.5,0.2248995983935743,0.27560937106609346,0.260867714881897,0.6990186101198197,0.6126164793968201
149,3,borda,canonical,58606,main,data/simulation_output/thesis_final_runs_v1/design_0149/rule_borda/seed_58606/run_0,puzzle,84.096,19.368,22.584,0.3,86.54761904761905,87.0,0.029076305220883537,21.0,21.0,0.001004016064257028,523118079400612.3,1556868143960064.0,1.6748358114738176e+16,24.821428571428573,21.0,0.016546184738955822,0.2261904761904762,0.25,0.14156626506024098,0.2892002511024475,0.2892860472202301,0.6575516386032104,0.6408345103263855
149,3,borda,canonical,58705,main,data/simulation_output/thesis_final_runs_v1/design_0149/rule_borda/seed_58705/run_0,puzzle,67.784,45.848,21.508,0.273,66.73809523809524,66.0,0.04257028112449799,55.44047619047619,56.0,0.004698795180722892,498047055535623.0,1482133880001877.2,7008418111946752.0,23.11904761904762,19.0,0.019437751004016065,0.26785714285714285,0.25,0.20983935742971888,0.29343923580646514,0.2812494933605194,0.7299733484983444,0.6341153979301453
149,3,borda,canonical,58738,main,data/simulation_output/thesis_final_runs_v1/design_0149/rule_borda/seed_58738/run_0,puzzle,79.052,40.568,24.208,0.285,79.22619047619048,79.0,0.039477911646586344,44.0,44.0,0.0024497991967871485,4178925351863441.0,1.243587581337366e+16,9.646373710751334e+16,23.928571428571427,18.0,0.01534136546184739,0.33630952380952384,0.25,0.19377510040160642,0.27824477821588517,0.3202902674674988,0.7036627204418182,0.7051909565925598
149,3,borda,canonical,59237,main,data/simulation_output/thesis_final_runs_v1/design_0149/rule_borda/seed_59237/run_0,puzzle,84.86,38.392,21.224,0.372,92.72619047619048,95.0,0.030963855421686746,39.154761904761905,48.0,0.007349397590361446,24252328564879.117,72131230541726.47,810804395900928.0,23.333333333333332,32.0,0.017309236947791164,0.4255952380952381,0.0,0.20682730923694778,0.27077022069692613,0.18427737057209015,0.7177259036302567,0.667820930480957
149,3,borda,canonical,59392,main,data/simulation_output/thesis_final_runs_v1/design_0149/rule_borda/seed_59392/run_0,puzzle,66.296,46.06,22.728,0.27,65.41666666666667,67.0,0.0421285140562249,51.964285714285715,52.0,0.0026506024096385546,6318093521435381.0,1.8803272295526596e+16,2.0483853521833165e+17,24.476190476190474,23.0,0.011325301204819277,0.31845238095238093,0.0,0.18674698795180722,0.27892471647262573,0.24770277738571167,0.7161843478679657,0.7289004325866699
149,3,borda,canonical,59830,main,data/simulation_output/thesis_final_runs_v1/design_0149/rule_borda/seed_59830/run_0,puzzle,63.004,39.44,21.636,0.284,59.726190476190474,59.0,0.044056224899598394,61.73809523809524,63.0,0.007710843373493976,4701454460139.467,13990129736143.238,89114237992960.0,21.86904761904762,21.0,0.008674698795180723,0.27976190476190477,0.25,0.19578313253012047,0.32934499859809874,0.33808600902557373,0.7062009928226471,0.6326426863670349
149,3,borda,canonical,59902,main,data/simulation_output/thesis_final_runs_v1/design_0149/rule_borda/seed_59902/run_0,puzzle,59.776,51.556,22.392,0.306,55.19047619047619,54.0,0.036305220883534134,55.0,55.0,0.002248995983935743,3304400320434732.5,9832425885182634.0,5.588327977713664e+16,21.63095238095238,21.0,0.01534136546184739,0.3898809523809524,0.5,0.1746987951807229,0.3281202805042267,0.3754025399684906,0.6917644288539887,0.7135614156723022
149,3,borda,canonical,60225,main,data/simulation_output/thesis_final_runs_v1/design_0149/rule_borda/seed_60225/run_0,puzzle,56.436,52.892,23.232,0.246,53.107142857142854,57.0,0.04281124497991968,63.88095238095238,65.0,0.004859437751004016,229022861639284.75,681589314827215.2,9372402471403520.0,28.488095238095237,34.0,0.019116465863453815,0.2708333333333333,0.0,0.19578313253012047,0.3285177135467529,0.31751757860183716,0.6931594743728637,0.539705753326416
149,3,borda,canonical,60506,main,data/simulation_output/thesis_final_runs_v1/design_0149/rule_borda/seed_60506/run_0,puzzle,57.228,40.08,22.592,0.316,55.357142857142854,55.0,0.039477911646586344,49.48809523809524,50.0,0.003493975903614458,3262021901429.142,9494697362578.285,67199037341696.0,20.178571428571427,20.0,0.017228915662650602,0.40476190476190477,0.5,0.22690763052208834,0.30624462139606473,0.29865172505378723,0.680647664308548,0.5751382112503052
149,3,borda,canonical,61704,main,data/simulation_output/thesis_final_runs_v1/design_0149/rule_borda/seed_61704/run_0,puzzle,77.792,32.524,23.384,0.36,81.29761904761905,80.0,0.03734939759036145,37.88095238095238,48.0,0.012771084337349397,943359445504.0303,2782268688188.952,15551294341120.0,24.404761904761905,24.0,0.017269076305220885,0.3869047619047619,0.25,0.22188755020080322,0.2967575967311859,0.3226728141307831,0.7200178623199462,0.5857559442520142
149,3,borda,canonical,62237,main,data/simulation_output/thesis_final_runs_v1/design_0149/rule_borda/seed_62237/run_0,puzzle,68.956,43.904,25.492,0.316,66.82142857142857,70.0,0.041004016064257034,40.845238095238095,41.0,0.007951807228915662,10586913765104.936,31418203325196.19,319053256196096.0,24.095238095238095,30.0,0.013012048192771084,0.38392857142857145,0.0,0.19979919678714858,0.3091906646490097,0.2802882790565491,0.703778272151947,0.6702297925949097
149,3,borda,canonical,62282,main,data/simulation_output/thesis_final_runs_v1/design_0149/rule_borda/seed_62282/run_0,puzzle,71.012,38.348,22.58,0.292,77.61904761904762,85.0,0.044257028112449796,44.42857142857143,23.0,0.008755020080321285,47843863496855.875,142340244119552.0,906582904799232.0,24.607142857142858,28.0,0.015180722891566266,0.34226190476190477,0.75,0.1827309236947791,0.2877303203344345,0.31788238883018494,0.6926819521188736,0.6217589378356934
149,3,borda,canonical,62468,main,data/simulation_output/thesis_final_runs_v1/design_0149/rule_borda/seed_62468/run_0,puzzle,61.912,28.032,22.332,0.32,61.88095238095238,62.0,0.05257028112449799,40.38095238095238,42.0,0.00751004016064257,140533649575357.36,418244776366713.9,3191976476278784.0,27.273809523809526,34.0,0.01678714859437751,0.30357142857142855,0.0,0.1827309236947791,0.3146513056755066,0.2864357531070709,0.6893397443294526,0.6759399175643921
149,3,borda,canonical,62546,main,data/simulation_output/thesis_final_runs_v1/design_0149/rule_borda/seed_62546/run_0,puzzle,55.832,38.952,20.86,0.368,59.45238095238095,71.0,0.05421686746987952,42.583333333333336,31.0,0.010441767068273093,190761876618.99866,567214090369.5238,2574577303552.0,24.0,24.0,0.015582329317269076,0.41369047619047616,0.0,0.21184738955823293,0.28070193165540697,0.2564915716648102,0.7114656670093537,0.7153518795967102
149,3,borda,canonical,63093,main,data/simulation_output/thesis_final_runs_v1/design_0149/rule_borda/seed_63093/run_0,puzzle,78.644,15.84,22.3,0.265,85.55952380952381,92.0,0.04831325301204819,17.166666666666668,39.0,0.013092369477911647,19306948752972.7,57455089731340.19,605388323946496.0,23.738095238095237,27.0,0.02140562248995984,0.25892857142857145,0.0,0.1827309236947791,0.2960115300416946,0.2715834379196167,0.6936753749847412,0.7313823103904724
149,3,borda,canonical,63196,main,data/simulation_output/thesis_final_runs_v1/design_0149/rule_borda/seed_63196/run_0,puzzle,54.176,40.572,22.924,0.313,49.69047619047619,44.0,0.04827309236947791,41.61904761904762,36.0,0.008152610441767068,14115556654363.143,41873773850038.86,434369068007424.0,22.142857142857142,26.0,0.013493975903614458,0.40773809523809523,0.25,0.19678714859437751,0.2869345396757126,0.27661964297294617,0.7307703778743744,0.6512908339500427
149,3,borda,canonical,63551,main,data/simulation_output/thesis_final_runs_v1/design_0149/rule_borda/seed_63551/run_0,puzzle,63.496,44.104,23.624,0.316,61.642857142857146,63.0,0.0372289156626506,50.726190476190474,51.0,0.003052208835341366,6131544619079.89,18232917101007.24,197526921674752.0,23.738095238095237,32.0,0.016184738955823293,0.31547619047619047,0.5,0.18072289156626506,0.32062645971775056,0.27790895104408264,0.6978017565011978,0.6941626071929932
149,3,borda,canonical,63676,main,data/simulation_output/thesis_final_runs_v1/design_0149/rule_borda/seed_63676/run_0,puzzle,78.596,25.632,24.256,0.229,83.41666666666667,85.0,0.035100401606425705,24.285714285714285,28.0,0.006907630522088354,5.2938952371573984e+17,1.575555214406108e+18,1.464248881718598e+19,25.75,19.0,0.01891566265060241,0.23511904761904762,0.0,0.1465863453815261,0.22617155778408052,0.26579761505126953,0.7079343231916427,0.5617462992668152
149,3,borda,canonical,63848,main,data/simulation_output/thesis_final_runs_v1/design_0149/rule_borda/seed_63848/run_0,puzzle,74.588,29.792,24.172,0.27,74.11904761904762,75.0,0.03293172690763052,33.0,33.0,0.0014859437751004014,422508836217726.1,1257422996061818.0,1.3814777339969536e+16,24.726190476190474,29.0,0.020321285140562247,0.23214285714285715,0.0,0.1706827309236948,0.29940906023979186,0.2670465111732483,0.6933193525075912,0.7541378140449524
149,3,borda,canonical,64405,main,data/simulation_output/thesis_final_runs_v1/design_0149/rule_borda/seed_64405/run_0,puzzle,57.724,56.86,23.144,0.301,55.82142857142857,59.0,0.04690763052208835,70.95238095238095,74.0,0.005220883534136547,8134588564406.096,24206219232792.383,165596054421504.0,22.261904761904763,20.0,0.015060240963855422,0.3125,0.0,0.19377510040160642,0.31633768820762637,0.32480770349502563,0.7305395227670669,0.6113529205322266
149,3,borda,canonical,64944,main,data/simulation_output/thesis_final_runs_v1/design_0149/rule_borda/seed_64944/run_0,puzzle,64.876,40.972,23.512,0.184,66.80952380952381,62.0,0.04530120481927711,51.44047619047619,57.0,0.00927710843373494,248782222519589.53,740410084408953.9,6421505999110144.0,28.488095238095237,23.0,0.010401606425702812,0.14583333333333334,0.25,0.1536144578313253,0.3250349249839783,0.3161696493625641,0.6781817855834961,0.6648432612419128
149,3,borda,canonical,65039,main,data/simulation_output/thesis_final_runs_v1/design_0149/rule_borda/seed_65039/run_0,puzzle,65.792,32.664,22.18,0.349,66.78571428571429,71.0,0.04357429718875502,41.23809523809524,43.0,0.00357429718875502,2638668080859216.0,7853108412662540.0,6.897536229756109e+16,23.11904761904762,22.0,0.012730923694779118,0.30654761904761907,0.25,0.17771084337349397,0.2803354848027229,0.31257015466690063,0.7137889534235,0.6248159408569336
149,3,borda,canonical,65494,main,data/simulation_output/thesis_final_runs_v1/design_0149/rule_borda/seed_65494/run_0,puzzle,82.984,31.228,23.772,0.307,85.85714285714286,86.0,0.03313253012048192,35.88095238095238,36.0,0.002811244979919679,6461321564694466.0,1.922994206020403e+16,1.632359186211799e+17,26.61904761904762,23.0,0.016506024096385543,0.24404761904761904,0.0,0.20180722891566266,0.2597826448082924,0.2733146846294403,0.7491505331993104,0.7318153977394104
149,3,borda,canonical,66476,main,data/simulation_output/thesis_final_runs_v1/design_0149/rule_borda/seed_66476/run_0,puzzle,55.264,24.516,20.776,0.289,48.17857142857143,51.0,0.05578313253012048,33.964285714285715,41.0,0.007309236947791164,5228251916593323.0,1.55600537835087e+16,1.1513445815943168e+17,20.571428571428573,19.0,0.014096385542168674,0.28869047619047616,0.25,0.19176706827309237,0.23954217499494554,0.25758156180381775,0.7307946408987045,0.775076687335968
149,3,borda,canonical,66652,main,data/simulation_output/thesis_final_runs_v1/design_0149/rule_borda/seed_66652/run_0,puzzle,67.804,34.496,21.676,0.391,66.88095238095238,71.0,0.046987951807228916,36.76190476190476,38.0,0.005301204819277109,256562986331.21707,762529663795.8096,2718542069760.0,21.071428571428573,22.0,0.013172690763052209,0.40773809523809523,0.0,0.2289156626506024,0.3015714477300644,0.28985488414764404,0.7032109744548798,0.6371092200279236
149,3,borda,canonical,66660,main,data/simulation_output/thesis_final_runs_v1/design_0149/rule_borda/seed_66660/run_0,puzzle,62.008,54.452,24.808,0.273,57.333333333333336,59.0,0.042891566265060244,74.42857142857143,72.0,0.007309236947791164,1731022429459303.0,5149938615620169.0,2.4881031161053184e+16,24.88095238095238,27.0,0.010040160642570281,0.33035714285714285,0.5,0.1686746987951807,0.2982247849702835,0.293636679649353,0.7293672895431519,0.7451184988021851
149,3,borda,canonical,67034,main,data/simulation_output/thesis_final_runs_v1/design_0149/rule_borda/seed_67034/run_0,puzzle,58.388,47.04,22.888,0.329,54.25,53.0,0.04192771084337349,55.0,55.0,0.0030923694779116466,1204737664038.9075,3578987842803.8096,35300214571008.0,23.166666666666668,26.0,0.0142570281124498,0.36904761904761907,0.25,0.23293172690763053,0.3036065868139267,0.34597665071487427,0.7082831715345382,0.6551746129989624
149,3,borda,canonical,67228,main,data/simulation_output/thesis_final_runs_v1/design_0149/rule_borda/seed_67228/run_0,puzzle,77.448,36.56,23.232,0.282,79.8452380952381,81.0,0.035783132530120484,41.0,41.0,0.001927710843373494,277562279655959.38,825978294860263.6,6853461597487104.0,25.178571428571427,25.0,0.013373493975903615,0.26785714285714285,0.25,0.21184738955823293,0.27192319530248643,0.2651660144329071,0.7120334930419921,0.5772212147712708
149,3,borda,canonical,68518,main,data/simulation_output/thesis_final_runs_v1/design_0149/rule_borda/seed_68518/run_0,puzzle,70.524,40.34,24.56,0.28,71.85714285714286,73.0,0.04477911646586345,51.25,42.0,0.006706827309236948,2857340180973646.0,8503962253455165.0,9.884118189447578e+16,26.11904761904762,30.0,0.014016064257028114,0.17559523809523808,0.0,0.17771084337349397,0.2680616679787636,0.2144097536802292,0.722502212882042,0.738614559173584
149,3,borda,canonical,68743,main,data/simulation_output/thesis_final_runs_v1/design_0149/rule_borda/seed_68743/run_0,puzzle,76.56,41.708,23.352,0.272,81.33333333333333,84.0,0.03775100401606426,47.0,47.0,0.002088353413654618,817757635349580.2,2433705301440999.5,1.877351465169715e+16,24.857142857142858,22.0,0.014136546184738957,0.24404761904761904,0.25,0.20080321285140562,0.26429867923259737,0.2993100881576538,0.7077792273759842,0.750625729560852
149,3,borda,canonical,69003,main,data/simulation_output/thesis_final_runs_v1/design_0149/rule_borda/seed_69003/run_0,puzzle,62.396,47.976,23.344,0.308,62.79761904761905,60.0,0.04646586345381526,60.892857142857146,55.0,0.006104417670682732,1380351145282818.2,4107979478881621.5,2.608177087302861e+16,22.047619047619047,21.0,0.015140562248995983,0.35714285714285715,0.25,0.19176706827309237,0.27434648472070694,0.30393290519714355,0.7442498636245728,0.5764524936676025
149,3,borda,canonical,70197,main,data/simulation_output/thesis_final_runs_v1/design_0149/rule_borda/seed_70197/run_0,puzzle,80.004,31.98,20.608,0.274,82.19047619047619,78.0,0.03650602409638554,35.0,35.0,0.001606425702811245,301904930299559.06,898467483262195.8,8379985853153280.0,20.547619047619047,23.0,0.018995983935742974,0.27976190476190477,0.0,0.178714859437751,0.30489718145132066,0.3099457323551178,0.6940703301429748,0.640990674495697
149,3,borda,canonical,71382,main,data/simulation_output/thesis_final_runs_v1/design_0149/rule_borda/seed_71382/run_0,puzzle,61.436,48.816,22.272,0.314,55.607142857142854,52.0,0.04883534136546185,55.79761904761905,56.0,0.0030923694779116466,165873811886852.84,493627314593792.0,1600063625232384.0,20.5,20.0,0.013092369477911647,0.33630952380952384,0.5,0.2178714859437751,0.30600436371564865,0.3060624301433563,0.7140428972244263,0.7361680269241333
149,3,borda,canonical,72328,main,data/simulation_output/thesis_final_runs_v1/design_0149/rule_borda/seed_72328/run_0,puzzle,61.916,53.608,22.86,0.389,60.595238095238095,67.0,0.04389558232931727,65.54761904761905,73.0,0.005100401606425703,318422835732.6858,946202097054.4762,8115223265280.0,23.63095238095238,24.0,0.017349397590361446,0.40773809523809523,0.0,0.2700803212851406,0.28900638580322263,0.2857683598995209,0.7697118563652039,0.6767699718475342
149,3,borda,canonical,72460,main,data/simulation_output/thesis_final_runs_v1/design_0149/rule_borda/seed_72460/run_0,puzzle,68.66,32.604,24.14,0.253,70.5952380952381,79.0,0.04530120481927711,42.29761904761905,48.0,0.00823293172690763,4351747360141456.5,1.295140519899019e+16,1.4619427866463437e+17,25.261904761904763,23.0,0.010923694779116467,0.21428571428571427,0.25,0.1927710843373494,0.266863095164299,0.2725282311439514,0.7222630546092987,0.7333140969276428
149,3,borda,canonical,72967,main,data/simulation_output/thesis_final_runs_v1/design_0149/rule_borda/seed_72967/run_0,puzzle,41.24,70.296,20.804,0.321,32.23809523809524,34.0,0.052048192771084335,86.10714285714286,79.0,0.0065863453815261045,45068488048153.766,134106330140281.9,195728253124608.0,22.035714285714285,21.0,0.012570281124497993,0.35119047619047616,1.0,0.20983935742971888,0.31405349016189577,0.32432425022125244,0.6904013065099717,0.7175266742706299
149,3,borda,canonical,72968,main,data/simulation_output/thesis_final_runs_v1/design_0149/rule_borda/seed_72968/run_0,puzzle,54.72,43.452,21.116,0.257,49.023809523809526,44.0,0.05124497991967871,64.21428571428571,68.0,0.007349397590361446,1946728739798.8936,5792786169673.143,60067453861888.0,20.035714285714285,24.0,0.009839357429718875,0.22321428571428573,0.25,0.19477911646586346,0.3343385055065155,0.30707502365112305,0.723846120595932,0.6527308225631714
149,3,borda,canonical,73225,main,data/simulation_output/thesis_final_runs_v1/design_0149/rule_borda/seed_73225/run_0,puzzle,78.172,39.008,23.904,0.358,80.60714285714286,81.0,0.03666666666666667,53.023809523809526,57.0,0.006987951807228916,6371208200852.854,18891487407152.76,70463250235392.0,21.44047619047619,22.0,0.01642570281124498,0.46726190476190477,0.25,0.19879518072289157,0.2597841789126396,0.27304670214653015,0.767632961511612,0.8158509731292725
149,3,borda,canonical,73651,main,data/simulation_output/thesis_final_runs_v1/design_0149/rule_borda/seed_73651/run_0,puzzle,68.92,38.048,20.168,0.36,65.54761904761905,60.0,0.04807228915662651,54.333333333333336,56.0,0.004779116465863454,59882950407.14682,176759570998.85715,1474476769280.0,19.202380952380953,21.0,0.01108433734939759,0.4523809523809524,0.5,0.22690763052208834,0.3304293648004532,0.29822415113449097,0.6967831280231476,0.8185486197471619
149,3,borda,canonical,73728,main,data/simulation_output/thesis_final_runs_v1/design_0149/rule_borda/seed_73728/run_0,puzzle,64.536,36.132,22.052,0.305,62.845238095238095,58.0,0.046104417670682726,51.92857142857143,52.0,0.007309236947791164,19511531317243.137,58067539835465.14,572764490563584.0,24.702380952380953,28.0,0.022048192771084336,0.2648809523809524,0.25,0.22389558232931728,0.30955701088905335,0.27221038937568665,0.7173012301921845,0.6693641543388367
149,3,borda,canonical,74144,main,data/simulation_output/thesis_final_runs_v1/design_0149/rule_borda/seed_74144/run_0,puzzle,66.872,39.944,24.376,0.261,62.416666666666664,57.0,0.04160642570281125,47.0,47.0,0.0037349397590361443,1.2050375746982538e+16,3.586400679365057e+16,3.7524328683248026e+17,25.297619047619047,25.0,0.01497991967871486,0.24702380952380953,0.0,0.18775100401606426,0.32936229526996613,0.31994742155075073,0.6918560837507248,0.6924684047698975
149,3,borda,canonical,74671,main,data/simulation_output/thesis_final_runs_v1/design_0149/rule_borda/seed_74671/run_0,puzzle,64.08,30.384,21.592,0.403,67.79761904761905,69.0,0.05036144578313253,45.76190476190476,48.0,0.011566265060240964,57271176950.48697,170287173581.7143,904663007232.0,21.38095238095238,23.0,0.013855421686746987,0.43452380952380953,0.25,0.2620481927710843,0.3453926680088043,0.3228491544723511,0.7012692070007325,0.676095187664032
149,3,borda,canonical,75796,main,data/simulation_output/thesis_final_runs_v1/design_0149/rule_borda/seed_75796/run_0,puzzle,57.036,50.768,23.436,0.284,53.0,56.0,0.03995983935742972,60.82142857142857,60.0,0.005220883534136547,335665183609029.6,998916642429025.5,2226353206198272.0,23.464285714285715,22.0,0.013052208835341366,0.3333333333333333,0.0,0.19377510040160642,0.2956790702342987,0.2798932194709778,0.7431134686470032,0.7550221681594849
149,3,borda,canonical,76462,main,data/simulation_output/thesis_final_runs_v1/design_0149/rule_borda/seed_76462/run_0,puzzle,67.24,44.356,21.988,0.25,70.02380952380952,75.0,0.04305220883534137,46.726190476190474,42.0,0.008755020080321285,23661162961757.14,70411082543884.19,717275376123904.0,23.345238095238095,23.0,0.009799196787148594,0.19047619047619047,0.25,0.17369477911646586,0.33944379043579104,0.334827184677124,0.712569692850113,0.7929328083992004
149,3,borda,canonical,76631,main,data/simulation_output/thesis_final_runs_v1/design_0149/rule_borda/seed_76631/run_0,puzzle,67.516,32.944,23.224,0.301,70.83333333333333,73.0,0.04240963855421687,45.0,45.0,0.005100401606425703,25574190705863.254,76110225745627.42,949513787277312.0,25.011904761904763,33.0,0.016546184738955822,0.25892857142857145,0.0,0.18473895582329317,0.3246886162757874,0.27931690216064453,0.7013126611709595,0.7603268027305603
149,3,borda,canonical,76636,main,data/simulation_output/thesis_final_runs_v1/design_0149/rule_borda/seed_76636/run_0,puzzle,72.34,35.864,23.424,0.375,73.08333333333333,72.0,0.042008032128514054,41.0,41.0,0.0026506024096385546,3168642914957.6006,9427978864335.238,112877478346752.0,25.678571428571427,34.0,0.017028112449799196,0.36904761904761907,0.0,0.20582329317269077,0.3175346562862396,0.2674926519393921,0.7001705425977707,0.48287904262542725
149,3,borda,canonical,76875,main,data/simulation_output/thesis_final_runs_v1/design_0149/rule_borda/seed_76875/run_0,puzzle,60.06,40.464,23.38,0.35,57.61904761904762,52.0,0.05265060240963855,57.476190476190474,57.0,0.006987951807228916,3216265719.4578943,9503262576.0,83127287808.0,23.178571428571427,23.0,0.0142570281124498,0.375,0.0,0.25903614457831325,0.3217454047203064,0.2942134439945221,0.7096184873580933,0.6700968146324158
149,3,borda,canonical,77410,main,data/simulation_output/thesis_final_runs_v1/design_0149/rule_borda/seed_77410/run_0,puzzle,73.412,44.804,25.448,0.33,72.95238095238095,69.0,0.03734939759036145,48.0,48.0,0.0018875502008032128,1692048791159991.0,5035804927853324.0,4.813835423082086e+16,26.511904761904763,19.0,0.021646586345381524,0.2916666666666667,0.5,0.19076305220883535,0.30226627278327944,0.3576594293117523,0.7335762987136841,0.6977384686470032
149,3,borda,canonical,77667,main,data/simulation_output/thesis_final_runs_v1/design_0149/rule_borda/seed_77667/run_0,puzzle,59.548,39.356,22.08,0.284,60.25,62.0,0.04819277108433735,50.67857142857143,59.0,0.010441767068273093,2328057713154.321,6928084689231.238,49545572515840.0,24.452380952380953,20.0,0.01538152610441767,0.2976190476190476,0.5,0.21686746987951808,0.34205869805812833,0.3661569058895111,0.7107728288173676,0.7096975445747375
149,3,borda,canonical,79086,main,data/simulation_output/thesis_final_runs_v1/design_0149/rule_borda/seed_79086/run_0,puzzle,63.976,42.136,21.172,0.277,63.30952380952381,64.0,0.04995983935742972,51.5,52.0,0.003493975903614458,262155731748706.12,780202758246595.0,6803615817662464.0,22.25,25.0,0.01285140562248996,0.2619047619047619,0.25,0.21084337349397592,0.27852226012945175,0.25349161028862,0.7154057965278625,0.7652668356895447
149,3,borda,canonical,79234,main,data/simulation_output/thesis_final_runs_v1/design_0149/rule_borda/seed_79234/run_0,puzzle,57.784,47.464,21.968,0.381,54.833333333333336,55.0,0.045140562248995986,50.48809523809524,54.0,0.007108433734939758,1747301887590.8,5199569640783.238,23533790953472.0,22.86904761904762,22.0,0.01895582329317269,0.3333333333333333,0.75,0.21586345381526104,0.30293911951780317,0.2670663297176361,0.7274908146858216,0.6951255202293396
149,3,borda,canonical,79264,main,data/simulation_output/thesis_final_runs_v1/design_0149/rule_borda/seed_79264/run_0,puzzle,65.768,40.244,22.72,0.304,64.76190476190476,66.0,0.050160642570281126,48.535714285714285,50.0,0.004297188755020081,2718923820045.938,8075519989467.429,69944033148928.0,23.035714285714285,32.0,0.014377510040160642,0.3601190476190476,0.0,0.20682730923694778,0.2772073229551315,0.25439175963401794,0.7268140890598297,0.8156871199607849
149,3,borda,canonical,79516,main,data/simulation_output/thesis_final_runs_v1/design_0149/rule_borda/seed_79516/run_0,puzzle,80.4,23.9,22.132,0.273,81.48809523809524,82.0,0.03465863453815261,26.0,26.0,0.0011244979919678715,3253145506330192.5,9680331209890670.0,7.19685078262743e+16,22.023809523809526,16.0,0.017991967871485944,0.25595238095238093,0.25,0.19176706827309237,0.2562246561646461,0.37443310022354126,0.69122980260849,0.5972763299942017
149,3,borda,canonical,79715,main,data/simulation_output/thesis_final_runs_v1/design_0149/rule_borda/seed_79715/run_0,puzzle,67.188,36.64,23.952,0.323,69.71428571428571,70.0,0.04228915662650603,46.523809523809526,47.0,0.00642570281124498,86090182171327.77,256201344682081.53,1132537107709952.0,26.05952380952381,22.0,0.015582329317269076,0.375,0.5,0.20281124497991967,0.32905195009708404,0.31119173765182495,0.6848792345523834,0.772110641002655
149,3,borda,canonical,79802,main,data/simulation_output/thesis_final_runs_v1/design_0149/rule_borda/seed_79802/run_0,puzzle,51.356,55.596,22.348,0.306,45.67857142857143,50.0,0.046987951807228916,68.28571428571429,69.0,0.005582329317269076,1264880587739894.5,3763004769329542.0,3.646127875083469e+16,22.535714285714285,29.0,0.012771084337349397,0.4017857142857143,0.5,0.21586345381526104,0.31134252560138703,0.306657612323761,0.7064612128734589,0.6224504709243774
149,3,borda,canonical,80130,main,data/simulation_output/thesis_final_runs_v1/design_0149/rule_borda/seed_80130/run_0,puzzle,63.728,51.984,24.916,0.282,57.94047619047619,52.0,0.04759036144578313,58.0,58.0,0.004337349397590362,263586551073603.62,784473354293491.8,4884393575317504.0,24.464285714285715,19.0,0.0157429718875502,0.20535714285714285,0.0,0.19076305220883535,0.32234441077709197,0.3366784453392029,0.7103808832168579,0.603927493095398
149,3,borda,canonical,80295,main,data/simulation_output/thesis_final_runs_v1/design_0149/rule_borda/seed_80295/run_0,puzzle,63.756,51.2,23.808,0.276,62.98809523809524,64.0,0.03823293172690763,67.82142857142857,69.0,0.005301204819277109,24145147307622.207,71829241978441.14,738774371794944.0,24.166666666666668,26.0,0.012891566265060241,0.27380952380952384,0.0,0.19979919678714858,0.3051940072774887,0.29569870233535767,0.7427944910526275,0.6520283222198486
149,3,borda,canonical,80424,main,data/simulation_output/thesis_final_runs_v1/design_0149/rule_borda/seed_80424/run_0,puzzle,54.776,54.412,23.512,0.288,49.30952380952381,48.0,0.04313253012048193,56.23809523809524,61.0,0.004658634538152611,147356222598386.62,438556322804638.5,5101493971582976.0,24.178571428571427,17.0,0.01690763052208835,0.19345238095238096,0.5,0.20281124497991967,0.28879404163360595,0.26342862844467163,0.727627379655838,0.7459384799003601
149,3,borda,canonical,81123,main,data/simulation_output/thesis_final_runs_v1/design_0149/rule_borda/seed_81123/run_0,puzzle,54.548,53.488,22.068,0.273,46.95238095238095,43.0,0.043373493975903614,62.36904761904762,59.0,0.007108433734939758,13583983872881.094,40405003628251.43,354512741072896.0,23.583333333333332,22.0,0.015783132530120484,0.31845238095238093,0.25,0.178714859437751,0.3258937041759491,0.33962684869766235,0.7310530781745911,0.8089179396629333
149,3,borda,canonical,81190,main,data/simulation_output/thesis_final_runs_v1/design_0149/rule_borda/seed_81190/run_0,puzzle,64.472,39.228,19.032,0.227,66.0,73.0,0.0514859437751004,41.51190476190476,51.0,0.010522088353413655,11065559048856.33,32927214813476.57,331839004737536.0,20.392857142857142,24.0,0.0178714859437751,0.21428571428571427,0.25,0.1897590361445783,0.30947462034225465,0.32973408699035645,0.7122402908802032,0.7565295696258545
149,3,borda,canonical,81312,main,data/simulation_output/thesis_final_runs_v1/design_0149/rule_borda/seed_81312/run_0,puzzle,61.72,42.156,23.668,0.37,59.095238095238095,66.0,0.045863453815261045,54.11904761904762,46.0,0.00678714859437751,28321674975838.047,84283899254979.05,684114067849216.0,23.821428571428573,20.0,0.014859437751004017,0.33630952380952384,0.75,0.1827309236947791,0.3091361699104309,0.40524184703826904,0.7286199307441712,0.5842670798301697
149,3,borda,canonical,82070,main,data/simulation_output/thesis_final_runs_v1/design_0149/rule_borda/seed_82070/run_0,puzzle,83.184,15.48,24.684,0.263,87.54761904761905,89.0,0.030120481927710843,17.0,17.0,0.0008835341365461848,3060251766968037.0,9107359097721418.0,8.955045466865664e+16,24.404761904761905,29.0,0.01895582329317269,0.18452380952380953,0.5,0.18875502008032127,0.2492196719646454,0.2194766253232956,0.6721554194688797,0.7938508987426758
149,3,borda,canonical,82168,main,data/simulation_output/thesis_final_runs_v1/design_0149/rule_borda/seed_82168/run_0,puzzle,77.828,26.3,25.808,0.254,78.71428571428571,80.0,0.024497991967871485,27.773809523809526,29.0,0.0013654618473895584,4.333781698057709e+16,1.28979616042969e+17,1.2991399209876849e+18,24.261904761904763,21.0,0.02357429718875502,0.25297619047619047,0.25,0.17771084337349397,0.2629713343977928,0.30020439624786377,0.6949522030353547,0.7323369383811951
149,3,borda,canonical,82292,main,data/simulation_output/thesis_final_runs_v1/design_0149/rule_borda/seed_82292/run_0,puzzle,76.132,34.124,25.588,0.235,81.98809523809524,85.0,0.03971887550200803,34.5,33.0,0.008594377510040161,1027982931310099.1,3058229522826776.5,2.662507349855437e+16,27.63095238095238,32.0,0.014819277108433735,0.23809523809523808,0.25,0.1686746987951807,0.2645519815087318,0.2590275704860687,0.7129976987838745,0.7418016195297241
149,3,borda,canonical,82404,main,data/simulation_output/thesis_final_runs_v1/design_0149/rule_borda/seed_82404/run_0,puzzle,67.82,34.572,20.944,0.358,69.86904761904762,68.0,0.056586345381526106,42.32142857142857,45.0,0.007309236947791164,237116929342.06723,705452919264.0,7096909692928.0,20.61904761904762,17.0,0.015220883534136547,0.3125,0.25,0.2389558232931727,0.27982884567975996,0.24563169479370117,0.7287744688987732,0.5994694232940674
149,3,borda,canonical,82986,main,data/simulation_output/thesis_final_runs_v1/design_0149/rule_borda/seed_82986/run_0,puzzle,84.036,27.792,23.728,0.355,89.48809523809524,91.0,0.033012048192771086,31.904761904761905,41.0,0.008755020080321285,1.89560135127735e+16,5.641587911558368e+16,3.033030656608174e+17,23.13095238095238,26.0,0.011606425702811245,0.35119047619047616,0.0,0.12349397590361445,0.2785708991885185,0.2496911585330963,0.7183913625478745,0.522683322429657
149,3,borda,canonical,83099,main,data/simulation_output/thesis_final_runs_v1/design_0149/rule_borda/seed_83099/run_0,puzzle,61.968,55.684,21.404,0.259,57.76190476190476,59.0,0.04815261044176707,63.86904761904762,64.0,0.002891566265060241,2250544517731.427,6696500089490.286,68922309083136.0,21.11904761904762,32.0,0.012088353413654617,0.2261904761904762,0.0,0.21385542168674698,0.30406778836250303,0.2862682342529297,0.7064226433038712,0.6882820725440979
149,3,borda,canonical,85860,main,data/simulation_output/thesis_final_runs_v1/design_0149/rule_borda/seed_85860/run_0,puzzle,74.776,46.484,25.104,0.348,76.21428571428571,73.0,0.036024096385542166,48.13095238095238,29.0,0.007670682730923695,375177505588.5802,1106491918336.0,9918242357248.0,23.892857142857142,29.0,0.0157429718875502,0.4166666666666667,0.0,0.20682730923694778,0.29303626096248625,0.2691030204296112,0.7400866309404374,0.7276312708854675
149,3,borda,canonical,86194,main,data/simulation_output/thesis_final_runs_v1/design_0149/rule_borda/seed_86194/run_0,puzzle,77.88,33.784,23.332,0.293,81.33333333333333,81.0,0.029236947791164657,36.19047619047619,38.0,0.0026104417670682733,360932970499491.0,1074120282910134.9,1.1783911717732352e+16,21.5,26.0,0.01678714859437751,0.31547619047619047,0.5,0.17269076305220885,0.2922645196914673,0.2696169912815094,0.6907377007007599,0.8016484975814819
149,3,borda,canonical,86474,main,data/simulation_output/thesis_final_runs_v1/design_0149/rule_borda/seed_86474/run_0,puzzle,72.204,35.54,22.08,0.317,74.86904761904762,70.0,0.04385542168674699,41.833333333333336,36.0,0.009156626506024095,3470957466954.26,10322200929036.191,51980265324544.0,22.702380952380953,17.0,0.009799196787148594,0.33630952380952384,0.5,0.18775100401606426,0.31646626830101016,0.41035225987434387,0.7051094212532043,0.5713714361190796
149,3,borda,canonical,87521,main,data/simulation_output/thesis_final_runs_v1/design_0149/rule_borda/seed_87521/run_0,puzzle,68.988,50.76,25.772,0.296,69.04761904761905,70.0,0.027590361445783133,66.21428571428571,67.0,0.005140562248995983,4.098168968096535e+16,1.2196852811696576e+17,1.3948055415024517e+18,24.845238095238095,28.0,0.01819277108433735,0.25892857142857145,0.5,0.17670682730923695,0.29785226881504057,0.27503135800361633,0.7138749222755432,0.6164281964302063
149,3,borda,canonical,88242,main,data/simulation_output/thesis_final_runs_v1/design_0149/rule_borda/seed_88242/run_0,puzzle,73.536,29.344,25.18,0.233,79.10714285714286,82.0,0.04469879518072289,42.69047619047619,51.0,0.009678714859437752,71311582562000.08,212218970492147.8,1365749671133184.0,26.714285714285715,26.0,0.011164658634538152,0.2648809523809524,0.0,0.19076305220883535,0.308340585231781,0.3096192181110382,0.7209221389293671,0.7022889256477356
149,3,borda,canonical,88324,main,data/simulation_output/thesis_final_runs_v1/design_0149/rule_borda/seed_88324/run_0,puzzle,74.204,35.872,20.928,0.315,76.41666666666667,78.0,0.044257028112449796,54.07142857142857,55.0,0.010883534136546184,916447887083.3562,2726610643565.7144,20846055784448.0,21.976190476190474,21.0,0.012329317269076306,0.31547619047619047,0.0,0.23694779116465864,0.32421861016750336,0.29903632402420044,0.7080655193328858,0.6038399338722229
149,3,borda,canonical,88856,main,data/simulation_output/thesis_final_runs_v1/design_0149/rule_borda/seed_88856/run_0,puzzle,74.948,33.528,24.872,0.275,71.57142857142857,70.0,0.035100401606425705,36.0,36.0,0.0014056224899598394,3678204681206690.0,1.0946543923557328e+16,9.97304376932434e+16,26.226190476190474,27.0,0.018514056224899596,0.21428571428571427,0.75,0.20180722891566266,0.29580861765146255,0.2553233206272125,0.7053424253463745,0.759545087814331
149,3,borda,canonical,89337,main,data/simulation_output/thesis_final_runs_v1/design_0149/rule_borda/seed_89337/run_0,puzzle,65.588,40.076,21.14,0.328,62.20238095238095,64.0,0.042891566265060244,45.107142857142854,46.0,0.0027710843373493976,1016500815695.477,3023144666624.0,15738849984512.0,20.904761904761905,23.0,0.022329317269076304,0.33630952380952384,0.25,0.21184738955823293,0.3363080846071243,0.31359654664993286,0.6908137429952621,0.7766737937927246
149,3,borda,canonical,90419,main,data/simulation_output/thesis_final_runs_v1/design_0149/rule_borda/seed_90419/run_0,puzzle,64.648,44.896,22.312,0.324,67.16666666666667,65.0,0.0548995983935743,59.69047619047619,79.0,0.011124497991967873,15201237173160.898,45240943704228.57,589444197384192.0,24.19047619047619,22.0,0.012329317269076306,0.2648809523809524,0.5,0.19678714859437751,0.26980054134130477,0.28545480966567993,0.7263089635372162,0.759681224822998
149,3,borda,canonical,90948,main,data/simulation_output/thesis_final_runs_v1/design_0149/rule_borda/seed_90948/run_0,puzzle,57.108,22.24,21.124,0.345,50.595238095238095,53.0,0.059799196787148595,25.916666666666668,40.0,0.01321285140562249,343633630720.10364,1020951308489.1428,10926486978560.0,20.178571428571427,20.0,0.01429718875502008,0.3541666666666667,0.25,0.19377510040160642,0.3256036152839661,0.3116986155509949,0.7229657943248748,0.6619409322738647
149,3,borda,canonical,91449,main,data/simulation_output/thesis_final_runs_v1/design_0149/rule_borda/seed_91449/run_0,puzzle,76.324,32.46,22.152,0.343,81.41666666666667,78.0,0.04192771084337349,42.5,44.0,0.0055020080321285135,2775491300820.154,8250899165281.523,29772369362944.0,22.452380952380953,24.0,0.016666666666666666,0.37797619047619047,0.25,0.19176706827309237,0.28337096989154814,0.30017146468162537,0.7056060143709183,0.7519034743309021
149,3,borda,canonical,91734,main,data/simulation_output/thesis_final_runs_v1/design_0149/rule_borda/seed_91734/run_0,puzzle,79.764,28.224,24.212,0.3,83.26190476190476,83.0,0.03570281124497992,32.0,32.0,0.0027710843373493976,31839579962655.684,94618283413308.95,833448268791808.0,22.952380952380953,26.0,0.014859437751004017,0.38095238095238093,0.25,0.18775100401606426,0.30978531104326246,0.2803153693675995,0.6716896584033966,0.6863188743591309
149,3,borda,canonical,92005,main,data/simulation_output/thesis_final_runs_v1/design_0149/rule_borda/seed_92005/run_0,puzzle,64.12,49.504,23.9,0.286,62.51190476190476,64.0,0.03598393574297189,54.464285714285715,54.0,0.00321285140562249,650273942088416.0,1935144021286522.0,2.673921010696192e+16,23.416666666666668,31.0,0.015983935742971887,0.29464285714285715,0.25,0.19076305220883535,0.2940283670425415,0.2724546492099762,0.7086392307281494,0.6826678514480591
149,3,borda,canonical,92453,main,data/simulation_output/thesis_final_runs_v1/design_0149/rule_borda/seed_92453/run_0,puzzle,69.22,36.532,24.436,0.335,70.95238095238095,72.0,0.03895582329317269,43.38095238095238,34.0,0.007028112449799197,2131735940381.2493,6343257668010.667,47254425567232.0,26.297619047619047,19.0,0.013855421686746987,0.35119047619047616,0.5,0.22289156626506024,0.30056998527050016,0.3247990906238556,0.7065972945690155,0.5975967645645142
149,3,borda,canonical,92463,main,data/simulation_output/thesis_final_runs_v1/design_0149/rule_borda/seed_92463/run_0,puzzle,76.004,39.16,24.168,0.289,79.9047619047619,80.0,0.03273092369477912,53.80952380952381,55.0,0.005662650602409639,1532619814169357.8,4561338109445656.0,5.199630860445286e+16,27.511904761904763,32.0,0.021686746987951807,0.18154761904761904,0.0,0.20582329317269077,0.27590991199016573,0.2412038892507553,0.7284542087316513,0.7074679732322693
149,3,borda,canonical,92472,main,data/simulation_output/thesis_final_runs_v1/design_0149/rule_borda/seed_92472/run_0,puzzle,73.06,34.492,20.216,0.27,75.03571428571429,78.0,0.0421285140562249,41.904761904761905,45.0,0.004738955823293173,366895088398715.0,1091559008548571.4,8801187390291968.0,18.392857142857142,24.0,0.016706827309236946,0.34523809523809523,0.0,0.16265060240963855,0.29762328910827635,0.33843275904655457,0.700978141784668,0.6762264966964722
149,3,borda,canonical,93235,main,data/simulation_output/thesis_final_runs_v1/design_0149/rule_borda/seed_93235/run_0,puzzle,62.976,37.464,19.06,0.261,59.083333333333336,53.0,0.054096385542168675,52.583333333333336,56.0,0.009156626506024095,31538751254.79073,93493521523.80952,431391703040.0,18.916666666666668,19.0,0.0121285140562249,0.31547619047619047,0.5,0.20481927710843373,0.35396087992191316,0.3466702401638031,0.6928960424661637,0.603334367275238
149,3,borda,canonical,94073,main,data/simulation_output/thesis_final_runs_v1/design_0149/rule_borda/seed_94073/run_0,puzzle,66.896,50.364,24.924,0.27,64.32142857142857,65.0,0.036465863453815264,58.17857142857143,58.0,0.00357429718875502,3338393320208475.0,9935291762206622.0,4.33113049113559e+16,27.404761904761905,19.0,0.015140562248995983,0.34523809523809523,0.75,0.1857429718875502,0.3524626380205154,0.35047486424446106,0.6941859438419342,0.5723729133605957
149,3,borda,canonical,94738,main,data/simulation_output/thesis_final_runs_v1/design_0149/rule_borda/seed_94738/run_0,puzzle,63.224,43.484,22.424,0.33,60.273809523809526,59.0,0.042650602409638555,52.0,52.0,0.003654618473895582,34756968474064.26,103438914837650.28,1264851091456000.0,23.595238095238095,27.0,0.009196787148594378,0.33035714285714285,0.25,0.20983935742971888,0.31429417681694033,0.2953924238681793,0.7138738989830017,0.8215773701667786
149,3,borda,canonical,95664,main,data/simulation_output/thesis_final_runs_v1/design_0149/rule_borda/seed_95664/run_0,puzzle,63.852,44.22,21.928,0.318,59.214285714285715,62.0,0.04955823293172691,54.595238095238095,55.0,0.0059036144578313255,736646217350.1788,2191934850296.3809,13639849345024.0,23.476190476190474,26.0,0.01538152610441767,0.26785714285714285,0.5,0.19879518072289157,0.3427169293165207,0.3184921145439148,0.7035191476345062,0.6577578186988831
149,3,borda,canonical,96659,main,data/simulation_output/thesis_final_runs_v1/design_0149/rule_borda/seed_96659/run_0,puzzle,59.328,47.84,22.524,0.327,56.833333333333336,60.0,0.050200803212851405,56.79761904761905,59.0,0.003895582329317269,27722150734021.926,82503164273225.14,1166654180425728.0,22.523809523809526,29.0,0.014457831325301205,0.2857142857142857,0.25,0.19176706827309237,0.27238583475351336,0.2168038785457611,0.7330425131320953,0.7568823099136353
149,3,borda,canonical,97030,main,data/simulation_output/thesis_final_runs_v1/design_0149/rule_borda/seed_97030/run_0,puzzle,58.468,49.156,25.128,0.248,53.44047619047619,52.0,0.03783132530120482,59.82142857142857,62.0,0.005100401606425703,1956483377644381.5,5822301201098654.0,7.00604686050263e+16,23.11904761904762,24.0,0.013493975903614458,0.3005952380952381,0.5,0.17971887550200802,0.32454176795482637,0.3958788514137268,0.6966606668233871,0.6716193556785583
149,3,borda,canonical,98303,main,data/simulation_output/thesis_final_runs_v1/design_0149/rule_borda/seed_98303/run_0,puzzle,64.368,38.94,22.308,0.349,58.82142857142857,60.0,0.04433734939759036,44.61904761904762,45.0,0.0024497991967871485,214232741542.7052,632063189040.762,4545728479232.0,22.202380952380953,27.0,0.016867469879518072,0.4255952380952381,0.0,0.2178714859437751,0.27783567082881927,0.2514975070953369,0.6820792188644409,0.7542690634727478
149,3,borda,canonical,98366,main,data/simulation_output/thesis_final_runs_v1/design_0149/rule_borda/seed_98366/run_0,puzzle,59.396,49.468,21.808,0.33,55.07142857142857,56.0,0.04393574297188754,63.892857142857146,44.0,0.007108433734939758,189789570168.6941,560743311164.9524,3274786996224.0,23.238095238095237,33.0,0.01429718875502008,0.36607142857142855,0.5,0.20281124497991967,0.33393068301677703,0.2989450693130493,0.7117772941589355,0.6145634651184082
149,3,borda,canonical,99085,main,data/simulation_output/thesis_final_runs_v1/design_0149/rule_borda/seed_99085/run_0,puzzle,73.58,33.6,22.364,0.284,74.20238095238095,69.0,0.043092369477911646,45.19047619047619,46.0,0.004618473895582329,9464538473375.865,28165502909281.523,356324143529984.0,25.464285714285715,37.0,0.013614457831325302,0.2708333333333333,0.5,0.17670682730923695,0.3269671159982681,0.29342135787010193,0.6923396351337433,0.8466222286224365
149,3,borda,canonical,99163,main,data/simulation_output/thesis_final_runs_v1/design_0149/rule_borda/seed_99163/run_0,puzzle,60.912,49.368,23.288,0.241,55.142857142857146,54.0,0.04987951807228916,71.91666666666667,73.0,0.00823293172690763,536947696748826.7,1598030654128908.2,7890895378579456.0,24.428571428571427,22.0,0.011325301204819277,0.25297619047619047,0.75,0.18775100401606426,0.34621457731723787,0.34525540471076965,0.6993970975875855,0.6750654578208923
149,3,borda,canonical,99173,main,data/simulation_output/thesis_final_runs_v1/design_0149/rule_borda/seed_99173/run_0,puzzle,72.216,33.592,21.54,0.284,75.69047619047619,72.0,0.03590361445783132,42.11904761904762,43.0,0.0036144578313253013,212065563266411.4,630965223743878.1,6315137912799232.0,20.11904761904762,22.0,0.012811244979919678,0.29464285714285715,0.25,0.19678714859437751,0.29156556659936905,0.32239246368408203,0.6969499237537384,0.5290462970733643
149,4,schulze,canonical,10246,main,data/simulation_output/thesis_final_runs_v1/design_0149/rule_schulze/seed_10246/run_0,puzzle,83.98,19.86,25.864,0.303,87.80952380952381,87.0,0.030522088353413655,22.0,22.0,0.001967871485943775,437057422997930.8,1299370157938785.5,1.0140296453029888e+16,25.047619047619047,27.0,0.021285140562248995,0.36607142857142855,0.75,0.25903614457831325,0.24289934396743773,0.2669751048088074,0.6852476750612259,0.7808834910392761
149,4,schulze,canonical,10393,main,data/simulation_output/thesis_final_runs_v1/design_0149/rule_schulze/seed_10393/run_0,puzzle,60.476,51.8,20.916,0.253,54.38095238095238,53.0,0.03863453815261044,59.0,59.0,0.004578313253012048,15953703616897.174,47474183746803.81,460405159755776.0,21.88095238095238,24.0,0.017710843373493976,0.30654761904761907,0.25,0.20783132530120482,0.34722959268093107,0.36665502190589905,0.7058849968910217,0.6875489354133606
149,4,schulze,canonical,10588,main,data/simulation_output/thesis_final_runs_v1/design_0149/rule_schulze/seed_10588/run_0,puzzle,59.044,49.88,23.856,0.324,58.54761904761905,58.0,0.041807228915662645,60.54761904761905,63.0,0.006746987951807229,3783167396716.184,11241461399503.238,122303580995584.0,23.214285714285715,31.0,0.016666666666666666,0.36904761904761907,0.5,0.20883534136546184,0.33354463875293733,0.32538115978240967,0.6993649685382843,0.8064247369766235
149,4,schulze,canonical,11176,main,data/simulation_output/thesis_final_runs_v1/design_0149/rule_schulze/seed_11176/run_0,puzzle,45.204,62.656,23.472,0.252,36.666666666666664,37.0,0.04417670682730924,73.01190476190476,73.0,0.004016064257028112,152038210633486.75,452477358327125.3,2228765904076800.0,23.988095238095237,21.0,0.011807228915662651,0.27380952380952384,0.75,0.2429718875502008,0.3107544578313827,0.31629395484924316,0.7070008385181427,0.6359754204750061
149,4,schulze,canonical,11311,main,data/simulation_output/thesis_final_runs_v1/design_0149/rule_schulze/seed_11311/run_0,puzzle,65.92,39.144,25.368,0.306,61.666666666666664,62.0,0.045180722891566265,46.285714285714285,50.0,0.008835341365461847,173758375789063.53,517076739007634.3,1184018598985728.0,27.523809523809526,21.0,0.016345381526104416,0.3601190476190476,0.5,0.19477911646586346,0.2923298704624176,0.31154295802116394,0.7174341031312943,0.734842836856842
149,4,schulze,canonical,11408,main,data/simulation_output/thesis_final_runs_v1/design_0149/rule_schulze/seed_11408/run_0,puzzle,65.408,38.972,25.692,0.329,65.1547619047619,68.0,0.04176706827309237,42.94047619047619,43.0,0.0026907630522088354,122051492542525.1,363225165372074.7,2190105158615040.0,26.535714285714285,31.0,0.02068273092369478,0.34523809523809523,0.5,0.2319277108433735,0.2823046237826347,0.2610953450202942,0.7156738176345825,0.7820355892181396
149,4,schulze,canonical,11660,main,data/simulation_output/thesis_final_runs_v1/design_0149/rule_schulze/seed_11660/run_0,puzzle,66.712,49.508,22.748,0.282,66.45238095238095,66.0,0.037630522088353414,58.11904761904762,62.0,0.00678714859437751,1799799789851.841,5342677984694.857,6665704833024.0,23.488095238095237,25.0,0.02397590361445783,0.4226190476190476,0.25,0.26907630522088355,0.3271835041046143,0.2926454246044159,0.7134657101631164,0.7461584210395813
149,4,schulze,canonical,12392,main,data/simulation_output/thesis_final_runs_v1/design_0149/rule_schulze/seed_12392/run_0,puzzle,64.036,42.772,23.96,0.393,63.785714285714285,63.0,0.04281124497991968,54.95238095238095,54.0,0.0059036144578313255,2704449573.4083595,8014699474.285714,53663690752.0,24.94047619047619,20.0,0.02176706827309237,0.36607142857142855,0.0,0.30120481927710846,0.30976354467868805,0.3018919825553894,0.7495105249881744,0.5536082983016968
149,4,schulze,canonical,12494,main,data/simulation_output/thesis_final_runs_v1/design_0149/rule_schulze/seed_12494/run_0,puzzle,82.948,23.792,26.12,0.322,85.69047619047619,86.0,0.03530120481927711,27.94047619047619,28.0,0.0014859437751004014,708153591575824.6,2107585169639521.5,1.7233457490952192e+16,27.988095238095237,19.0,0.020642570281124498,0.2767857142857143,0.25,0.2469879518072289,0.2706554409265518,0.3113900423049927,0.6915655168294906,0.585104763507843
149,4,schulze,canonical,12536,main,data/simulation_output/thesis_final_runs_v1/design_0149/rule_schulze/seed_12536/run_0,puzzle,57.888,39.832,25.78,0.319,51.30952380952381,51.0,0.05,62.61904761904762,66.0,0.009799196787148594,8088180289739.552,24071735210901.332,302822306349056.0,27.36904761904762,33.0,0.01783132530120482,0.22321428571428573,0.25,0.2289156626506024,0.28220046508312224,0.2733144462108612,0.7103405776023864,0.6870337724685669
149,4,schulze,canonical,14271,main,data/simulation_output/thesis_final_runs_v1/design_0149/rule_schulze/seed_14271/run_0,puzzle,69.86,38.464,21.8,0.236,69.23809523809524,71.0,0.048112449799196794,58.595238095238095,63.0,0.011204819277108433,2855645184188.3477,8498486035788.19,105093328273408.0,21.476190476190474,26.0,0.015060240963855422,0.1636904761904762,0.25,0.20983935742971888,0.3286258240938187,0.368194580078125,0.6988210372924805,0.7617028951644897
149,4,schulze,canonical,14879,main,data/simulation_output/thesis_final_runs_v1/design_0149/rule_schulze/seed_14879/run_0,puzzle,75.808,35.236,25.064,0.409,77.29761904761905,76.0,0.040843373493975904,40.0,40.0,0.0026506024096385546,246426591626.2192,716899323172.5714,7415501160448.0,25.023809523809526,32.0,0.014216867469879517,0.4791666666666667,0.0,0.2520080321285141,0.29395920026302336,0.24463029205799103,0.7045225534439087,0.7780116200447083
149,4,schulze,canonical,14942,main,data/simulation_output/thesis_final_runs_v1/design_0149/rule_schulze/seed_14942/run_0,puzzle,64.396,19.064,24.104,0.408,67.55952380952381,64.0,0.05333333333333333,28.011904761904763,25.0,0.0054618473895582335,1389941841877.5288,4113724635818.6665,6512472227840.0,24.714285714285715,18.0,0.02160642570281125,0.4732142857142857,0.5,0.2600401606425703,0.26199108618497846,0.30439427495002747,0.7135637100934983,0.7186110019683838
149,4,schulze,canonical,17514,main,data/simulation_output/thesis_final_runs_v1/design_0149/rule_schulze/seed_17514/run_0,puzzle,49.872,52.968,22.684,0.308,44.26190476190476,47.0,0.045622489959839356,59.083333333333336,61.0,0.007349397590361446,11730769933909.297,34912527098002.285,259803511259136.0,27.345238095238095,24.0,0.024176706827309234,0.2767857142857143,0.0,0.2429718875502008,0.31621676123142245,0.28860989212989807,0.7312057003974914,0.7069404721260071
149,4,schulze,canonical,18594,main,data/simulation_output/thesis_final_runs_v1/design_0149/rule_schulze/seed_18594/run_0,puzzle,61.56,49.32,23.24,0.268,58.54761904761905,59.0,0.0336144578313253,56.07142857142857,57.0,0.004056224899598394,2561687527370063.0,7623659371292574.0,7.721394279494451e+16,23.964285714285715,31.0,0.020120481927710845,0.2976190476190476,0.0,0.21686746987951808,0.3168773107528687,0.2958369851112366,0.6873963685035706,0.6023077964782715
149,4,schulze,canonical,18641,main,data/simulation_output/thesis_final_runs_v1/design_0149/rule_schulze/seed_18641/run_0,puzzle,70.132,33.384,22.496,0.315,69.98809523809524,66.0,0.04341365461847389,41.92857142857143,43.0,0.0055020080321285135,8648626468237.35,25639250757924.57,202155487133696.0,21.154761904761905,23.0,0.010160642570281124,0.3392857142857143,0.5,0.2560240963855422,0.2718434342741966,0.28769534826278687,0.7079640662670136,0.6719914078712463
149,4,schulze,canonical,19530,main,data/simulation_output/thesis_final_runs_v1/design_0149/rule_schulze/seed_19530/run_0,puzzle,70.424,31.288,24.932,0.31,74.26190476190476,77.0,0.04116465863453815,34.345238095238095,33.0,0.00714859437751004,7997935043775.606,23801385776542.477,176758842195968.0,27.13095238095238,23.0,0.017349397590361446,0.29464285714285715,0.5,0.21285140562248997,0.32084371387958527,0.30439165234565735,0.705120191693306,0.8389502167701721
149,4,schulze,canonical,19767,main,data/simulation_output/thesis_final_runs_v1/design_0149/rule_schulze/seed_19767/run_0,puzzle,61.316,44.504,23.68,0.289,57.69047619047619,60.0,0.042530120481927704,58.642857142857146,47.0,0.007469879518072289,2.4450128591920884e+16,7.27589881726894e+16,8.632524862096671e+17,24.226190476190474,30.0,0.0178714859437751,0.34226190476190477,0.5,0.21385542168674698,0.26014121079444885,0.2891247868537903,0.7164600589275361,0.7615973949432373
149,4,schulze,canonical,19919,main,data/simulation_output/thesis_final_runs_v1/design_0149/rule_schulze/seed_19919/run_0,puzzle,66.008,44.248,23.272,0.289,62.36904761904762,63.0,0.038313253012048194,49.0,49.0,0.0026506024096385546,130473068313788.03,388288223679829.3,4657954309537792.0,22.738095238095237,26.0,0.022208835341365463,0.2708333333333333,0.5,0.21887550200803213,0.3207143402099609,0.36851245164871216,0.7259965291023255,0.6531884670257568
149,4,schulze,canonical,20547,main,data/simulation_output/thesis_final_runs_v1/design_0149/rule_schulze/seed_20547/run_0,puzzle,44.68,59.764,23.664,0.302,39.26190476190476,39.0,0.03293172690763052,66.52380952380952,67.0,0.004658634538152611,46613567866344.19,138714800342844.95,1572903594229760.0,25.083333333333332,23.0,0.016345381526104416,0.33630952380952384,0.25,0.23795180722891565,0.3705238231420517,0.37346866726875305,0.681321565747261,0.6791865229606628
149,4,schulze,canonical,20994,main,data/simulation_output/thesis_final_runs_v1/design_0149/rule_schulze/seed_20994/run_0,puzzle,68.376,32.988,26.58,0.349,71.22619047619048,71.0,0.03393574297188755,38.13095238095238,39.0,0.00321285140562249,2907501381710.7837,8614208318902.857,48058062602240.0,28.392857142857142,38.0,0.02538152610441767,0.4166666666666667,0.0,0.2720883534136546,0.3159374713897705,0.26957306265830994,0.6834438930749893,0.6373619437217712
149,4,schulze,canonical,21298,main,data/simulation_output/thesis_final_runs_v1/design_0149/rule_schulze/seed_21298/run_0,puzzle,63.368,37.524,24.032,0.302,62.98809523809524,63.0,0.042891566265060244,56.904761904761905,66.0,0.010040160642570281,1065581921191.9865,3157643352259.048,15983707160576.0,25.214285714285715,24.0,0.017791164658634537,0.40773809523809523,0.0,0.22188755020080322,0.3241225764751434,0.33541619777679443,0.7375166168212891,0.629413366317749
149,4,schulze,canonical,21498,main,data/simulation_output/thesis_final_runs_v1/design_0149/rule_schulze/seed_21498/run_0,puzzle,56.992,44.94,19.072,0.26,49.55952380952381,45.0,0.05767068273092369,67.52380952380952,83.0,0.009799196787148594,133383729694.73346,396829391035.4286,3796892647424.0,18.702380952380953,19.0,0.013333333333333332,0.27380952380952384,0.5,0.21485943775100402,0.34782345712184903,0.35763704776763916,0.6803125340938568,0.6407650709152222
149,4,schulze,canonical,22216,main,data/simulation_output/thesis_final_runs_v1/design_0149/rule_schulze/seed_22216/run_0,puzzle,75.292,30.28,24.216,0.361,77.32142857142857,79.0,0.03289156626506024,37.19047619047619,28.0,0.0063855421686746985,180654114754.707,535467431289.9048,3686842236928.0,24.654761904761905,25.0,0.029317269076305223,0.4107142857142857,0.5,0.2680722891566265,0.28564013373851777,0.28730273246765137,0.7444899193048478,0.5960829854011536
149,4,schulze,canonical,22385,main,data/simulation_output/thesis_final_runs_v1/design_0149/rule_schulze/seed_22385/run_0,puzzle,84.708,10.264,22.34,0.393,90.36904761904762,91.0,0.028473895582329316,11.535714285714286,12.0,0.0008032128514056225,23592842588900.285,70175515841487.234,405702241681408.0,21.928571428571427,18.0,0.025903614457831323,0.43452380952380953,0.75,0.2761044176706827,0.25081956773996356,0.27180159091949463,0.6923014537096024,0.8167706727981567
149,4,schulze,canonical,22424,main,data/simulation_output/thesis_final_runs_v1/design_0149/rule_schulze/seed_22424/run_0,puzzle,69.644,32.964,22.84,0.311,72.91666666666667,76.0,0.046827309236947785,43.904761904761905,51.0,0.01104417670682731,1229677398143.8313,3659481959433.143,29068663717888.0,26.595238095238095,30.0,0.019477911646586344,0.23511904761904762,0.5,0.20281124497991967,0.29763473343849184,0.3063209652900696,0.7081173949241638,0.6166561841964722
149,4,schulze,canonical,24504,main,data/simulation_output/thesis_final_runs_v1/design_0149/rule_schulze/seed_24504/run_0,puzzle,65.836,47.52,21.72,0.337,63.535714285714285,65.0,0.04666666666666667,57.20238095238095,61.0,0.008393574297188755,43793929750.20928,130027786404.57143,904346009600.0,22.547619047619047,24.0,0.013654618473895583,0.3333333333333333,0.25,0.21586345381526104,0.326210334777832,0.29675790667533875,0.71196484375,0.7181193828582764
149,4,schulze,canonical,24575,main,data/simulation_output/thesis_final_runs_v1/design_0149/rule_schulze/seed_24575/run_0,puzzle,59.536,50.912,21.464,0.292,53.345238095238095,53.0,0.0457429718875502,73.73809523809524,75.0,0.007991967871485943,2526817152020.5815,7517702661680.762,53549761298432.0,21.773809523809526,22.0,0.01104417670682731,0.25297619047619047,0.0,0.22690763052208834,0.31719049751758577,0.2700616121292114,0.7199353976249695,0.7524628043174744
149,4,schulze,canonical,25058,main,data/simulation_output/thesis_final_runs_v1/design_0149/rule_schulze/seed_25058/run_0,puzzle,68.124,42.348,22.636,0.305,66.07142857142857,70.0,0.04550200803212851,60.17857142857143,61.0,0.00751004016064257,9447434112372.715,28115447495125.332,283518743609344.0,23.63095238095238,22.0,0.015622489959839359,0.22023809523809523,0.25,0.20983935742971888,0.29201931858062746,0.27321869134902954,0.7380600173473358,0.6909879446029663
149,4,schulze,canonical,25089,main,data/simulation_output/thesis_final_runs_v1/design_0149/rule_schulze/seed_25089/run_0,puzzle,67.668,38.584,29.068,0.292,71.8452380952381,78.0,0.03823293172690763,51.55952380952381,38.0,0.00751004016064257,121316860976352.67,361042244959475.8,4969896710504448.0,30.738095238095237,40.0,0.026104417670682733,0.2648809523809524,0.0,0.2419678714859438,0.2898167577385902,0.25070804357528687,0.7299727110862732,0.683716893196106
149,4,schulze,canonical,25175,main,data/simulation_output/thesis_final_runs_v1/design_0149/rule_schulze/seed_25175/run_0,puzzle,68.92,37.856,23.308,0.289,69.72619047619048,71.0,0.04911646586345381,49.70238095238095,40.0,0.009598393574297188,247704326424.5672,732280661040.762,3158580133888.0,24.095238095238095,22.0,0.011606425702811245,0.36607142857142855,0.25,0.23092369477911648,0.33099467897415163,0.3332214951515198,0.7180261766910553,0.7448061108589172
149,4,schulze,canonical,26898,main,data/simulation_output/thesis_final_runs_v1/design_0149/rule_schulze/seed_26898/run_0,puzzle,61.976,39.792,21.18,0.265,54.345238095238095,50.0,0.04497991967871486,51.095238095238095,52.0,0.010722891566265061,880915075604.1333,2619124652641.524,14359941087232.0,19.30952380952381,22.0,0.02397590361445783,0.3244047619047619,0.25,0.2600401606425703,0.32036048769950864,0.28341683745384216,0.7037472724914551,0.8163440227508545
149,4,schulze,canonical,27442,main,data/simulation_output/thesis_final_runs_v1/design_0149/rule_schulze/seed_27442/run_0,puzzle,51.436,48.524,23.764,0.215,41.42857142857143,33.0,0.05397590361445783,70.96428571428571,77.0,0.009116465863453816,152318886817178.6,453312532116431.25,2626660801183744.0,25.11904761904762,23.0,0.00887550200803213,0.23511904761904762,0.0,0.18373493975903615,0.3052362548112869,0.34168916940689087,0.7197343833446502,0.7176999449729919
149,4,schulze,canonical,27465,main,data/simulation_output/thesis_final_runs_v1/design_0149/rule_schulze/seed_27465/run_0,puzzle,67.24,37.344,25.112,0.344,67.45238095238095,64.0,0.043775100401606426,42.107142857142854,53.0,0.007269076305220884,142930209723249.9,425376313047137.5,2736543244484608.0,26.535714285714285,24.0,0.013132530120481926,0.33035714285714285,0.75,0.2289156626506024,0.2709834203720093,0.26347601413726807,0.7441652293205261,0.8455424904823303
149,4,schulze,canonical,27628,main,data/simulation_output/thesis_final_runs_v1/design_0149/rule_schulze/seed_27628/run_0,puzzle,63.388,46.952,23.632,0.274,68.28571428571429,69.0,0.04204819277108433,46.75,40.0,0.007751004016064256,129745714089783.34,385738247519475.8,1188318666555392.0,23.964285714285715,24.0,0.01502008032128514,0.31547619047619047,0.25,0.19779116465863453,0.29630868637561797,0.28038302063941956,0.710947603225708,0.7500112056732178
149,4,schulze,canonical,27645,main,data/simulation_output/thesis_final_runs_v1/design_0149/rule_schulze/seed_27645/run_0,puzzle,80.912,23.656,23.664,0.355,87.10714285714286,88.0,0.03795180722891566,30.845238095238095,32.0,0.0036947791164658635,127247159510310.0,378684002738176.0,2142774484795392.0,24.702380952380953,17.0,0.02072289156626506,0.36607142857142855,0.25,0.24397590361445784,0.2516033118963242,0.2996349632740021,0.7321079528331756,0.68916916847229
149,4,schulze,canonical,28106,main,data/simulation_output/thesis_final_runs_v1/design_0149/rule_schulze/seed_28106/run_0,puzzle,54.644,48.636,21.8,0.253,45.333333333333336,43.0,0.04927710843373494,73.13095238095238,74.0,0.005582329317269076,5588465301781.707,16631804063140.572,99490652487680.0,24.785714285714285,22.0,0.01357429718875502,0.19345238095238096,0.25,0.2319277108433735,0.3095423424243927,0.3023378252983093,0.7189124155044556,0.8011290431022644
149,4,schulze,canonical,28162,main,data/simulation_output/thesis_final_runs_v1/design_0149/rule_schulze/seed_28162/run_0,puzzle,83.36,25.58,28.22,0.433,88.14285714285714,89.0,0.03,27.976190476190474,35.0,0.007309236947791164,55141987950772.98,163886124324181.34,1822411800444928.0,27.166666666666668,29.0,0.017791164658634537,0.4851190476190476,0.25,0.21385542168674698,0.25751898539066315,0.24066011607646942,0.7518581659793854,0.6900086998939514
149,4,schulze,canonical,28550,main,data/simulation_output/thesis_final_runs_v1/design_0149/rule_schulze/seed_28550/run_0,puzzle,54.512,55.884,20.356,0.301,45.166666666666664,41.0,0.05397590361445783,81.26190476190476,81.0,0.007751004016064256,2189460013347.4304,6509221274965.333,31491453091840.0,20.416666666666668,20.0,0.00927710843373494,0.35714285714285715,0.25,0.23092369477911648,0.2980711721777916,0.24107380211353302,0.7210016624927521,0.6873698234558105
149,4,schulze,canonical,28942,main,data/simulation_output/thesis_final_runs_v1/design_0149/rule_schulze/seed_28942/run_0,puzzle,53.056,52.804,22.78,0.244,49.23809523809524,50.0,0.03927710843373494,62.214285714285715,64.0,0.006224899598393574,8027646461595591.0,2.38914520725898e+16,3.13539244037505e+17,22.904761904761905,28.0,0.014658634538152611,0.2916666666666667,0.25,0.18775100401606426,0.29371779596805575,0.2664002776145935,0.7025460689067841,0.7547904253005981
149,4,schulze,canonical,29129,main,data/simulation_output/thesis_final_runs_v1/design_0149/rule_schulze/seed_29129/run_0,puzzle,70.888,30.972,26.232,0.342,72.36904761904762,71.0,0.03473895582329317,37.0,37.0,0.0030923694779116466,6982664059544120.0,2.078055169477525e+16,1.3554826591862784e+17,24.547619047619047,17.0,0.01887550200803213,0.33630952380952384,0.5,0.22289156626506024,0.28031678140163424,0.2955310642719269,0.710873048067093,0.62629634141922
149,4,schulze,canonical,29315,main,data/simulation_output/thesis_final_runs_v1/design_0149/rule_schulze/seed_29315/run_0,puzzle,74.716,29.26,25.872,0.294,77.03571428571429,79.0,0.02995983935742972,32.63095238095238,33.0,0.002168674698795181,40074853020292.9,118895847089298.28,1210539887820800.0,25.261904761904763,32.0,0.025261044176706826,0.375,0.0,0.23694779116465864,0.27991211420297624,0.23264752328395844,0.6827298889160156,0.7255634665489197
149,4,schulze,canonical,29713,main,data/simulation_output/thesis_final_runs_v1/design_0149/rule_schulze/seed_29713/run_0,puzzle,75.416,35.396,28.512,0.234,77.11904761904762,77.0,0.027429718875502006,34.583333333333336,37.0,0.009116465863453816,4.224699166411155e+16,1.257332842472407e+17,8.76722053405737e+17,30.416666666666668,23.0,0.02642570281124498,0.2261904761904762,0.5,0.20381526104417672,0.2811454565525055,0.30103668570518494,0.7175628066062927,0.7631218433380127
149,4,schulze,canonical,30306,main,data/simulation_output/thesis_final_runs_v1/design_0149/rule_schulze/seed_30306/run_0,puzzle,57.94,55.728,24.12,0.282,54.107142857142854,55.0,0.036706827309236946,62.0,62.0,0.003052208835341366,157193283784834.62,467800004426215.6,4618523825405952.0,27.952380952380953,29.0,0.022650602409638555,0.3630952380952381,0.5,0.22088353413654618,0.33253086018562317,0.2882292568683624,0.7196505372524261,0.7352793216705322
149,4,schulze,canonical,30388,main,data/simulation_output/thesis_final_runs_v1/design_0149/rule_schulze/seed_30388/run_0,puzzle,80.12,42.044,23.484,0.307,87.41666666666667,88.0,0.04417670682730924,35.0,34.0,0.00642570281124498,1815716982542.1125,5366634762435.048,19462619136000.0,24.916666666666668,25.0,0.013172690763052209,0.38095238095238093,0.75,0.22088353413654618,0.2605133686065674,0.2898944914340973,0.7506263027191162,0.7796846628189087
149,4,schulze,canonical,30922,main,data/simulation_output/thesis_final_runs_v1/design_0149/rule_schulze/seed_30922/run_0,puzzle,69.456,42.444,26.868,0.237,68.69047619047619,66.0,0.03666666666666667,47.0,47.0,0.0024096385542168672,1.57717567996365e+17,4.693002860595961e+17,6.215982884759536e+18,25.095238095238095,23.0,0.014899598393574298,0.3125,0.0,0.1706827309236948,0.26991412895917893,0.23446296155452728,0.7007693010568619,0.6510438323020935
149,4,schulze,canonical,31049,main,data/simulation_output/thesis_final_runs_v1/design_0149/rule_schulze/seed_31049/run_0,puzzle,62.284,45.052,25.036,0.353,67.05952380952381,67.0,0.040120481927710845,44.70238095238095,39.0,0.0078714859437751,1860944075436.5361,5538441105547.81,75020512526336.0,31.988095238095237,31.0,0.021686746987951807,0.25,0.5,0.26706827309236947,0.32271994042396546,0.2908027470111847,0.6924115514755249,0.8204348683357239
149,4,schulze,canonical,32070,main,data/simulation_output/thesis_final_runs_v1/design_0149/rule_schulze/seed_32070/run_0,puzzle,63.404,40.808,23.464,0.244,57.07142857142857,59.0,0.046064257028112454,61.17857142857143,62.0,0.011124497991967873,15201619727108.701,45225662149973.336,395105517174784.0,21.63095238095238,20.0,0.0121285140562249,0.2857142857142857,0.25,0.1746987951807229,0.3244809963703156,0.3132421672344208,0.691797682762146,0.7006368041038513
149,4,schulze,canonical,32688,main,data/simulation_output/thesis_final_runs_v1/design_0149/rule_schulze/seed_32688/run_0,puzzle,68.92,46.152,26.752,0.343,70.13095238095238,64.0,0.04759036144578313,58.976190476190474,61.0,0.005180722891566265,6970930429621.928,20724854342022.094,129986866446336.0,25.642857142857142,25.0,0.025582329317269073,0.375,0.0,0.2660642570281124,0.2751332520842552,0.3070302903652191,0.7255783143043518,0.7241984605789185
149,4,schulze,canonical,33284,main,data/simulation_output/thesis_final_runs_v1/design_0149/rule_schulze/seed_33284/run_0,puzzle,63.624,44.204,23.684,0.271,55.892857142857146,57.0,0.05405622489959839,47.75,56.0,0.011405622489959839,1817886505817.2444,5409151432009.143,48575543246848.0,24.142857142857142,18.0,0.017108433734939758,0.20238095238095238,0.5,0.1897590361445783,0.3259902740716934,0.327773779630661,0.6806185389757157,0.7202134132385254
149,4,schulze,canonical,33526,main,data/simulation_output/thesis_final_runs_v1/design_0149/rule_schulze/seed_33526/run_0,puzzle,67.128,45.868,26.016,0.348,65.75,66.0,0.043373493975903614,57.654761904761905,58.0,0.0054618473895582335,114033076611667.9,339367067494400.0,2779634651365376.0,27.583333333333332,32.0,0.017670682730923693,0.3125,0.25,0.21184738955823293,0.2829998697042465,0.24948520958423615,0.748338061094284,0.8209335207939148
149,4,schulze,canonical,33956,main,data/simulation_output/thesis_final_runs_v1/design_0149/rule_schulze/seed_33956/run_0,puzzle,81.948,22.384,28.2,0.357,85.79761904761905,88.0,0.036947791164658635,26.0,26.0,0.002088353413654618,668771831711926.9,1990342268675998.5,1.1749696934510592e+16,28.142857142857142,23.0,0.022048192771084336,0.34226190476190477,0.75,0.23393574297188754,0.24438825345039367,0.29368922114372253,0.7131292197704315,0.6756849884986877
149,4,schulze,canonical,34037,main,data/simulation_output/thesis_final_runs_v1/design_0149/rule_schulze/seed_34037/run_0,puzzle,55.52,51.328,21.972,0.187,45.55952380952381,36.0,0.05052208835341365,65.07142857142857,72.0,0.009477911646586346,1289791825790.039,3835315642563.048,32378208649216.0,21.916666666666668,22.0,0.01610441767068273,0.22321428571428573,0.5,0.18072289156626506,0.33718322694301606,0.3394419550895691,0.7114080764055252,0.7715221047401428
149,4,schulze,canonical,34459,main,data/simulation_output/thesis_final_runs_v1/design_0149/rule_schulze/seed_34459/run_0,puzzle,69.412,40.316,24.608,0.298,71.41666666666667,74.0,0.03566265060240964,48.70238095238095,50.0,0.006345381526104418,2335815033998.72,6946565258191.238,52998076104704.0,24.273809523809526,32.0,0.022289156626506025,0.3244047619047619,0.25,0.2399598393574297,0.30081546235084533,0.2996612787246704,0.7209861581325531,0.7700839042663574
149,4,schulze,canonical,35086,main,data/simulation_output/thesis_final_runs_v1/design_0149/rule_schulze/seed_35086/run_0,puzzle,63.312,24.328,21.272,0.316,63.535714285714285,68.0,0.052008032128514056,23.011904761904763,23.0,0.014738955823293171,6851771782.022429,20324912264.761906,103714070528.0,21.178571428571427,22.0,0.011847389558232932,0.3482142857142857,0.25,0.2359437751004016,0.32828274309635164,0.308417946100235,0.7223401257991791,0.6147043108940125
149,4,schulze,canonical,35690,main,data/simulation_output/thesis_final_runs_v1/design_0149/rule_schulze/seed_35690/run_0,puzzle,58.56,34.04,20.172,0.278,50.57142857142857,46.0,0.05309236947791165,44.51190476190476,52.0,0.010562248995983936,163855416895.26355,487067139632.7619,4646076153856.0,21.63095238095238,28.0,0.015542168674698795,0.31845238095238093,0.5,0.20682730923694778,0.3351848034858704,0.3046412467956543,0.7054088566303253,0.7567915916442871
149,4,schulze,canonical,36007,main,data/simulation_output/thesis_final_runs_v1/design_0149/rule_schulze/seed_36007/run_0,puzzle,64.008,40.156,24.896,0.283,61.857142857142854,62.0,0.030240963855421684,44.0,44.0,0.002008032128514056,8733176502570640.0,2.5989313852092612e+16,2.03867065155584e+17,24.86904761904762,28.0,0.02216867469879518,0.32142857142857145,0.0,0.22590361445783133,0.2841997928023338,0.2977520227432251,0.7060691357851029,0.6091895699501038
149,4,schulze,canonical,36338,main,data/simulation_output/thesis_final_runs_v1/design_0149/rule_schulze/seed_36338/run_0,puzzle,58.256,46.044,23.156,0.267,55.333333333333336,57.0,0.047028112449799195,61.083333333333336,68.0,0.008554216867469879,8404076533077.925,25009432401139.81,218252923895808.0,23.988095238095237,21.0,0.013855421686746987,0.3005952380952381,0.5,0.21485943775100402,0.32733457326889037,0.31997206807136536,0.720657771229744,0.7025412321090698
149,4,schulze,canonical,36675,main,data/simulation_output/thesis_final_runs_v1/design_0149/rule_schulze/seed_36675/run_0,puzzle,77.676,24.596,25.46,0.296,78.64285714285714,77.0,0.038313253012048194,27.0,27.0,0.0012449799196787147,3463251204931186.5,1.0299778533525016e+16,2.614766426128384e+16,21.55952380952381,21.0,0.02289156626506024,0.4107142857142857,0.75,0.22389558232931728,0.25326159566640855,0.31255313754081726,0.6797825980186463,0.7170748710632324
149,4,schulze,canonical,37319,main,data/simulation_output/thesis_final_runs_v1/design_0149/rule_schulze/seed_37319/run_0,puzzle,71.772,34.5,27.548,0.347,74.82142857142857,76.0,0.04389558232931727,45.80952380952381,47.0,0.003534136546184739,2955615247277300.5,8796001118238427.0,5.791740635329331e+16,28.892857142857142,23.0,0.025341365461847388,0.31845238095238093,0.0,0.2720883534136546,0.25976050782203675,0.31563571095466614,0.7519486249685288,0.6628550887107849
149,4,schulze,canonical,37444,main,data/simulation_output/thesis_final_runs_v1/design_0149/rule_schulze/seed_37444/run_0,puzzle,47.616,54.004,20.172,0.27,41.92857142857143,36.0,0.041285140562248995,73.6547619047619,77.0,0.005341365461847389,157329455403631.84,468198269611446.9,2165677263683584.0,18.94047619047619,19.0,0.018433734939759038,0.30952380952380953,0.0,0.24096385542168675,0.3371194838285446,0.3225438594818115,0.6816487345695496,0.5729383230209351
149,4,schulze,canonical,38360,main,data/simulation_output/thesis_final_runs_v1/design_0149/rule_schulze/seed_38360/run_0,puzzle,62.724,49.116,26.22,0.253,59.80952380952381,65.0,0.037670682730923694,52.714285714285715,53.0,0.006265060240963856,2840381171817895.0,8453484221058877.0,9.062469470886298e+16,28.654761904761905,24.0,0.015180722891566266,0.19940476190476192,0.25,0.20180722891566266,0.28433804988861083,0.27058836817741394,0.7442687085866928,0.739669919013977
149,4,schulze,canonical,39061,main,data/simulation_output/thesis_final_runs_v1/design_0149/rule_schulze/seed_39061/run_0,puzzle,51.436,42.264,24.22,0.331,44.79761904761905,42.0,0.05257028112449799,58.20238095238095,57.0,0.009076305220883533,26190493168868.527,77944015413296.77,532630470656000.0,25.273809523809526,24.0,0.017429718875502008,0.31845238095238093,0.25,0.21686746987951808,0.28509960997104644,0.3031814992427826,0.709903080701828,0.8018940687179565
149,4,schulze,canonical,39208,main,data/simulation_output/thesis_final_runs_v1/design_0149/rule_schulze/seed_39208/run_0,puzzle,88.48,28.024,27.716,0.253,91.27380952380952,92.0,0.02642570281124498,31.0,31.0,0.0013654618473895584,2.3485543981924115e+17,6.989298740173772e+17,6.023468844096422e+18,23.011904761904763,15.0,0.019879518072289156,0.30357142857142855,0.5,0.21084337349397592,0.25409217810630796,0.3168000876903534,0.719098342180252,0.6924104690551758
149,4,schulze,canonical,39427,main,data/simulation_output/thesis_final_runs_v1/design_0149/rule_schulze/seed_39427/run_0,puzzle,64.484,38.732,20.948,0.299,61.51190476190476,65.0,0.0448995983935743,49.357142857142854,50.0,0.00642570281124498,2442249994568.052,7267366903271.619,67305014820864.0,22.345238095238095,18.0,0.02072289156626506,0.3005952380952381,0.25,0.22690763052208834,0.2944528789520264,0.36617523431777954,0.7025011575222015,0.6103852987289429
149,4,schulze,canonical,39467,main,data/simulation_output/thesis_final_runs_v1/design_0149/rule_schulze/seed_39467/run_0,puzzle,59.5,57.028,22.172,0.28,52.55952380952381,47.0,0.04216867469879518,62.0,62.0,0.0026104417670682733,78984670154304.14,234954090599765.34,2887703276290048.0,23.047619047619047,30.0,0.011967871485943775,0.3392857142857143,0.0,0.20682730923694778,0.3203215287923813,0.30933353304862976,0.710338219165802,0.7001094818115234
149,4,schulze,canonical,39503,main,data/simulation_output/thesis_final_runs_v1/design_0149/rule_schulze/seed_39503/run_0,puzzle,70.104,51.684,24.564,0.291,70.6547619047619,73.0,0.0385140562248996,56.642857142857146,60.0,0.003975903614457831,1603045140762041.8,4770757343775793.0,6.63704517476352e+16,23.80952380952381,25.0,0.01325301204819277,0.2648809523809524,0.0,0.23493975903614459,0.28505830478668215,0.26260673999786377,0.7173590548038483,0.6773853898048401
149,4,schulze,canonical,39628,main,data/simulation_output/thesis_final_runs_v1/design_0149/rule_schulze/seed_39628/run_0,puzzle,61.068,29.12,23.364,0.305,56.67857142857143,61.0,0.05385542168674699,31.178571428571427,41.0,0.007670682730923695,2639257015837.7876,7848983982031.238,78213661327360.0,23.071428571428573,22.0,0.016224899598393575,0.29464285714285715,0.0,0.23293172690763053,0.26526712560653687,0.23643040657043457,0.7057129607200623,0.49441981315612793
149,4,schulze,canonical,39712,main,data/simulation_output/thesis_final_runs_v1/design_0149/rule_schulze/seed_39712/run_0,puzzle,80.82,43.18,24.868,0.257,82.48809523809524,77.0,0.036867469879518076,52.023809523809526,39.0,0.006546184738955824,6281907331223497.0,1.869560812450923e+16,1.5868081374599578e+17,24.333333333333332,28.0,0.015662650602409636,0.25892857142857145,0.25,0.17269076305220885,0.27599564200639726,0.3026132583618164,0.7164753699302673,0.7231066226959229
149,4,schulze,canonical,40118,main,data/simulation_output/thesis_final_runs_v1/design_0149/rule_schulze/seed_40118/run_0,puzzle,55.46,51.396,25.084,0.258,48.94047619047619,47.0,0.04076305220883534,58.0,58.0,0.00393574297188755,140166367734764.14,417160386555879.6,2906404637638656.0,29.952380952380953,28.0,0.021244979919678716,0.2261904761904762,0.0,0.2289156626506024,0.3219407980442047,0.29973533749580383,0.7117273092269898,0.6806396245956421
149,4,schulze,canonical,40255,main,data/simulation_output/thesis_final_runs_v1/design_0149/rule_schulze/seed_40255/run_0,puzzle,50.62,49.312,21.9,0.346,42.20238095238095,42.0,0.05092369477911647,61.333333333333336,82.0,0.007309236947791164,56215153698.211655,167138985830.09525,2287339569152.0,22.142857142857142,22.0,0.013453815261044177,0.3244047619047619,0.5,0.2319277108433735,0.3048081700205803,0.25227639079093933,0.7098284051418304,0.746141791343689
149,4,schulze,canonical,40716,main,data/simulation_output/thesis_final_runs_v1/design_0149/rule_schulze/seed_40716/run_0,puzzle,68.444,44.472,22.592,0.296,66.35714285714286,62.0,0.04293172690763052,48.0,48.0,0.0024497991967871485,103197437227257.58,307131104410672.75,2851768358666240.0,25.38095238095238,17.0,0.018232931726907632,0.22321428571428573,0.5,0.23795180722891565,0.3080887650251389,0.34388449788093567,0.7041202068328858,0.6615935564041138
149,4,schulze,canonical,40825,main,data/simulation_output/thesis_final_runs_v1/design_0149/rule_schulze/seed_40825/run_0,puzzle,64.22,43.264,26.796,0.262,67.48809523809524,67.0,0.030361445783132532,55.25,55.0,0.00393574297188755,2.8331371580653136e+16,8.431755730511462e+16,4.431041480664023e+17,28.154761904761905,19.0,0.023172690763052207,0.29464285714285715,0.0,0.19477911646586346,0.2975085617303848,0.3012515902519226,0.6986634432077408,0.7125985622406006
149,4,schulze,canonical,41038,main,data/simulation_output/thesis_final_runs_v1/design_0149/rule_schulze/seed_41038/run_0,puzzle,62.684,41.624,26.216,0.307,62.904761904761905,64.0,0.03702811244979919,50.333333333333336,52.0,0.006907630522088354,1.0351417453240854e+16,3.0806024938561144e+16,4.648586728167178e+17,23.857142857142858,32.0,0.01751004016064257,0.36607142857142855,0.0,0.2289156626506024,0.30070307505130767,0.27061519026756287,0.7080834565162659,0.5744771957397461
149,4,schulze,canonical,41114,main,data/simulation_output/thesis_final_runs_v1/design_0149/rule_schulze/seed_41114/run_0,puzzle,77.66,30.824,24.504,0.359,81.79761904761905,82.0,0.037630522088353414,36.67857142857143,37.0,0.0023694779116465864,573874020758688.6,1707930839948531.8,1.065601787232256e+16,25.714285714285715,33.0,0.025903614457831323,0.37202380952380953,0.25,0.22289156626506024,0.26467948651313783,0.2270410656929016,0.7379918670654297,0.8160711526870728
149,4,schulze,canonical,41458,main,data/simulation_output/thesis_final_runs_v1/design_0149/rule_schulze/seed_41458/run_0,puzzle,57.508,39.392,21.852,0.22,50.45238095238095,45.0,0.04341365461847389,53.976190476190474,54.0,0.008473895582329317,6450682040467.45,19196812943335.617,193111628185600.0,23.154761904761905,25.0,0.016746987951807228,0.22023809523809523,0.0,0.20682730923694778,0.35823712062835694,0.34537217020988464,0.6352287602424621,0.6427971720695496
149,4,schulze,canonical,42022,main,data/simulation_output/thesis_final_runs_v1/design_0149/rule_schulze/seed_42022/run_0,puzzle,66.724,41.788,24.652,0.321,67.78571428571429,67.0,0.040160642570281124,57.523809523809526,62.0,0.009518072289156626,48671502795852.17,144824928794526.47,2071576409276416.0,25.452380952380953,30.0,0.017108433734939758,0.31547619047619047,0.0,0.21285140562248997,0.2992007870674133,0.31687289476394653,0.7244097557067871,0.6193090677261353
149,4,schulze,canonical,42247,main,data/simulation_output/thesis_final_runs_v1/design_0149/rule_schulze/seed_42247/run_0,puzzle,68.46,40.324,24.796,0.293,69.03571428571429,67.0,0.04939759036144578,49.0,49.0,0.003493975903614458,5674543623838.335,16887343734665.143,169607050559488.0,28.833333333333332,24.0,0.018835341365461847,0.2648809523809524,0.0,0.2248995983935743,0.32189877605438233,0.288438618183136,0.704550679564476,0.8213053345680237
149,4,schulze,canonical,42286,main,data/simulation_output/thesis_final_runs_v1/design_0149/rule_schulze/seed_42286/run_0,puzzle,63.728,30.208,21.748,0.349,63.833333333333336,64.0,0.04847389558232931,35.23809523809524,35.0,0.0054618473895582335,1942393798.2418866,5769034811.476191,69897150464.0,26.523809523809526,32.0,0.019357429718875503,0.3601190476190476,0.5,0.3032128514056225,0.30663811367750166,0.25125277042388916,0.7211750838756561,0.7971169948577881
149,4,schulze,canonical,42715,main,data/simulation_output/thesis_final_runs_v1/design_0149/rule_schulze/seed_42715/run_0,puzzle,54.352,52.52,23.46,0.326,51.273809523809526,47.0,0.04024096385542169,60.333333333333336,52.0,0.009678714859437752,949024840302.3331,2823490420833.524,19370256367616.0,24.05952380952381,28.0,0.013092369477911647,0.38392857142857145,0.25,0.2319277108433735,0.3389711285829544,0.3803039491176605,0.7188633222579957,0.7641170024871826
149,4,schulze,canonical,42943,main,data/simulation_output/thesis_final_runs_v1/design_0149/rule_schulze/seed_42943/run_0,puzzle,82.328,28.216,26.3,0.291,87.26190476190476,90.0,0.029879518072289155,32.273809523809526,36.0,0.004216867469879518,2.0203016132478776e+16,6.012738191771317e+16,5.5681691192131584e+17,25.214285714285715,21.0,0.01759036144578313,0.2857142857142857,0.5,0.2289156626506024,0.2569957334399223,0.29080066084861755,0.7304991686344147,0.7011510729789734
149,4,schulze,canonical,43401,main,data/simulation_output/thesis_final_runs_v1/design_0149/rule_schulze/seed_43401/run_0,puzzle,62.884,48.788,23.78,0.306,58.57142857142857,54.0,0.03755020080321285,53.0,53.0,0.0024899598393574294,228883798280919.53,680819325992960.0,4012154705412096.0,24.023809523809526,19.0,0.015261044176706828,0.34226190476190477,0.5,0.2660642570281124,0.28723897284269334,0.2885131537914276,0.7012841020822524,0.7296435236930847
149,4,schulze,canonical,44015,main,data/simulation_output/thesis_final_runs_v1/design_0149/rule_schulze/seed_44015/run_0,puzzle,76.392,42.432,25.336,0.305,81.70238095238095,82.0,0.046345381526104415,54.785714285714285,59.0,0.007389558232931727,15620991349733.37,46464883619547.43,119721718448128.0,25.595238095238095,27.0,0.0121285140562249,0.31845238095238093,0.25,0.22389558232931728,0.28646808385849,0.26527538895606995,0.7262371239662171,0.7305335998535156
149,4,schulze,canonical,45211,main,data/simulation_output/thesis_final_runs_v1/design_0149/rule_schulze/seed_45211/run_0,puzzle,54.928,50.12,23.12,0.283,48.226190476190474,46.0,0.0429718875502008,59.48809523809524,58.0,0.008273092369477911,11958538377750.828,35582052309284.57,180090142982144.0,23.821428571428573,24.0,0.017991967871485944,0.2916666666666667,0.0,0.21285140562248997,0.31986372089385984,0.3769941031932831,0.7248204367160798,0.5639114379882812
149,4,schulze,canonical,45673,main,data/simulation_output/thesis_final_runs_v1/design_0149/rule_schulze/seed_45673/run_0,puzzle,58.58,47.136,22.696,0.308,58.55952380952381,61.0,0.04598393574297189,44.023809523809526,42.0,0.008152610441767068,29415707284.75555,86644448283.42857,306673451008.0,22.80952380952381,25.0,0.017108433734939758,0.375,0.5,0.2700803212851406,0.31905664718151094,0.2955355644226074,0.697436484336853,0.7595594525337219
149,4,schulze,canonical,46513,main,data/simulation_output/thesis_final_runs_v1/design_0149/rule_schulze/seed_46513/run_0,puzzle,66.244,41.8,24.1,0.279,63.38095238095238,63.0,0.04345381526104417,48.0,48.0,0.003493975903614458,7355994080630.933,21890983601310.477,214876861497344.0,27.238095238095237,30.0,0.021646586345381524,0.25297619047619047,0.5,0.24497991967871485,0.3359666534662247,0.34238019585609436,0.7130966899394989,0.783847451210022
149,4,schulze,canonical,46847,main,data/simulation_output/thesis_final_runs_v1/design_0149/rule_schulze/seed_46847/run_0,puzzle,68.164,34.4,22.948,0.352,69.05952380952381,72.0,0.043373493975903614,50.32142857142857,59.0,0.00891566265060241,949738030540.9437,2825756049688.381,19210841358336.0,24.035714285714285,27.0,0.013413654618473896,0.3601190476190476,0.0,0.2248995983935743,0.29071051704883577,0.2558742165565491,0.7430066046714783,0.7968199849128723
149,4,schulze,canonical,48615,main,data/simulation_output/thesis_final_runs_v1/design_0149/rule_schulze/seed_48615/run_0,puzzle,67.432,42.004,26.856,0.265,70.46428571428571,72.0,0.050883534136546185,52.023809523809526,56.0,0.00823293172690763,17053991266845.262,50747641198494.48,673185993326592.0,27.714285714285715,34.0,0.01831325301204819,0.24404761904761904,0.5,0.21586345381526104,0.27498784053325653,0.249530628323555,0.7031607575416565,0.7826166152954102
149,4,schulze,canonical,48647,main,data/simulation_output/thesis_final_runs_v1/design_0149/rule_schulze/seed_48647/run_0,puzzle,52.212,48.696,22.024,0.299,39.55952380952381,39.0,0.041124497991967865,63.70238095238095,64.0,0.005742971887550201,316319075300.4695,929708295119.238,8604956491776.0,22.488095238095237,27.0,0.014738955823293171,0.4583333333333333,0.5,0.24096385542168675,0.35787275993824,0.3557185232639313,0.6637683432102204,0.7583394646644592
149,4,schulze,canonical,49126,main,data/simulation_output/thesis_final_runs_v1/design_0149/rule_schulze/seed_49126/run_0,puzzle,73.352,34.62,24.98,0.343,74.54761904761905,68.0,0.0478714859437751,39.23809523809524,49.0,0.009397590361445784,27917921878860.477,82663660584960.0,224149226127360.0,24.25,24.0,0.012730923694779118,0.44642857142857145,0.0,0.22690763052208834,0.27155016070604326,0.2940353453159332,0.7437724974155426,0.6540830731391907
149,4,schulze,canonical,49425,main,data/simulation_output/thesis_final_runs_v1/design_0149/rule_schulze/seed_49425/run_0,puzzle,62.272,48.52,25.224,0.261,61.76190476190476,63.0,0.03076305220883534,56.964285714285715,57.0,0.00357429718875502,1219071192530245.5,3628177262578151.5,3.728036766888755e+16,30.0,30.0,0.01931726907630522,0.24702380952380953,0.5,0.20983935742971888,0.3232855085134506,0.3127620220184326,0.6898100347518921,0.7669003009796143
149,4,schulze,canonical,49907,main,data/simulation_output/thesis_final_runs_v1/design_0149/rule_schulze/seed_49907/run_0,puzzle,89.604,21.644,28.872,0.348,94.75,96.0,0.023092369477911646,25.0,25.0,0.0018875502008032128,3214760284046937.5,9567387689787002.0,8.050889567554765e+16,29.011904761904763,19.0,0.0214859437751004,0.39285714285714285,0.5,0.20783132530120482,0.24615818053483962,0.31639567017555237,0.7327721540927887,0.5846821069717407
149,4,schulze,canonical,51108,main,data/simulation_output/thesis_final_runs_v1/design_0149/rule_schulze/seed_51108/run_0,puzzle,87.732,21.756,23.132,0.36,91.39285714285714,94.0,0.03449799196787148,23.928571428571427,25.0,0.001606425702811245,721821728897.0481,2147346295667.8096,32585084305408.0,22.178571428571427,37.0,0.019397590361445782,0.27380952380952384,0.25,0.25100401606425704,0.2687487540245056,0.19987493753433228,0.6993602529764176,0.8233243823051453
149,4,schulze,canonical,51505,main,data/simulation_output/thesis_final_runs_v1/design_0149/rule_schulze/seed_51505/run_0,puzzle,62.324,48.1,25.808,0.301,57.142857142857146,57.0,0.03253012048192771,52.0,52.0,0.0026907630522088354,6259303876616.507,18554618022960.76,170436163796992.0,26.273809523809526,33.0,0.024176706827309234,0.375,0.5,0.25903614457831325,0.33845169031620026,0.347317099571228,0.7061786046028137,0.6786459684371948
149,4,schulze,canonical,51722,main,data/simulation_output/thesis_final_runs_v1/design_0149/rule_schulze/seed_51722/run_0,puzzle,62.268,45.72,22.912,0.322,59.392857142857146,63.0,0.04746987951807229,66.97619047619048,64.0,0.011365461847389558,8964263217.952032,26652254380.0,92125372416.0,22.976190476190474,21.0,0.01144578313253012,0.25892857142857145,0.25,0.2469879518072289,0.35888282537460325,0.36120733618736267,0.7056258518695832,0.7647334933280945
149,4,schulze,canonical,52722,main,data/simulation_output/thesis_final_runs_v1/design_0149/rule_schulze/seed_52722/run_0,puzzle,67.12,38.368,23.704,0.321,66.45238095238095,67.0,0.05080321285140563,44.80952380952381,46.0,0.003895582329317269,493215916285.9211,1460533382412.1904,15410553421824.0,22.726190476190474,28.0,0.012730923694779118,0.3392857142857143,0.0,0.23694779116465864,0.27054113256931306,0.2701359689235687,0.7150632722377777,0.6619439721107483
149,4,schulze,canonical,53334,main,data/simulation_output/thesis_final_runs_v1/design_0149/rule_schulze/seed_53334/run_0,puzzle,77.128,37.436,25.88,0.241,75.82142857142857,75.0,0.03538152610441767,40.98809523809524,41.0,0.001927710843373494,2461404250254780.5,7325340446596730.0,8.677227225310822e+16,27.297619047619047,32.0,0.021686746987951807,0.21726190476190477,0.0,0.22690763052208834,0.28727676302194594,0.2422398030757904,0.7124783526659012,0.7176772952079773
149,4,schulze,canonical,54065,main,data/simulation_output/thesis_final_runs_v1/design_0149/rule_schulze/seed_54065/run_0,puzzle,64.988,56.548,25.288,0.301,63.142857142857146,63.0,0.041807228915662645,64.82142857142857,65.0,0.004457831325301205,851674347535.5288,2445209098337.524,5903831007232.0,22.761904761904763,23.0,0.01690763052208835,0.44047619047619047,0.75,0.23493975903614459,0.2972229140996933,0.312519371509552,0.7219980964660645,0.7781205773353577
149,4,schulze,canonical,54726,main,data/simulation_output/thesis_final_runs_v1/design_0149/rule_schulze/seed_54726/run_0,puzzle,60.948,49.424,23.944,0.311,58.892857142857146,59.0,0.04068273092369478,58.273809523809526,59.0,0.006305220883534136,1547092569446.4944,4532788662467.048,35453361192960.0,20.178571428571427,21.0,0.02244979919678715,0.35119047619047616,0.5,0.2570281124497992,0.31862992799282075,0.3010825216770172,0.7267924923896789,0.7490013837814331
149,4,schulze,canonical,55401,main,data/simulation_output/thesis_final_runs_v1/design_0149/rule_schulze/seed_55401/run_0,puzzle,63.644,47.34,21.108,0.287,58.226190476190474,60.0,0.04160642570281125,59.595238095238095,60.0,0.006746987951807229,1017355880081.4447,3023561886134.857,3925158133760.0,19.511904761904763,22.0,0.013132530120481926,0.40476190476190477,0.0,0.20481927710843373,0.3141635218858719,0.3130912184715271,0.7091871600151062,0.7565192580223083
149,4,schulze,canonical,57389,main,data/simulation_output/thesis_final_runs_v1/design_0149/rule_schulze/seed_57389/run_0,puzzle,44.472,65.948,21.324,0.296,36.45238095238095,35.0,0.0327710843373494,69.0,69.0,0.0027309236947791167,1234436519802922.5,3667995305368429.5,2.916452230443827e+16,18.154761904761905,23.0,0.012811244979919678,0.37797619047619047,0.5,0.24899598393574296,0.3358994735479355,0.3745000958442688,0.6752161104679107,0.7179151773452759
149,4,schulze,canonical,57979,main,data/simulation_output/thesis_final_runs_v1/design_0149/rule_schulze/seed_57979/run_0,puzzle,54.304,56.192,22.452,0.246,46.333333333333336,45.0,0.04855421686746988,66.96428571428571,67.0,0.005301204819277109,43281599473512.8,128809221859181.72,1803812176134144.0,24.178571428571427,29.0,0.015903614457831325,0.22321428571428573,0.25,0.20381526104417672,0.31607493591308594,0.31472668051719666,0.706861560344696,0.7243137359619141
149,4,schulze,canonical,58051,main,data/simulation_output/thesis_final_runs_v1/design_0149/rule_schulze/seed_58051/run_0,puzzle,76.104,34.564,25.36,0.369,80.02380952380952,80.0,0.035100401606425705,34.82142857142857,39.0,0.006947791164658634,26974564396444.133,80224749109638.1,303173688360960.0,24.428571428571427,20.0,0.016706827309236946,0.41964285714285715,0.0,0.2469879518072289,0.2723776596188545,0.3093237578868866,0.7299456009864808,0.6445801854133606
149,4,schulze,canonical,58075,main,data/simulation_output/thesis_final_runs_v1/design_0149/rule_schulze/seed_58075/run_0,puzzle,66.06,34.724,22.412,0.33,63.726190476190474,60.0,0.045140562248995986,50.63095238095238,51.0,0.007309236947791164,33656160546416.78,100166387827687.62,817085986897920.0,25.964285714285715,24.0,0.014056224899598393,0.33630952380952384,0.5,0.2469879518072289,0.3293414045572281,0.3309890031814575,0.6958410692214966,0.6518660187721252
149,4,schulze,canonical,58185,main,data/simulation_output/thesis_final_runs_v1/design_0149/rule_schulze/seed_58185/run_0,puzzle,65.46,45.836,22.348,0.35,64.98809523809524,68.0,0.03955823293172691,55.523809523809526,55.0,0.00321285140562249,209787497265.93002,623496354261.3334,6245222711296.0,23.38095238095238,26.0,0.0163855421686747,0.3392857142857143,0.0,0.25301204819277107,0.3073608663082123,0.27027836441993713,0.7270127670764923,0.6836414933204651
149,4,schulze,canonical,58309,main,data/simulation_output/thesis_final_runs_v1/design_0149/rule_schulze/seed_58309/run_0,puzzle,68.62,39.516,21.704,0.305,71.23809523809524,73.0,0.04726907630522088,53.642857142857146,56.0,0.00678714859437751,178351862550.67206,530726825916.381,2378303799296.0,24.833333333333332,24.0,0.013453815261044177,0.2619047619047619,0.0,0.24899598393574296,0.28130629765987397,0.24279868602752686,0.6943491408824921,0.7062404155731201
149,4,schulze,canonical,58606,main,data/simulation_output/thesis_final_runs_v1/design_0149/rule_schulze/seed_58606/run_0,puzzle,83.54,19.164,23.636,0.309,86.39285714285714,87.0,0.028755020080321284,21.0,21.0,0.0011646586345381528,17118863310709.945,50947899967232.0,536267334877184.0,24.833333333333332,27.0,0.023293172690763052,0.23511904761904762,0.0,0.2469879518072289,0.28325016391277313,0.2577193081378937,0.6586168329715729,0.7049070596694946
149,4,schulze,canonical,58705,main,data/simulation_output/thesis_final_runs_v1/design_0149/rule_schulze/seed_58705/run_0,puzzle,67.548,43.4,23.184,0.302,66.17857142857143,66.0,0.04345381526104417,51.32142857142857,49.0,0.005742971887550201,310399309774901.6,923704368539550.5,2877947258077184.0,24.583333333333332,18.0,0.02244979919678715,0.30654761904761907,0.25,0.22389558232931728,0.2833207116127014,0.280010461807251,0.7301471040248871,0.6531128287315369
149,4,schulze,canonical,58738,main,data/simulation_output/thesis_final_runs_v1/design_0149/rule_schulze/seed_58738/run_0,puzzle,78.832,38.44,24.364,0.277,80.86904761904762,82.0,0.04168674698795181,44.73809523809524,45.0,0.004618473895582329,55835001542285.48,166014414149729.53,1099538941083648.0,23.595238095238095,17.0,0.017228915662650602,0.31845238095238093,0.25,0.21385542168674698,0.2816341533660889,0.32795417308807373,0.7025219106674194,0.7339422702789307
149,4,schulze,canonical,59237,main,data/simulation_output/thesis_final_runs_v1/design_0149/rule_schulze/seed_59237/run_0,puzzle,84.656,24.456,22.06,0.397,92.86904761904762,95.0,0.031124497991967873,16.095238095238095,18.0,0.008473895582329317,27463746553.963417,80963271134.4762,918784114688.0,24.333333333333332,32.0,0.023253012048192773,0.42857142857142855,0.0,0.28112449799196787,0.26617285829782483,0.17557048797607422,0.720433021068573,0.6961967349052429
149,4,schulze,canonical,59392,main,data/simulation_output/thesis_final_runs_v1/design_0149/rule_schulze/seed_59392/run_0,puzzle,66.392,44.916,23.048,0.267,65.75,68.0,0.04369477911646587,51.29761904761905,52.0,0.0036947791164658635,735792673197771.2,2189723143035757.8,2.072155075588915e+16,24.547619047619047,20.0,0.011686746987951808,0.2976190476190476,0.0,0.2248995983935743,0.2773249218463898,0.2592408359050751,0.7172054569721222,0.7354070544242859
149,4,schulze,canonical,59830,main,data/simulation_output/thesis_final_runs_v1/design_0149/rule_schulze/seed_59830/run_0,puzzle,63.564,35.056,21.404,0.255,63.023809523809526,61.0,0.04694779116465863,40.833333333333336,55.0,0.01144578313253012,941767852984.4667,2801338678832.7617,16253237329920.0,21.523809523809526,21.0,0.009477911646586346,0.2619047619047619,0.0,0.19879518072289157,0.3332234503030777,0.3325577676296234,0.7076897273063659,0.6473302841186523
149,4,schulze,canonical,59902,main,data/simulation_output/thesis_final_runs_v1/design_0149/rule_schulze/seed_59902/run_0,puzzle,60.54,51.64,22.34,0.313,56.095238095238095,54.0,0.038072289156626506,55.0,55.0,0.002248995983935743,3387269720201.8276,9960058846451.809,35909034573824.0,20.845238095238095,21.0,0.019357429718875503,0.3869047619047619,0.5,0.27309236947791166,0.3244359526634216,0.33501243591308594,0.6927519439458847,0.7246020436286926
149,4,schulze,canonical,60225,main,data/simulation_output/thesis_final_runs_v1/design_0149/rule_schulze/seed_60225/run_0,puzzle,55.936,53.72,24.3,0.254,54.226190476190474,58.0,0.040843373493975904,63.976190476190474,65.0,0.005100401606425703,114880481239202.94,341889500915419.44,4950837793128448.0,28.63095238095238,36.0,0.020803212851405625,0.3005952380952381,0.0,0.21184738955823293,0.32771595859527586,0.32341665029525757,0.6941852334737778,0.5727084279060364
149,4,schulze,canonical,60506,main,data/simulation_output/thesis_final_runs_v1/design_0149/rule_schulze/seed_60506/run_0,puzzle,59.164,42.536,23.852,0.325,57.55952380952381,57.0,0.03538152610441767,50.0,50.0,0.0034136546184738957,862250288940.7898,2311442591158.857,14641963991040.0,20.178571428571427,21.0,0.020401606425702812,0.4107142857142857,0.5,0.26706827309236947,0.3068124837875366,0.30072662234306335,0.6881486685276031,0.5940840840339661
149,4,schulze,canonical,61704,main,data/simulation_output/thesis_final_runs_v1/design_0149/rule_schulze/seed_61704/run_0,puzzle,78.072,34.244,23.932,0.368,81.86904761904762,81.0,0.035542168674698796,33.73809523809524,47.0,0.012811244979919678,1020397577742.2081,3014757521115.4287,13556272594944.0,24.44047619047619,23.0,0.017791164658634537,0.38392857142857145,0.5,0.22088353413654618,0.2950567072629929,0.31627270579338074,0.7187265481948852,0.5933926105499268
149,4,schulze,canonical,62237,main,data/simulation_output/thesis_final_runs_v1/design_0149/rule_schulze/seed_62237/run_0,puzzle,68.084,45.952,25.824,0.311,65.94047619047619,70.0,0.041004016064257034,42.42857142857143,39.0,0.009236947791164659,1735939963441.086,5094947093357.714,41911708549120.0,24.13095238095238,30.0,0.014377510040160642,0.4107142857142857,0.0,0.21987951807228914,0.3090918128490448,0.27905580401420593,0.7037295167446136,0.6801667809486389
149,4,schulze,canonical,62282,main,data/simulation_output/thesis_final_runs_v1/design_0149/rule_schulze/seed_62282/run_0,puzzle,69.052,42.1,22.6,0.269,76.33333333333333,82.0,0.04485943775100401,45.05952380952381,21.0,0.009036144578313253,15395033317407.492,45804670627449.91,241600600997888.0,25.416666666666668,30.0,0.016546184738955822,0.32142857142857145,0.0,0.21686746987951808,0.29341788130998614,0.30107197165489197,0.6903769967555999,0.6229102611541748
149,4,schulze,canonical,62468,main,data/simulation_output/thesis_final_runs_v1/design_0149/rule_schulze/seed_62468/run_0,puzzle,63.788,33.332,23.732,0.338,63.083333333333336,65.0,0.04819277108433735,41.63095238095238,42.0,0.006224899598393574,7963094578160.294,23698342167759.24,183627132436480.0,27.88095238095238,31.0,0.021244979919678716,0.3125,0.0,0.2289156626506024,0.3038563448190689,0.286844402551651,0.6962895053625107,0.6829538941383362
149,4,schulze,canonical,62546,main,data/simulation_output/thesis_final_runs_v1/design_0149/rule_schulze/seed_62546/run_0,puzzle,60.676,29.54,21.856,0.39,67.05952380952381,73.0,0.04714859437751004,32.25,33.0,0.006345381526104418,149289266786.43472,443842820513.5238,1711058845696.0,24.988095238095237,24.0,0.023293172690763052,0.43452380952380953,0.5,0.26506024096385544,0.2775501923561096,0.25036555528640747,0.7138772945404053,0.7505062818527222
149,4,schulze,canonical,63093,main,data/simulation_output/thesis_final_runs_v1/design_0149/rule_schulze/seed_63093/run_0,puzzle,78.22,25.484,23.508,0.272,83.98809523809524,94.0,0.04983935742971887,30.761904761904763,20.0,0.015622489959839359,1761370333445.391,5239632602355.81,47006252793856.0,25.476190476190474,27.0,0.02285140562248996,0.24702380952380953,0.25,0.20180722891566266,0.29224654340744016,0.2710901200771332,0.6969613772630692,0.6881151795387268
149,4,schulze,canonical,63196,main,data/simulation_output/thesis_final_runs_v1/design_0149/rule_schulze/seed_63196/run_0,puzzle,56.044,41.432,23.38,0.345,53.154761904761905,48.0,0.04497991967871486,50.70238095238095,55.0,0.007309236947791164,5019734742846.842,14879754877805.715,140618235904000.0,22.571428571428573,25.0,0.014658634538152611,0.4494047619047619,0.25,0.25301204819277107,0.28662730371952055,0.2846708297729492,0.7350479354858398,0.674195408821106
149,4,schulze,canonical,63551,main,data/simulation_output/thesis_final_runs_v1/design_0149/rule_schulze/seed_63551/run_0,puzzle,63.6,44.84,24.588,0.333,61.69047619047619,63.0,0.035542168674698796,50.73809523809524,51.0,0.003132530120481928,1026520612704.9865,3051151017691.4287,36287939608576.0,25.166666666666668,32.0,0.018433734939759038,0.3392857142857143,0.5,0.25100401606425704,0.31527460932731627,0.2844981849193573,0.6971653292179107,0.7363658547401428
149,4,schulze,canonical,63676,main,data/simulation_output/thesis_final_runs_v1/design_0149/rule_schulze/seed_63676/run_0,puzzle,80.444,22.632,26.012,0.256,84.88095238095238,88.0,0.03072289156626506,24.44047619047619,29.0,0.0063855421686746985,2.718021403040511e+17,8.089295271130625e+17,7.58408651150354e+18,27.738095238095237,17.0,0.021004016064257027,0.2619047619047619,0.0,0.20180722891566266,0.21618497759103775,0.2771104574203491,0.7163802483081818,0.5854935050010681
149,4,schulze,canonical,63848,main,data/simulation_output/thesis_final_runs_v1/design_0149/rule_schulze/seed_63848/run_0,puzzle,76.056,28.832,25.084,0.28,75.73809523809524,74.0,0.03449799196787148,33.0,33.0,0.0020481927710843373,21781486381352.406,64819453547422.48,748915058016256.0,25.845238095238095,31.0,0.028755020080321284,0.25297619047619047,0.25,0.25502008032128515,0.2948734302520752,0.25937366485595703,0.6988661801815033,0.7012203931808472
149,4,schulze,canonical,64405,main,data/simulation_output/thesis_final_runs_v1/design_0149/rule_schulze/seed_64405/run_0,puzzle,57.348,56.396,22.952,0.264,55.333333333333336,59.0,0.045622489959839356,65.78571428571429,70.0,0.0063855421686746985,1082248475461.8569,3219710310521.905,23060251934720.0,21.654761904761905,23.0,0.01606425702811245,0.2619047619047619,0.0,0.2289156626506024,0.31753964030742643,0.3142877221107483,0.727049636721611,0.6578952670097351
149,4,schulze,canonical,64944,main,data/simulation_output/thesis_final_runs_v1/design_0149/rule_schulze/seed_64944/run_0,puzzle,63.68,47.388,23.548,0.177,66.45238095238095,64.0,0.04538152610441767,55.48809523809524,54.0,0.008755020080321285,56137091702545.54,167066149585773.72,1389626199638016.0,28.80952380952381,23.0,0.011124497991967873,0.13988095238095238,0.5,0.1706827309236948,0.3255188639163971,0.31581997871398926,0.6780146281719208,0.7153571844100952
149,4,schulze,canonical,65039,main,data/simulation_output/thesis_final_runs_v1/design_0149/rule_schulze/seed_65039/run_0,puzzle,66.148,32.904,23.408,0.365,67.88095238095238,71.0,0.041967871485943775,41.73809523809524,44.0,0.00393574297188755,1113773253508246.5,3314782433285266.5,2.8754866176262144e+16,23.797619047619047,22.0,0.01610441767068273,0.30654761904761907,0.25,0.19779116465863453,0.27356975328922273,0.3045892119407654,0.7168019062280655,0.6336403489112854
149,4,schulze,canonical,65494,main,data/simulation_output/thesis_final_runs_v1/design_0149/rule_schulze/seed_65494/run_0,puzzle,82.424,31.148,24.532,0.315,85.66666666666667,85.0,0.03502008032128514,36.0,36.0,0.003052208835341366,287624647014002.6,856013456146017.5,6765714878758912.0,27.952380952380953,24.0,0.018393574297188756,0.2708333333333333,0.25,0.23795180722891565,0.25798118555545807,0.27115297317504883,0.7493388748168945,0.6823590397834778
149,4,schulze,canonical,66476,main,data/simulation_output/thesis_final_runs_v1/design_0149/rule_schulze/seed_66476/run_0,puzzle,55.2,24.532,21.34,0.303,47.916666666666664,50.0,0.05614457831325301,34.214285714285715,43.0,0.007389558232931727,862621384060953.4,2567231309430004.0,1.7686676398669824e+16,21.464285714285715,18.0,0.01502008032128514,0.2916666666666667,0.5,0.24096385542168675,0.23561338990926742,0.24289248883724213,0.7317691085338592,0.7377078533172607
149,4,schulze,canonical,66652,main,data/simulation_output/thesis_final_runs_v1/design_0149/rule_schulze/seed_66652/run_0,puzzle,67.332,33.768,22.544,0.435,65.95238095238095,69.0,0.046506024096385545,33.892857142857146,35.0,0.0059036144578313255,1007438267.5974296,2929887645.142857,7372429824.0,22.464285714285715,21.0,0.018514056224899596,0.47619047619047616,0.0,0.3032128514056225,0.2855242765545845,0.28563252091407776,0.7101416847705841,0.580700695514679
149,4,schulze,canonical,66660,main,data/simulation_output/thesis_final_runs_v1/design_0149/rule_schulze/seed_66660/run_0,puzzle,61.272,55.988,24.856,0.263,56.833333333333336,59.0,0.04449799196787149,73.39285714285714,69.0,0.007991967871485943,221126137665042.4,657655442234221.8,3725600393003008.0,24.952380952380953,21.0,0.010120481927710843,0.30654761904761907,0.25,0.20983935742971888,0.3004503628015518,0.3690582513809204,0.7273155207633972,0.7486473917961121
149,4,schulze,canonical,67034,main,data/simulation_output/thesis_final_runs_v1/design_0149/rule_schulze/seed_67034/run_0,puzzle,59.608,44.56,23.288,0.328,55.345238095238095,53.0,0.04803212851405623,53.273809523809526,55.0,0.005261044176706827,140849637483.11905,417579639753.1429,4217449742336.0,23.226190476190474,26.0,0.016586345381526105,0.375,0.5,0.24397590361445784,0.29729723286628723,0.3399786949157715,0.7157337689399719,0.6420945525169373
149,4,schulze,canonical,67228,main,data/simulation_output/thesis_final_runs_v1/design_0149/rule_schulze/seed_67228/run_0,puzzle,77.292,37.544,23.84,0.285,78.75,78.0,0.036947791164658635,41.0,41.0,0.0017269076305220885,7407937040459.943,22042293114831.24,197607351648256.0,25.345238095238095,26.0,0.017028112449799196,0.25892857142857145,0.0,0.2600401606425703,0.27168364346027374,0.2622198164463043,0.7090739586353302,0.5742436051368713
149,4,schulze,canonical,68518,main,data/simulation_output/thesis_final_runs_v1/design_0149/rule_schulze/seed_68518/run_0,puzzle,70.508,37.444,24.92,0.281,72.14285714285714,73.0,0.044939759036144576,48.642857142857146,41.0,0.007791164658634538,142799727495370.7,424996915808280.4,5325178015842304.0,26.976190476190474,30.0,0.015220883534136547,0.2113095238095238,0.25,0.22389558232931728,0.26582826966047285,0.2122495323419571,0.7224394254684449,0.7562994956970215
149,4,schulze,canonical,68743,main,data/simulation_output/thesis_final_runs_v1/design_0149/rule_schulze/seed_68743/run_0,puzzle,77.232,41.68,24.004,0.271,80.58333333333333,84.0,0.039678714859437754,47.0,47.0,0.0026506024096385546,1247158926763108.8,3711662864302080.0,2.852879413018624e+16,25.095238095238095,21.0,0.015461847389558232,0.21726190476190477,0.25,0.20682730923694778,0.26428838217258455,0.30924665927886963,0.7063202515840531,0.7993316650390625
149,4,schulze,canonical,69003,main,data/simulation_output/thesis_final_runs_v1/design_0149/rule_schulze/seed_69003/run_0,puzzle,62.94,47.18,23.824,0.309,63.892857142857146,63.0,0.04570281124497992,59.29761904761905,56.0,0.005983935742971887,113099924820463.19,336511686644297.1,1729765329338368.0,23.023809523809526,23.0,0.015220883534136547,0.36904761904761907,0.25,0.21586345381526104,0.27256011247634887,0.2756485641002655,0.7442160708904266,0.5894660949707031
149,4,schulze,canonical,70197,main,data/simulation_output/thesis_final_runs_v1/design_0149/rule_schulze/seed_70197/run_0,puzzle,78.328,32.728,22.724,0.314,78.08333333333333,73.0,0.035823293172690764,35.0,35.0,0.001566265060240964,254767993817140.88,758144490865810.2,6909456159866880.0,23.476190476190474,20.0,0.027389558232931724,0.32142857142857145,0.5,0.2419678714859438,0.29276400470733643,0.3358514606952667,0.7088396556377411,0.57433021068573
149,4,schulze,canonical,71382,main,data/simulation_output/thesis_final_runs_v1/design_0149/rule_schulze/seed_71382/run_0,puzzle,61.532,49.444,22.924,0.307,56.095238095238095,51.0,0.04855421686746988,55.88095238095238,56.0,0.003052208835341366,49028086124437.22,145875573600841.16,387355718451200.0,21.25,23.0,0.014497991967871486,0.3482142857142857,0.5,0.2570281124497992,0.3025681858062744,0.3055414855480194,0.7201009972095489,0.7779213786125183
149,4,schulze,canonical,72328,main,data/simulation_output/thesis_final_runs_v1/design_0149/rule_schulze/seed_72328/run_0,puzzle,62.588,50.388,23.468,0.385,60.92857142857143,64.0,0.04457831325301205,60.36904761904762,69.0,0.005823293172690763,176318579249.40057,524031535905.5238,4371600375808.0,24.071428571428573,23.0,0.017630522088353414,0.3869047619047619,0.0,0.3072289156626506,0.28412106186151503,0.3002707362174988,0.7711366519927979,0.665385365486145
149,4,schulze,canonical,72460,main,data/simulation_output/thesis_final_runs_v1/design_0149/rule_schulze/seed_72460/run_0,puzzle,68.528,31.484,24.152,0.238,70.22619047619048,79.0,0.046024096385542175,40.20238095238095,49.0,0.009236947791164659,1542921144404258.5,4591895539956980.0,5.397889557305754e+16,25.035714285714285,23.0,0.012771084337349397,0.17857142857142858,0.5,0.19979919678714858,0.2678338629603386,0.28098538517951965,0.7255882542133332,0.7454659342765808
149,4,schulze,canonical,72967,main,data/simulation_output/thesis_final_runs_v1/design_0149/rule_schulze/seed_72967/run_0,puzzle,46.988,58.932,21.676,0.298,43.80952380952381,46.0,0.04899598393574297,58.20238095238095,50.0,0.007991967871485943,2194735122395.4556,6526490308656.762,13454250344448.0,23.238095238095237,22.0,0.018473895582329317,0.34226190476190477,1.0,0.25,0.3186422587633133,0.33525124192237854,0.6959236288070678,0.7325183749198914
149,4,schulze,canonical,72968,main,data/simulation_output/thesis_final_runs_v1/design_0149/rule_schulze/seed_72968/run_0,puzzle,54.296,48.992,21.292,0.254,47.595238095238095,42.0,0.05188755020080321,68.80952380952381,71.0,0.007791164658634538,8235224496871.848,24507720880615.617,268723487244288.0,20.321428571428573,23.0,0.010120481927710843,0.25297619047619047,0.25,0.18875502008032127,0.33481742572784423,0.3081221580505371,0.7248743164539337,0.6429353356361389
149,4,schulze,canonical,73225,main,data/simulation_output/thesis_final_runs_v1/design_0149/rule_schulze/seed_73225/run_0,puzzle,78.752,45.412,24.532,0.376,81.66666666666667,82.0,0.03678714859437751,59.023809523809526,61.0,0.005863453815261044,348317898170.45856,1020807600128.0,2625179222016.0,22.488095238095237,23.0,0.016947791164658634,0.4642857142857143,0.25,0.21987951807228914,0.2614541802406311,0.26286011934280396,0.7664773361682892,0.7969123125076294
149,4,schulze,canonical,73651,main,data/simulation_output/thesis_final_runs_v1/design_0149/rule_schulze/seed_73651/run_0,puzzle,68.508,38.104,20.644,0.348,66.10714285714286,61.0,0.046586345381526104,44.95238095238095,38.0,0.011767068273092368,561100715.696043,1497342130.2857144,6780337152.0,19.845238095238095,22.0,0.012008032128514057,0.46130952380952384,0.5,0.21887550200803213,0.34169213426113126,0.31247514486312866,0.6954873876571656,0.7852044105529785
149,4,schulze,canonical,73728,main,data/simulation_output/thesis_final_runs_v1/design_0149/rule_schulze/seed_73728/run_0,puzzle,61.664,36.988,22.916,0.314,59.05952380952381,58.0,0.0436144578313253,52.392857142857146,53.0,0.008835341365461847,12686057237841.338,37755327116324.57,379170450309120.0,26.726190476190474,32.0,0.02502008032128514,0.30357142857142855,0.0,0.2560240963855422,0.3113332335948944,0.2952134311199188,0.7138092927932739,0.6735944747924805
149,4,schulze,canonical,74144,main,data/simulation_output/thesis_final_runs_v1/design_0149/rule_schulze/seed_74144/run_0,puzzle,67.824,38.704,25.272,0.294,62.45238095238095,57.0,0.04216867469879518,47.0,47.0,0.004979919678714859,4240587115879675.0,1.2620691686327832e+16,1.2991251291203174e+17,26.13095238095238,26.0,0.015983935742971887,0.25595238095238093,0.25,0.19578313253012047,0.325824441075325,0.32154977321624756,0.6948786115646363,0.7069332599639893
149,4,schulze,canonical,74671,main,data/simulation_output/thesis_final_runs_v1/design_0149/rule_schulze/seed_74671/run_0,puzzle,48.008,54.648,22.868,0.362,38.476190476190474,41.0,0.04136546184738956,69.5952380952381,71.0,0.008032128514056224,2237593775847.6025,6658864288582.096,82943728943104.0,24.702380952380953,29.0,0.017469879518072287,0.3601190476190476,0.0,0.2781124497991968,0.37451896607875823,0.38585880398750305,0.7030371840000152,0.7348191142082214
149,4,schulze,canonical,75796,main,data/simulation_output/thesis_final_runs_v1/design_0149/rule_schulze/seed_75796/run_0,puzzle,56.96,53.476,23.544,0.286,53.964285714285715,57.0,0.03751004016064257,63.464285714285715,63.0,0.004618473895582329,102133009089216.64,303926528273066.7,690351098560512.0,23.904761904761905,20.0,0.0142570281124498,0.3244047619047619,0.75,0.21485943775100402,0.2960256594419479,0.31065860390663147,0.740337378025055,0.7331622242927551
149,4,schulze,canonical,76462,main,data/simulation_output/thesis_final_runs_v1/design_0149/rule_schulze/seed_76462/run_0,puzzle,64.488,54.204,22.476,0.234,66.05952380952381,76.0,0.04453815261044177,65.05952380952381,56.0,0.005662650602409639,45088266147108.18,134154578498901.33,970949029527552.0,24.333333333333332,24.0,0.01104417670682731,0.16071428571428573,0.0,0.18373493975903615,0.34188004302978514,0.33547210693359375,0.7135955642461776,0.822151780128479
149,4,schulze,canonical,76631,main,data/simulation_output/thesis_final_runs_v1/design_0149/rule_schulze/seed_76631/run_0,puzzle,65.524,34.54,24.352,0.292,70.58333333333333,70.0,0.04799196787148594,44.94047619047619,45.0,0.008755020080321285,17160256754146.268,51071297705008.766,706598020317184.0,27.095238095238095,34.0,0.017309236947791164,0.26785714285714285,0.0,0.21184738955823293,0.3248646445274353,0.29427775740623474,0.7059095990657807,0.7324038147926331
149,4,schulze,canonical,76636,main,data/simulation_output/thesis_final_runs_v1/design_0149/rule_schulze/seed_76636/run_0,puzzle,71.912,35.6,23.492,0.358,72.73809523809524,71.0,0.04421686746987952,41.0,41.0,0.002811244979919679,39820134458.411446,118306357734.09525,1103592685568.0,24.75,33.0,0.02253012048192771,0.3333333333333333,0.0,0.3112449799196787,0.31574450838565826,0.2691282331943512,0.7000173262357712,0.48337116837501526
149,4,schulze,canonical,76875,main,data/simulation_output/thesis_final_runs_v1/design_0149/rule_schulze/seed_76875/run_0,puzzle,60.78,34.728,23.108,0.323,58.773809523809526,53.0,0.051325301204819276,57.595238095238095,57.0,0.008795180722891566,2533451842.358639,7513842257.142858,63066292224.0,22.797619047619047,21.0,0.013132530120481926,0.3392857142857143,0.0,0.26506024096385544,0.3258654012680054,0.3036705255508423,0.7109505257606507,0.6299237608909607
149,4,schulze,canonical,77410,main,data/simulation_output/thesis_final_runs_v1/design_0149/rule_schulze/seed_77410/run_0,puzzle,73.136,44.244,25.928,0.313,72.69047619047619,70.0,0.03706827309236948,48.0,48.0,0.0020481927710843373,826062036340118.9,2458497858442971.5,2.266088096137216e+16,27.285714285714285,24.0,0.0242570281124498,0.2857142857142857,0.0,0.26907630522088355,0.30565947568416596,0.3181622326374054,0.7318020961284637,0.7984877824783325
149,4,schulze,canonical,77667,main,data/simulation_output/thesis_final_runs_v1/design_0149/rule_schulze/seed_77667/run_0,puzzle,58.392,46.292,22.46,0.277,59.273809523809526,65.0,0.04734939759036145,64.10714285714286,68.0,0.010481927710843372,1937852059349.7886,5766926032932.571,33650060034048.0,24.928571428571427,20.0,0.01570281124497992,0.31845238095238093,1.0,0.2429718875502008,0.34470228815078735,0.3611062467098236,0.711004120349884,0.7468268275260925
149,4,schulze,canonical,79086,main,data/simulation_output/thesis_final_runs_v1/design_0149/rule_schulze/seed_79086/run_0,puzzle,65.804,41.988,22.024,0.291,65.88095238095238,65.0,0.04429718875502008,50.61904761904762,51.0,0.003534136546184739,47283813504807.21,140717290219178.67,1247631493824512.0,23.05952380952381,23.0,0.01502008032128514,0.29464285714285715,0.25,0.2640562248995984,0.27393264853954313,0.26763027906417847,0.7175539662837982,0.7173589468002319
149,4,schulze,canonical,79234,main,data/simulation_output/thesis_final_runs_v1/design_0149/rule_schulze/seed_79234/run_0,puzzle,58.44,45.032,22.416,0.377,54.82142857142857,54.0,0.04694779116465863,50.345238095238095,54.0,0.006546184738955824,80028213361.5533,238125702060.9524,828743024640.0,22.595238095238095,23.0,0.02244979919678715,0.30952380952380953,0.5,0.25301204819277107,0.30122410303354263,0.2614257335662842,0.7258606443405151,0.7353255748748779
149,4,schulze,canonical,79264,main,data/simulation_output/thesis_final_runs_v1/design_0149/rule_schulze/seed_79264/run_0,puzzle,65.784,42.876,23.2,0.309,64.35714285714286,64.0,0.047911646586345384,49.75,50.0,0.003493975903614458,2192433201896.536,6501586974232.381,67921938219008.0,23.821428571428573,35.0,0.017469879518072287,0.3958333333333333,0.25,0.22791164658634538,0.2772433782219887,0.2375267893075943,0.7242972812652588,0.838490903377533
149,4,schulze,canonical,79516,main,data/simulation_output/thesis_final_runs_v1/design_0149/rule_schulze/seed_79516/run_0,puzzle,80.588,23.7,22.984,0.307,82.01190476190476,83.0,0.033092369477911644,26.0,26.0,0.0012449799196787147,651915510335337.2,1939598877761146.0,1.1941954703065088e+16,22.821428571428573,20.0,0.020963855421686745,0.30654761904761907,0.25,0.24096385542168675,0.2476225512623787,0.32171952724456787,0.6949571034908295,0.6062093377113342
149,4,schulze,canonical,79715,main,data/simulation_output/thesis_final_runs_v1/design_0149/rule_schulze/seed_79715/run_0,puzzle,67.104,36.268,23.94,0.31,69.4047619047619,71.0,0.0432128514056225,44.726190476190474,47.0,0.008514056224899598,1843693802773.2493,5486224386413.714,23492300898304.0,25.833333333333332,22.0,0.015582329317269076,0.36607142857142855,0.75,0.22991967871485944,0.33075703477859497,0.33676713705062866,0.68244116127491,0.7021099925041199
149,4,schulze,canonical,79802,main,data/simulation_output/thesis_final_runs_v1/design_0149/rule_schulze/seed_79802/run_0,puzzle,52.772,46.652,24.068,0.318,49.357142857142854,54.0,0.044257028112449796,54.607142857142854,59.0,0.006465863453815262,481699545681175.9,1432085153685114.0,1.246151474937856e+16,23.30952380952381,24.0,0.01714859437751004,0.4166666666666667,0.5,0.2459839357429719,0.3079692923426628,0.32360759377479553,0.7072918131351471,0.6453832387924194
149,4,schulze,canonical,80130,main,data/simulation_output/thesis_final_runs_v1/design_0149/rule_schulze/seed_80130/run_0,puzzle,62.664,52.764,24.872,0.279,56.55952380952381,50.0,0.04831325301204819,58.0,58.0,0.003855421686746988,15848167335059.36,47165919151975.62,237419618107392.0,25.428571428571427,20.0,0.01690763052208835,0.22023809523809523,0.5,0.2459839357429719,0.3210775977373123,0.328677773475647,0.710375363111496,0.5835601687431335
149,4,schulze,canonical,80295,main,data/simulation_output/thesis_final_runs_v1/design_0149/rule_schulze/seed_80295/run_0,puzzle,64.064,48.792,24.028,0.287,63.67857142857143,64.0,0.04,63.51190476190476,68.0,0.007751004016064256,5676869589345.023,16882386202209.523,174367468158976.0,24.94047619047619,24.0,0.013453815261044177,0.3125,0.0,0.20983935742971888,0.30478329825401307,0.2907634377479553,0.7447605621814728,0.6533111333847046
149,4,schulze,canonical,80424,main,data/simulation_output/thesis_final_runs_v1/design_0149/rule_schulze/seed_80424/run_0,puzzle,54.824,55.916,23.532,0.279,48.892857142857146,48.0,0.04433734939759036,58.95238095238095,63.0,0.004056224899598394,336706486877433.1,1002093964193792.0,1.2679262075092992e+16,23.964285714285715,23.0,0.018353413654618473,0.20833333333333334,0.5,0.23795180722891565,0.2895353595018387,0.25921088457107544,0.7267942361831665,0.7717422246932983
149,4,schulze,canonical,81123,main,data/simulation_output/thesis_final_runs_v1/design_0149/rule_schulze/seed_81123/run_0,puzzle,54.648,52.816,22.024,0.251,48.035714285714285,45.0,0.04506024096385542,62.76190476190476,56.0,0.006827309236947791,6636396436680.697,19743837760268.19,147812876550144.0,23.773809523809526,25.0,0.01502008032128514,0.29464285714285715,0.5,0.21987951807228914,0.32851105403900144,0.3143460750579834,0.7308814067840577,0.8106650114059448
149,4,schulze,canonical,81190,main,data/simulation_output/thesis_final_runs_v1/design_0149/rule_schulze/seed_81190/run_0,puzzle,63.38,37.656,19.484,0.222,64.88095238095238,70.0,0.0546586345381526,31.845238095238095,32.0,0.013493975903614458,20609003420186.28,61320220871728.766,492970373545984.0,20.428571428571427,17.0,0.01887550200803213,0.16964285714285715,0.0,0.1897590361445783,0.3086813181638718,0.31975483894348145,0.7135946595668793,0.7594539523124695
149,4,schulze,canonical,81312,main,data/simulation_output/thesis_final_runs_v1/design_0149/rule_schulze/seed_81312/run_0,puzzle,60.048,42.824,23.98,0.359,56.25,65.0,0.05305220883534137,55.82142857142857,50.0,0.007630522088353414,270053772830.57788,803395883565.7142,5163046666240.0,24.345238095238095,23.0,0.014658634538152611,0.34226190476190477,0.25,0.2319277108433735,0.3086423590183258,0.3477083742618561,0.7323889863491059,0.6588230133056641
149,4,schulze,canonical,82070,main,data/simulation_output/thesis_final_runs_v1/design_0149/rule_schulze/seed_82070/run_0,puzzle,83.14,15.46,25.596,0.299,87.38095238095238,89.0,0.029558232931726908,17.0,17.0,0.0008032128514056225,322874690264071.06,960853575951896.4,1.18709674835968e+16,25.416666666666668,34.0,0.021646586345381524,0.25,0.25,0.2560240963855422,0.24210669791698455,0.18469616770744324,0.6733217837810517,0.8139848709106445
149,4,schulze,canonical,82168,main,data/simulation_output/thesis_final_runs_v1/design_0149/rule_schulze/seed_82168/run_0,puzzle,77.892,26.764,26.812,0.275,78.76190476190476,80.0,0.025461847389558236,28.25,29.0,0.0012851405622489958,6230903858464135.0,1.8543542280051564e+16,1.6553774621392896e+17,24.88095238095238,19.0,0.027751004016064257,0.2708333333333333,0.0,0.23293172690763053,0.2564453349113464,0.3260640799999237,0.6925012217760086,0.7184422016143799
149,4,schulze,canonical,82292,main,data/simulation_output/thesis_final_runs_v1/design_0149/rule_schulze/seed_82292/run_0,puzzle,76.216,37.396,25.872,0.235,81.96428571428571,86.0,0.038795180722891565,40.595238095238095,31.0,0.00927710843373494,1230094979794679.5,3659847861297542.0,3.0668067948199936e+16,27.904761904761905,32.0,0.014578313253012048,0.25595238095238093,0.25,0.17971887550200802,0.2646424199938774,0.25890758633613586,0.7103185760974884,0.7547252178192139
149,4,schulze,canonical,82404,main,data/simulation_output/thesis_final_runs_v1/design_0149/rule_schulze/seed_82404/run_0,puzzle,68.024,42.272,21.444,0.378,70.4047619047619,72.0,0.0546586345381526,52.94047619047619,55.0,0.005381526104417671,137740021243.471,409727957109.3333,3838808424448.0,21.511904761904763,17.0,0.018032128514056226,0.3333333333333333,0.25,0.2469879518072289,0.2788419733643532,0.2500123083591461,0.7307674483060836,0.5840814709663391
149,4,schulze,canonical,82986,main,data/simulation_output/thesis_final_runs_v1/design_0149/rule_schulze/seed_82986/run_0,puzzle,84.04,22.912,24.164,0.353,90.04761904761905,92.0,0.03473895582329317,24.38095238095238,24.0,0.010803212851405624,949942013290391.0,2827135594584941.5,1.683558997426176e+16,24.321428571428573,26.0,0.01240963855421687,0.3392857142857143,0.0,0.1857429718875502,0.2775471042394638,0.24648188054561615,0.7199859625101089,0.5312867164611816
149,4,schulze,canonical,83099,main,data/simulation_output/thesis_final_runs_v1/design_0149/rule_schulze/seed_83099/run_0,puzzle,61.788,53.296,22.12,0.268,57.51190476190476,58.0,0.04939759036144578,63.726190476190474,64.0,0.003253012048192771,6630852315909.123,19731319125284.57,207764026556416.0,22.202380952380953,32.0,0.016265060240963854,0.26785714285714285,0.0,0.2248995983935743,0.30334958028793335,0.286114901304245,0.7069704403877258,0.6703528165817261
149,4,schulze,canonical,85860,main,data/simulation_output/thesis_final_runs_v1/design_0149/rule_schulze/seed_85860/run_0,puzzle,74.096,40.9,25.404,0.337,75.3452380952381,72.0,0.03590361445783132,40.26190476190476,42.0,0.010522088353413655,87342680885.86737,255269548812.1905,2551856758784.0,24.595238095238095,28.0,0.015943775100401607,0.40476190476190477,0.0,0.23493975903614459,0.29243928360939025,0.2750435173511505,0.7363611681461334,0.7397234439849854
149,4,schulze,canonical,86194,main,data/simulation_output/thesis_final_runs_v1/design_0149/rule_schulze/seed_86194/run_0,puzzle,78.1,33.608,23.192,0.29,81.22619047619048,80.0,0.02927710843373494,33.38095238095238,35.0,0.003453815261044177,10988213409200.771,32686685853793.523,344053824618496.0,21.25,25.0,0.023815261044176705,0.29464285714285715,0.5,0.24096385542168675,0.2906766819357872,0.27136415243148804,0.6856511063575744,0.8434025049209595
149,4,schulze,canonical,86474,main,data/simulation_output/thesis_final_runs_v1/design_0149/rule_schulze/seed_86474/run_0,puzzle,71.276,46.492,23.088,0.285,73.0,68.0,0.043373493975903614,49.25,59.0,0.007590361445783133,16840216209882.312,50111417494869.336,214583578984448.0,23.761904761904763,19.0,0.011485943775100402,0.2976190476190476,0.5,0.2248995983935743,0.31801017010211946,0.3740711510181427,0.7060877950191498,0.5646847486495972
149,4,schulze,canonical,87521,main,data/simulation_output/thesis_final_runs_v1/design_0149/rule_schulze/seed_87521/run_0,puzzle,69.624,47.088,26.792,0.327,69.5,70.0,0.027269076305220886,61.19047619047619,62.0,0.006224899598393574,3285053784231527.5,9776847580988952.0,1.162013022659543e+17,26.773809523809526,32.0,0.019718875502008033,0.3125,0.25,0.22991967871485944,0.2894402674436569,0.26444029808044434,0.7173552545309066,0.617971658706665
149,4,schulze,canonical,88242,main,data/simulation_output/thesis_final_runs_v1/design_0149/rule_schulze/seed_88242/run_0,puzzle,73.56,31.68,25.728,0.212,79.08333333333333,81.0,0.04048192771084337,34.92857142857143,29.0,0.01248995983935743,27097707796595.84,80630410432512.0,572154269663232.0,26.845238095238095,26.0,0.013172690763052209,0.23214285714285715,0.0,0.18473895582329317,0.30970014417171476,0.30982664227485657,0.7133011269569397,0.67207270860672
149,4,schulze,canonical,88324,main,data/simulation_output/thesis_final_runs_v1/design_0149/rule_schulze/seed_88324/run_0,puzzle,73.544,36.316,21.396,0.306,75.53571428571429,78.0,0.04481927710843373,56.20238095238095,55.0,0.010160642570281124,2792159308914.4395,8306171410724.571,52010636279808.0,22.761904761904763,26.0,0.012771084337349397,0.30357142857142855,0.0,0.18072289156626506,0.323841290473938,0.3115541338920593,0.7061962461471558,0.6089109778404236
149,4,schulze,canonical,88856,main,data/simulation_output/thesis_final_runs_v1/design_0149/rule_schulze/seed_88856/run_0,puzzle,74.896,33.936,26.384,0.299,71.44047619047619,69.0,0.03538152610441767,36.0,36.0,0.0016465863453815261,629087663535524.4,1872179812825575.5,1.6518740573159424e+16,27.023809523809526,23.0,0.02196787148594377,0.24702380952380953,0.75,0.24799196787148595,0.28674780493974683,0.26562926173210144,0.7115719299316406,0.6867501139640808
149,4,schulze,canonical,89337,main,data/simulation_output/thesis_final_runs_v1/design_0149/rule_schulze/seed_89337/run_0,puzzle,64.236,41.0,23.024,0.36,60.86904761904762,59.0,0.03433734939759036,44.11904761904762,45.0,0.0025702811244979916,79007189835.51169,232399501458.2857,557227442176.0,22.61904761904762,24.0,0.029759036144578314,0.39285714285714285,0.5,0.2710843373493976,0.33427676260471345,0.30927592515945435,0.6962285010814667,0.718447744846344
149,4,schulze,canonical,90419,main,data/simulation_output/thesis_final_runs_v1/design_0149/rule_schulze/seed_90419/run_0,puzzle,64.48,41.592,22.928,0.324,65.41666666666667,57.0,0.05473895582329317,57.70238095238095,69.0,0.009919678714859438,4398133030919.432,13089444581162.666,100288895647744.0,24.61904761904762,22.0,0.013373493975903615,0.2767857142857143,0.5,0.22088353413654618,0.2708457639813423,0.2849729657173157,0.7266661742925644,0.8075658082962036
149,4,schulze,canonical,90948,main,data/simulation_output/thesis_final_runs_v1/design_0149/rule_schulze/seed_90948/run_0,puzzle,57.412,32.292,21.888,0.361,50.82142857142857,53.0,0.05891566265060241,40.345238095238095,49.0,0.011807228915662651,21389361885.945812,63453465603.809525,680098529280.0,20.845238095238095,20.0,0.016144578313253014,0.3630952380952381,0.0,0.2289156626506024,0.3160925168991089,0.30754154920578003,0.7285389099121093,0.6789734959602356
149,4,schulze,canonical,91449,main,data/simulation_output/thesis_final_runs_v1/design_0149/rule_schulze/seed_91449/run_0,puzzle,74.248,34.468,22.82,0.318,78.57142857142857,76.0,0.04257028112449799,43.976190476190474,44.0,0.005662650602409639,1642767626121.2573,4879605570218.667,20428724633600.0,22.273809523809526,23.0,0.019036144578313253,0.3392857142857143,0.0,0.21485943775100402,0.28848053312301636,0.3036411702632904,0.7031364082098007,0.7616258859634399
149,4,schulze,canonical,91734,main,data/simulation_output/thesis_final_runs_v1/design_0149/rule_schulze/seed_91734/run_0,puzzle,79.288,28.404,25.52,0.337,83.13095238095238,83.0,0.03522088353413654,32.0,32.0,0.0027710843373493976,3559934375628.7026,10525449436013.715,86705575034880.0,24.904761904761905,30.0,0.01831325301204819,0.4255952380952381,0.5,0.29116465863453816,0.301413224697113,0.264320969581604,0.6744464217424393,0.7019320130348206
149,4,schulze,canonical,92005,main,data/simulation_output/thesis_final_runs_v1/design_0149/rule_schulze/seed_92005/run_0,puzzle,64.772,48.452,24.588,0.302,63.86904761904762,64.0,0.033253012048192775,52.29761904761905,53.0,0.0041365461847389555,39370128749196.055,117113278337609.14,1716286111350784.0,23.547619047619047,33.0,0.017269076305220885,0.30654761904761907,0.25,0.24497991967871485,0.29303805267810823,0.2673198878765106,0.7098711733818054,0.7152197957038879
149,4,schulze,canonical,92453,main,data/simulation_output/thesis_final_runs_v1/design_0149/rule_schulze/seed_92453/run_0,puzzle,69.46,40.56,24.512,0.308,70.78571428571429,72.0,0.03734939759036145,45.48809523809524,36.0,0.006706827309236948,1244281324219.5317,3702445680501.3335,22994283921408.0,25.845238095238095,18.0,0.01429718875502008,0.3244047619047619,0.25,0.24799196787148595,0.3026358857154846,0.32164332270622253,0.708015043258667,0.5911424160003662
149,4,schulze,canonical,92463,main,data/simulation_output/thesis_final_runs_v1/design_0149/rule_schulze/seed_92463/run_0,puzzle,76.648,39.944,25.68,0.322,81.35714285714286,81.0,0.030923694779116464,53.79761904761905,55.0,0.005582329317269076,583505219762397.6,1736613202649673.2,2.1908997544083456e+16,29.345238095238095,32.0,0.02313253012048193,0.21726190476190477,0.25,0.2389558232931727,0.27265671151876447,0.2370925396680832,0.733131572008133,0.6615274548530579
149,4,schulze,canonical,92472,main,data/simulation_output/thesis_final_runs_v1/design_0149/rule_schulze/seed_92472/run_0,puzzle,73.188,35.116,20.476,0.266,75.86904761904762,75.0,0.04313253012048193,41.976190476190474,45.0,0.005783132530120482,26224522425316.516,77676003090822.1,429782948904960.0,17.583333333333332,25.0,0.02068273092369478,0.30654761904761907,0.0,0.20281124497991967,0.29781438970565793,0.3090459108352661,0.6992961597442627,0.6999305486679077
149,4,schulze,canonical,93235,main,data/simulation_output/thesis_final_runs_v1/design_0149/rule_schulze/seed_93235/run_0,puzzle,58.672,35.932,19.964,0.23,51.57142857142857,51.0,0.05305220883534137,47.0,55.0,0.012650602409638554,49301910640.08359,146410963940.57144,619729846272.0,19.404761904761905,18.0,0.014337349397590363,0.3005952380952381,0.0,0.2248995983935743,0.3576337304115295,0.3856697380542755,0.6931930235624313,0.6604790091514587
149,4,schulze,canonical,94073,main,data/simulation_output/thesis_final_runs_v1/design_0149/rule_schulze/seed_94073/run_0,puzzle,66.012,52.192,25.772,0.296,64.44047619047619,65.0,0.035582329317269075,59.17857142857143,60.0,0.003253012048192771,1087398919588723.0,3236006469366735.0,1.3407630546436096e+16,27.988095238095237,20.0,0.018232931726907632,0.36904761904761907,0.5,0.25100401606425704,0.34533498287200926,0.35212627053260803,0.7009371218681335,0.6651900410652161
149,4,schulze,canonical,94738,main,data/simulation_output/thesis_final_runs_v1/design_0149/rule_schulze/seed_94738/run_0,puzzle,63.08,42.308,22.852,0.354,61.107142857142854,58.0,0.044457831325301206,51.98809523809524,52.0,0.004859437751004016,6052038434455.595,18011089840932.57,240272734683136.0,24.666666666666668,29.0,0.010722891566265061,0.39880952380952384,0.5,0.22791164658634538,0.3123169832229614,0.2941107749938965,0.7187494940757752,0.7779142260551453
149,4,schulze,canonical,95664,main,data/simulation_output/thesis_final_runs_v1/design_0149/rule_schulze/seed_95664/run_0,puzzle,63.024,41.872,22.536,0.333,58.845238095238095,62.0,0.04875502008032129,54.404761904761905,55.0,0.00606425702811245,81860436632.4416,243545958915.42856,1304332337152.0,24.476190476190474,23.0,0.017108433734939758,0.3273809523809524,0.5,0.26506024096385544,0.33608658170700073,0.3425094783306122,0.7123960907459259,0.654932975769043
149,4,schulze,canonical,96659,main,data/simulation_output/thesis_final_runs_v1/design_0149/rule_schulze/seed_96659/run_0,puzzle,58.3,48.248,22.652,0.322,54.785714285714285,58.0,0.04746987951807229,57.654761904761905,59.0,0.004056224899598394,9919703983374.713,29520895283712.0,428373964750848.0,22.5,28.0,0.014337349397590363,0.2708333333333333,0.25,0.2560240963855422,0.2722562973499298,0.2142479419708252,0.7352510137557984,0.7498743534088135
149,4,schulze,canonical,97030,main,data/simulation_output/thesis_final_runs_v1/design_0149/rule_schulze/seed_97030/run_0,puzzle,58.904,51.704,26.572,0.258,53.44047619047619,52.0,0.03726907630522089,61.404761904761905,62.0,0.004859437751004016,1496771575014700.2,4453782918816134.0,4.873772121194496e+16,25.154761904761905,22.0,0.01534136546184739,0.33630952380952384,0.25,0.19176706827309237,0.3228439249992371,0.3797744810581207,0.6995930260419846,0.653330385684967
149,4,schulze,canonical,98303,main,data/simulation_output/thesis_final_runs_v1/design_0149/rule_schulze/seed_98303/run_0,puzzle,63.536,38.544,22.496,0.35,58.30952380952381,60.0,0.04385542168674699,45.142857142857146,46.0,0.0026506024096385546,36439522159.57043,106397076175.2381,626027986944.0,22.25,27.0,0.017991967871485944,0.41964285714285715,0.25,0.30120481927710846,0.27992738980054854,0.2568393051624298,0.6784990601539612,0.7027403116226196
149,4,schulze,canonical,98366,main,data/simulation_output/thesis_final_runs_v1/design_0149/rule_schulze/seed_98366/run_0,puzzle,59.08,54.536,22.564,0.331,55.54761904761905,56.0,0.04409638554216867,68.61904761904762,46.0,0.006465863453815262,92849504831.95865,273737384569.90475,1204454817792.0,23.476190476190474,33.0,0.014136546184738957,0.375,0.0,0.22289156626506024,0.3322102369070053,0.30759721994400024,0.7142650880813599,0.6122147440910339
149,4,schulze,canonical,99085,main,data/simulation_output/thesis_final_runs_v1/design_0149/rule_schulze/seed_99085/run_0,puzzle,72.992,31.832,22.912,0.286,74.21428571428571,70.0,0.041526104417670684,43.226190476190474,46.0,0.007550200803212851,404900195439.1999,1204802396576.0,16251104526336.0,26.25,37.0,0.016586345381526105,0.26785714285714285,0.25,0.23694779116465864,0.3229378310441971,0.29085418581962585,0.6911806213855743,0.7501823306083679
149,4,schulze,canonical,99163,main,data/simulation_output/thesis_final_runs_v1/design_0149/rule_schulze/seed_99163/run_0,puzzle,61.492,48.292,23.084,0.234,55.01190476190476,54.0,0.04955823293172691,72.36904761904762,73.0,0.008795180722891566,100498053720293.7,299097147148092.94,1943540749828096.0,24.452380952380953,21.0,0.011927710843373494,0.22023809523809523,0.5,0.19879518072289157,0.34720679223537443,0.32699576020240784,0.7028502326011657,0.8046684861183167
149,4,schulze,canonical,99173,main,data/simulation_output/thesis_final_runs_v1/design_0149/rule_schulze/seed_99173/run_0,puzzle,72.708,34.18,21.788,0.302,75.89285714285714,72.0,0.03526104417670683,42.57142857142857,43.0,0.00321285140562249,11573811447038.182,34370501827437.715,325745385668608.0,20.333333333333332,23.0,0.0157429718875502,0.34523809523809523,0.25,0.24899598393574296,0.2906885359287262,0.3015404939651489,0.6972930662631989,0.680446445941925
149,5,random,reference,10246,main,data/simulation_output/thesis_final_runs_v1/design_0149/rule_random/seed_10246/run_0,puzzle,56.372,12.624,20.808,0.62,54.595238095238095,57.0,0.056546184738955826,13.857142857142858,13.0,0.011726907630522088,855.2638741886169,0.023704780487432367,0.0011612732196226716,21.30952380952381,19.0,0.017269076305220885,0.5892857142857143,0.75,0.29116465863453816,0.31332014113664625,0.31852278113365173,0.637396023273468,0.7268317937850952
149,5,random,reference,10393,main,data/simulation_output/thesis_final_runs_v1/design_0149/rule_random/seed_10393/run_0,puzzle,57.836,39.764,17.976,0.642,50.595238095238095,43.0,0.051325301204819276,47.04761904761905,50.0,0.01570281124497992,1493.9422351149226,0.011659399001430194,6.591328565264121e-05,17.535714285714285,16.0,0.01714859437751004,0.6607142857142857,0.75,0.2660642570281124,0.3412371393442154,0.3266187906265259,0.6845222815275193,0.5787211656570435
149,5,random,reference,10588,main,data/simulation_output/thesis_final_runs_v1/design_0149/rule_random/seed_10588/run_0,puzzle,55.38,32.06,20.44,0.622,48.05952380952381,43.0,0.05092369477911647,36.976190476190474,27.0,0.013775100401606425,661.0617611296386,0.018661317344854718,0.0012033677194267511,20.61904761904762,20.0,0.01775100401606426,0.5863095238095238,0.5,0.2901606425702811,0.3276523381471634,0.3263031840324402,0.6994587154388427,0.7650179862976074
149,5,random,reference,11176,main,data/simulation_output/thesis_final_runs_v1/design_0149/rule_random/seed_11176/run_0,puzzle,53.572,16.872,21.264,0.62,46.416666666666664,41.0,0.05485943775100401,22.321428571428573,36.0,0.015301204819277109,521.6526154305604,0.005151448939051036,0.0005181484157219529,21.238095238095237,23.0,0.014618473895582329,0.6101190476190477,0.5,0.3142570281124498,0.3071540161371231,0.2844696342945099,0.7103250827789307,0.6599506735801697
149,5,random,reference,11311,main,data/simulation_output/thesis_final_runs_v1/design_0149/rule_random/seed_11311/run_0,puzzle,52.352,17.172,19.972,0.647,42.23809523809524,42.0,0.05329317269076305,32.535714285714285,28.0,0.01429718875502008,605.5722150002689,0.008847479389303425,2.010725438594818e-05,19.452380952380953,19.0,0.01738955823293173,0.6726190476190477,1.0,0.2720883534136546,0.34706279742717744,0.35818660259246826,0.6770051397085189,0.6972292065620422
149,5,random,reference,11408,main,data/simulation_output/thesis_final_runs_v1/design_0149/rule_random/seed_11408/run_0,puzzle,55.596,15.844,21.364,0.661,49.0,44.0,0.055502008032128514,22.607142857142858,18.0,0.012971887550200803,329.2174811964203,0.0026259195069758875,3.741669934242964e-05,20.607142857142858,18.0,0.01959839357429719,0.6696428571428571,1.0,0.24397590361445784,0.329943545460701,0.3367469310760498,0.6836734215021133,0.7183166742324829
149,5,random,reference,11660,main,data/simulation_output/thesis_final_runs_v1/design_0149/rule_random/seed_11660/run_0,puzzle,53.736,15.232,18.528,0.63,46.095238095238095,44.0,0.055220883534136546,18.392857142857142,20.0,0.016224899598393575,468.2293113164004,0.0066068800421947215,0.00031107207178138196,18.857142857142858,19.0,0.022610441767068275,0.6041666666666666,0.75,0.3072289156626506,0.31999793303012847,0.34204840660095215,0.7043820230960846,0.7207602858543396
149,5,random,reference,12392,main,data/simulation_output/thesis_final_runs_v1/design_0149/rule_random/seed_12392/run_0,puzzle,55.928,25.652,19.412,0.607,46.95238095238095,47.0,0.057269076305220885,32.595238095238095,42.0,0.009196787148594378,321.9046384596452,0.10559239227413422,0.018851501867175102,18.80952380952381,17.0,0.015542168674698795,0.5803571428571429,1.0,0.29819277108433734,0.3378505425453186,0.35083654522895813,0.7294684042930603,0.5637386441230774
149,5,random,reference,12494,main,data/simulation_output/thesis_final_runs_v1/design_0149/rule_random/seed_12494/run_0,puzzle,57.432,15.172,20.808,0.624,47.035714285714285,42.0,0.06044176706827309,20.011904761904763,21.0,0.008514056224899598,403.3901977564054,0.007184478530516138,0.000981593388132751,20.61904761904762,22.0,0.019799196787148594,0.5595238095238095,0.5,0.2901606425702811,0.34325215727090835,0.34092023968696594,0.6301106057167053,0.6081794500350952
149,5,random,reference,12536,main,data/simulation_output/thesis_final_runs_v1/design_0149/rule_random/seed_12536/run_0,puzzle,53.964,16.328,21.2,0.607,46.75,35.0,0.05578313253012048,16.595238095238095,19.0,0.013052208835341366,544.6811078091431,0.11876782371906475,0.005046701058745384,21.261904761904763,20.0,0.022771084337349395,0.5773809523809523,0.75,0.3092369477911647,0.3275889437198639,0.32471656799316406,0.6943303662538528,0.6082539558410645
149,5,random,reference,14271,main,data/simulation_output/thesis_final_runs_v1/design_0149/rule_random/seed_14271/run_0,puzzle,56.192,24.692,21.656,0.604,49.607142857142854,42.0,0.06285140562248996,32.42857142857143,41.0,0.015100401606425702,391.74505576017873,0.014040511600407106,0.001124964328482747,20.857142857142858,22.0,0.016666666666666666,0.5684523809523809,0.25,0.3273092369477912,0.3272490210533142,0.3355001211166382,0.6997943120002746,0.7028777599334717
149,5,random,reference,14879,main,data/simulation_output/thesis_final_runs_v1/design_0149/rule_random/seed_14879/run_0,puzzle,54.396,12.052,21.46,0.616,45.976190476190474,43.0,0.059839357429718874,16.86904761904762,12.0,0.012690763052208835,731.71549846863,0.09781927542228784,0.001463628956116736,21.833333333333332,19.0,0.019558232931726906,0.6369047619047619,1.0,0.2640562248995984,0.33425053930282594,0.3611052930355072,0.686472482919693,0.6736749410629272
149,5,random,reference,14942,main,data/simulation_output/thesis_final_runs_v1/design_0149/rule_random/seed_14942/run_0,puzzle,52.624,12.032,20.204,0.617,44.726190476190474,40.0,0.059196787148594374,16.642857142857142,13.0,0.010963855421686748,334.58154892401376,0.04923806175342872,0.0009710266604088247,20.19047619047619,24.0,0.020883534136546186,0.6488095238095238,0.5,0.3172690763052209,0.3421729463338852,0.32073357701301575,0.6566272803544998,0.7248084545135498
149,5,random,reference,17514,main,data/simulation_output/thesis_final_runs_v1/design_0149/rule_random/seed_17514/run_0,puzzle,54.568,15.516,19.372,0.615,46.345238095238095,40.0,0.04903614457831325,16.607142857142858,14.0,0.018714859437751002,420.1672350996463,0.02408864837793988,0.00036348169669508934,19.035714285714285,25.0,0.017791164658634537,0.6190476190476191,0.25,0.29116465863453816,0.3188959482908249,0.289903461933136,0.7208612689971924,0.6505702137947083
149,5,random,reference,18594,main,data/simulation_output/thesis_final_runs_v1/design_0149/rule_random/seed_18594/run_0,puzzle,54.452,26.284,18.012,0.634,48.142857142857146,50.0,0.05831325301204819,21.13095238095238,24.0,0.018795180722891568,636.964972878723,0.012959312377417865,6.077102443668991e-05,17.88095238095238,15.0,0.016345381526104416,0.6398809523809523,0.75,0.28112449799196787,0.3388563992977142,0.4150797724723816,0.6921395256519317,0.641394317150116
149,5,random,reference,18641,main,data/simulation_output/thesis_final_runs_v1/design_0149/rule_random/seed_18641/run_0,puzzle,55.416,28.5,19.304,0.622,48.61904761904762,40.0,0.05506024096385542,31.535714285714285,31.0,0.012570281124497993,255.39009730925517,0.00563035209398506,0.00034127768594771624,19.833333333333332,20.0,0.014216867469879517,0.5803571428571429,1.0,0.29116465863453816,0.33908337956666945,0.3106650412082672,0.670414573431015,0.5779237151145935
149,5,random,reference,19530,main,data/simulation_output/thesis_final_runs_v1/design_0149/rule_random/seed_19530/run_0,puzzle,53.972,25.664,19.704,0.587,45.595238095238095,39.0,0.06076305220883534,29.142857142857142,46.0,0.014538152610441769,539.1328947330118,0.4066085192774023,0.04778048023581505,20.25,19.0,0.017108433734939758,0.5773809523809523,1.0,0.2901606425702811,0.34485849618911746,0.3776474595069885,0.6921543793678284,0.7359697818756104
149,5,random,reference,19767,main,data/simulation_output/thesis_final_runs_v1/design_0149/rule_random/seed_19767/run_0,puzzle,53.644,19.212,19.296,0.629,45.94047619047619,40.0,0.05586345381526105,23.452380952380953,37.0,0.01706827309236948,678.4396556947958,0.052317867892616915,0.0015872728545218706,18.761904761904763,16.0,0.01963855421686747,0.6279761904761905,0.75,0.29116465863453816,0.33026071286201475,0.3769973814487457,0.6827218632698059,0.6862519383430481
149,5,random,reference,19919,main,data/simulation_output/thesis_final_runs_v1/design_0149/rule_random/seed_19919/run_0,puzzle,55.16,23.908,20.32,0.632,48.05952380952381,49.0,0.058714859437751,26.285714285714285,30.0,0.014337349397590363,532.3368547135722,0.08397305051108733,0.0004169694148004055,19.904761904761905,18.0,0.01690763052208835,0.6607142857142857,0.75,0.2931726907630522,0.31766055011749267,0.30006223917007446,0.7216781315803528,0.6943266987800598
149,5,random,reference,20547,main,data/simulation_output/thesis_final_runs_v1/design_0149/rule_random/seed_20547/run_0,puzzle,56.772,31.168,21.648,0.645,48.04761904761905,37.0,0.05855421686746988,32.142857142857146,21.0,0.011807228915662651,590.8648769275089,0.042116491431529755,0.0001331018575001508,21.357142857142858,22.0,0.016947791164658634,0.6339285714285714,0.75,0.2821285140562249,0.33129781341552733,0.3334130048751831,0.6881543918848038,0.7507839202880859
149,5,random,reference,20994,main,data/simulation_output/thesis_final_runs_v1/design_0149/rule_random/seed_20994/run_0,puzzle,56.036,18.54,22.316,0.609,49.535714285714285,49.0,0.05714859437751004,23.726190476190474,28.0,0.01321285140562249,825.5592609138527,0.2723203762767038,0.010003977455198765,22.88095238095238,22.0,0.017670682730923693,0.6160714285714286,0.5,0.24899598393574296,0.33245820486545563,0.3184380531311035,0.6705809978246688,0.6427996158599854
149,5,random,reference,21298,main,data/simulation_output/thesis_final_runs_v1/design_0149/rule_random/seed_21298/run_0,puzzle,52.932,37.14,20.148,0.658,44.79761904761905,37.0,0.059116465863453815,43.82142857142857,36.0,0.015823293172690763,546.895934475129,0.013758312039066195,3.506474968162365e-05,20.071428571428573,21.0,0.01959839357429719,0.6755952380952381,1.0,0.286144578313253,0.3279864161014557,0.30387234687805176,0.7229698050022125,0.6524968147277832
149,5,random,reference,21498,main,data/simulation_output/thesis_final_runs_v1/design_0149/rule_random/seed_21498/run_0,puzzle,54.496,31.82,21.26,0.63,49.01190476190476,39.0,0.05839357429718875,39.357142857142854,37.0,0.01646586345381526,439.2016508958535,0.027405267550853922,0.0015965839847922325,21.095238095238095,21.0,0.015823293172690763,0.6220238095238095,0.75,0.2720883534136546,0.3317082734107971,0.32309839129447937,0.6803907887935638,0.7275660634040833
149,5,random,reference,22216,main,data/simulation_output/thesis_final_runs_v1/design_0149/rule_random/seed_22216/run_0,puzzle,54.764,17.296,22.796,0.631,44.904761904761905,40.0,0.06835341365461847,26.595238095238095,30.0,0.011485943775100402,552.5988018533066,0.06310281248408414,0.008979452773928642,22.785714285714285,24.0,0.02108433734939759,0.6071428571428571,0.75,0.27309236947791166,0.32065807723999024,0.30076730251312256,0.7158924187421799,0.6107500195503235
149,5,random,reference,22385,main,data/simulation_output/thesis_final_runs_v1/design_0149/rule_random/seed_22385/run_0,puzzle,52.172,8.548,15.968,0.619,41.45238095238095,34.0,0.05100401606425703,10.511904761904763,17.0,0.007751004016064256,601.7435454203579,0.01867775311360934,0.00202546245418489,15.595238095238095,13.0,0.014618473895582329,0.5714285714285714,0.5,0.2791164658634538,0.3343301733136177,0.3437633514404297,0.6118534137010574,0.47953012585639954
149,5,random,reference,22424,main,data/simulation_output/thesis_final_runs_v1/design_0149/rule_random/seed_22424/run_0,puzzle,58.756,26.196,21.192,0.645,51.464285714285715,46.0,0.057751004016064256,31.928571428571427,36.0,0.016666666666666666,603.76823895281,0.015175174727725485,5.935681838309392e-05,20.642857142857142,23.0,0.020803212851405625,0.6607142857142857,0.75,0.2429718875502008,0.3086340399980545,0.28587308526039124,0.6925946238040924,0.5729151368141174
149,5,random,reference,24504,main,data/simulation_output/thesis_final_runs_v1/design_0149/rule_random/seed_24504/run_0,puzzle,55.64,23.728,19.276,0.618,46.845238095238095,41.0,0.052048192771084335,12.547619047619047,12.0,0.0157429718875502,754.9936647801255,0.05590405807569845,0.0005259643658064306,19.571428571428573,15.0,0.015622489959839359,0.6577380952380952,0.75,0.2680722891566265,0.3228774542808533,0.3747672140598297,0.7147553811073303,0.6271862983703613
149,5,random,reference,24575,main,data/simulation_output/thesis_final_runs_v1/design_0149/rule_random/seed_24575/run_0,puzzle,56.984,33.144,19.616,0.652,51.05952380952381,54.0,0.051164658634538146,46.54761904761905,49.0,0.01104417670682731,578.3679792269272,0.002430703011279028,7.38661692594178e-05,19.61904761904762,26.0,0.015542168674698795,0.6398809523809523,1.0,0.26305220883534136,0.32442150747776033,0.2883520722389221,0.7170672850608826,0.7843946814537048
149,5,random,reference,25058,main,data/simulation_output/thesis_final_runs_v1/design_0149/rule_random/seed_25058/run_0,puzzle,51.408,20.208,19.324,0.617,44.404761904761905,52.0,0.051606425702811244,21.785714285714285,28.0,0.015502008032128513,719.1252796394294,0.01853623491479084,0.0037475686985999346,20.30952380952381,23.0,0.020401606425702812,0.5922619047619048,0.0,0.28112449799196787,0.3074327801465988,0.2505848705768585,0.7181453506946563,0.7029421925544739
149,5,random,reference,25089,main,data/simulation_output/thesis_final_runs_v1/design_0149/rule_random/seed_25089/run_0,puzzle,54.656,17.244,20.624,0.603,47.29761904761905,35.0,0.0578714859437751,20.071428571428573,27.0,0.018714859437751002,553.3950461761505,0.23384943945954242,0.01214775163680315,21.13095238095238,19.0,0.018995983935742974,0.6160714285714286,0.5,0.2540160642570281,0.33010836839675906,0.3110412061214447,0.699172967672348,0.5405378341674805
149,5,random,reference,25175,main,data/simulation_output/thesis_final_runs_v1/design_0149/rule_random/seed_25175/run_0,puzzle,57.24,33.484,21.888,0.599,49.976190476190474,49.0,0.05546184738955823,43.86904761904762,36.0,0.013012048192771084,361.13932150830516,0.19756034340909018,0.003788658417761326,21.476190476190474,19.0,0.014859437751004017,0.5982142857142857,0.75,0.2791164658634538,0.3364925763607025,0.3964913785457611,0.7079453947544098,0.6559233069419861
149,5,random,reference,26898,main,data/simulation_output/thesis_final_runs_v1/design_0149/rule_random/seed_26898/run_0,puzzle,57.452,23.552,20.368,0.608,51.98809523809524,50.0,0.05734939759036145,46.17857142857143,56.0,0.01751004016064257,639.5047075401512,0.04499139210037399,0.0018267392879351974,20.345238095238095,25.0,0.020883534136546186,0.6339285714285714,0.75,0.30220883534136544,0.3173837115764618,0.3247692286968231,0.7009706001281738,0.768793523311615
149,5,random,reference,27442,main,data/simulation_output/thesis_final_runs_v1/design_0149/rule_random/seed_27442/run_0,puzzle,55.092,22.36,21.016,0.627,48.535714285714285,37.0,0.05622489959839357,37.464285714285715,58.0,0.01610441767068273,909.9232097766446,0.18613356282280402,0.004082870204001665,20.392857142857142,22.0,0.014939759036144577,0.6428571428571429,0.5,0.28313253012048195,0.31751952147483825,0.289426326751709,0.7096989843845367,0.7428556680679321
149,5,random,reference,27465,main,data/simulation_output/thesis_final_runs_v1/design_0149/rule_random/seed_27465/run_0,puzzle,56.128,19.832,18.752,0.633,48.45238095238095,45.0,0.05626506024096385,20.273809523809526,25.0,0.011204819277108433,646.8225182191208,0.07330041451911841,0.018017129972577095,19.285714285714285,23.0,0.015502008032128513,0.6309523809523809,1.0,0.2620481927710843,0.3269223967194557,0.26979100704193115,0.7150624661445618,0.7549633979797363
149,5,random,reference,27628,main,data/simulation_output/thesis_final_runs_v1/design_0149/rule_random/seed_27628/run_0,puzzle,55.62,17.872,20.04,0.628,47.035714285714285,50.0,0.0570281124497992,16.178571428571427,9.0,0.01393574297188755,913.3464041861789,0.3715500545693517,0.0007081131916493177,19.833333333333332,18.0,0.011726907630522088,0.6934523809523809,0.5,0.26305220883534136,0.332840505361557,0.359885036945343,0.6875676959753036,0.7098325490951538
149,5,random,reference,27645,main,data/simulation_output/thesis_final_runs_v1/design_0149/rule_random/seed_27645/run_0,puzzle,55.88,12.344,17.652,0.607,50.79761904761905,46.0,0.05514056224899599,14.357142857142858,14.0,0.008072289156626507,367.2295970940441,0.2587504751891607,0.00490840058773756,17.642857142857142,16.0,0.01891566265060241,0.5833333333333334,0.75,0.2931726907630522,0.32453625828027727,0.3195784389972687,0.6784714331626892,0.6648977994918823
149,5,random,reference,28106,main,data/simulation_output/thesis_final_runs_v1/design_0149/rule_random/seed_28106/run_0,puzzle,55.792,16.668,21.128,0.586,48.79761904761905,48.0,0.04891566265060241,22.785714285714285,17.0,0.016224899598393575,467.9811080132127,0.6886461549216792,0.07550868391990662,21.273809523809526,20.0,0.014377510040160642,0.5863095238095238,0.5,0.2821285140562249,0.3181305302381516,0.34900015592575073,0.7149078607559204,0.785824179649353
149,5,random,reference,28162,main,data/simulation_output/thesis_final_runs_v1/design_0149/rule_random/seed_28162/run_0,puzzle,53.356,13.204,20.036,0.632,45.642857142857146,46.0,0.055502008032128514,18.226190476190474,17.0,0.011325301204819277,378.3966926864218,0.058957313447968944,0.0012077015126124024,19.285714285714285,22.0,0.023694779116465864,0.6458333333333334,0.25,0.2720883534136546,0.3454273055791855,0.2934832274913788,0.6874611798524857,0.7269176840782166
149,5,random,reference,28550,main,data/simulation_output/thesis_final_runs_v1/design_0149/rule_random/seed_28550/run_0,puzzle,53.648,22.576,18.528,0.619,43.55952380952381,36.0,0.057791164658634535,19.107142857142858,17.0,0.014136546184738957,353.06127498537813,0.055644147645493615,0.002479145536199212,18.321428571428573,17.0,0.013172690763052209,0.6547619047619048,0.5,0.2781124497991968,0.3236217919588089,0.31855708360671997,0.7037368931770325,0.6990742087364197
149,5,random,reference,28942,main,data/simulation_output/thesis_final_runs_v1/design_0149/rule_random/seed_28942/run_0,puzzle,55.036,16.78,19.736,0.631,48.714285714285715,50.0,0.05188755020080321,13.80952380952381,13.0,0.016546184738955822,1251.3333891849088,0.014594568609893378,4.135398557991721e-05,19.142857142857142,21.0,0.014859437751004017,0.6398809523809523,0.75,0.3002008032128514,0.34081830143928526,0.37176764011383057,0.6817497748136521,0.6798490285873413
149,5,random,reference,29129,main,data/simulation_output/thesis_final_runs_v1/design_0149/rule_random/seed_29129/run_0,puzzle,53.328,24.528,19.068,0.629,45.535714285714285,54.0,0.05437751004016064,28.595238095238095,14.0,0.01895582329317269,429.201902631207,0.002487138153723901,4.2822772229555994e-05,19.654761904761905,19.0,0.018232931726907632,0.6428571428571429,1.0,0.2680722891566265,0.34687125658988954,0.34875550866127014,0.6752982392311097,0.6703112125396729
149,5,random,reference,29315,main,data/simulation_output/thesis_final_runs_v1/design_0149/rule_random/seed_29315/run_0,puzzle,58.092,16.58,22.928,0.639,49.095238095238095,49.0,0.04963855421686748,19.333333333333332,29.0,0.010642570281124497,473.8280611594832,0.024184912063425316,0.0016232155030593276,23.36904761904762,23.0,0.021445783132530122,0.6458333333333334,0.5,0.28815261044176704,0.3210388820171356,0.32596829533576965,0.6504476624727249,0.6327248811721802
149,5,random,reference,29713,main,data/simulation_output/thesis_final_runs_v1/design_0149/rule_random/seed_29713/run_0,puzzle,56.76,14.632,17.596,0.646,49.285714285714285,60.0,0.057269076305220885,13.380952380952381,18.0,0.011767068273092368,1248.9147470108696,0.0015372220650533563,4.196520603727549e-05,17.75,20.0,0.01827309236947791,0.6279761904761905,1.0,0.2740963855421687,0.3306511470079422,0.28722432255744934,0.6935178847312927,0.7278116941452026
149,5,random,reference,30306,main,data/simulation_output/thesis_final_runs_v1/design_0149/rule_random/seed_30306/run_0,puzzle,53.804,25.4,20.308,0.626,45.642857142857146,41.0,0.05558232931726907,35.48809523809524,39.0,0.019076305220883535,779.6411030296837,0.02834607097680592,0.001792321098037064,20.452380952380953,20.0,0.01714859437751004,0.6130952380952381,0.75,0.2901606425702811,0.3181057871580124,0.3438013792037964,0.7136939041614533,0.7191016674041748
149,5,random,reference,30388,main,data/simulation_output/thesis_final_runs_v1/design_0149/rule_random/seed_30388/run_0,puzzle,52.112,15.924,21.672,0.622,43.666666666666664,32.0,0.05694779116465863,27.642857142857142,19.0,0.012530120481927712,619.294086207619,0.14328414198964656,0.004528399556875229,21.928571428571427,23.0,0.01759036144578313,0.6160714285714286,0.75,0.2761044176706827,0.31175644689798354,0.27783188223838806,0.7069354767799377,0.745159924030304
149,5,random,reference,30922,main,data/simulation_output/thesis_final_runs_v1/design_0149/rule_random/seed_30922/run_0,puzzle,54.896,31.484,20.064,0.62,49.54761904761905,45.0,0.052690763052208836,43.29761904761905,41.0,0.013855421686746987,491.15525590777474,0.0013300492783379187,0.00034406117629259825,20.928571428571427,23.0,0.01795180722891566,0.5595238095238095,0.5,0.2791164658634538,0.3116428945064545,0.26876068115234375,0.6732559485435485,0.6233608722686768
149,5,random,reference,31049,main,data/simulation_output/thesis_final_runs_v1/design_0149/rule_random/seed_31049/run_0,puzzle,55.264,12.756,19.736,0.616,46.642857142857146,40.0,0.05791164658634538,14.095238095238095,13.0,0.012931726907630524,813.8456300196015,0.12768159397611661,0.001994070829823613,19.916666666666668,19.0,0.014618473895582329,0.6369047619047619,0.75,0.27309236947791166,0.3526052255630493,0.3896661698818207,0.6716192677021027,0.6573368906974792
149,5,random,reference,32070,main,data/simulation_output/thesis_final_runs_v1/design_0149/rule_random/seed_32070/run_0,puzzle,56.34,23.792,21.012,0.61,51.583333333333336,50.0,0.05614457831325301,44.464285714285715,57.0,0.01534136546184739,750.2831294329455,0.07282830535023961,0.01172100193798542,21.80952380952381,22.0,0.015823293172690763,0.6071428571428571,0.75,0.2891566265060241,0.320672443985939,0.2846713662147522,0.6988353501558304,0.7248638868331909
149,5,random,reference,32688,main,data/simulation_output/thesis_final_runs_v1/design_0149/rule_random/seed_32688/run_0,puzzle,54.108,25.856,20.848,0.629,47.0,42.0,0.057791164658634535,17.773809523809526,16.0,0.01706827309236948,397.6656038416333,0.004601303201828462,0.00016425372450612485,21.38095238095238,21.0,0.024859437751004014,0.6279761904761905,0.25,0.2751004016064257,0.3342547591924667,0.32188859581947327,0.7012731264829636,0.7474330067634583
149,5,random,reference,33284,main,data/simulation_output/thesis_final_runs_v1/design_0149/rule_random/seed_33284/run_0,puzzle,56.008,23.556,20.132,0.641,49.45238095238095,50.0,0.06285140562248996,34.26190476190476,35.0,0.020843373493975904,645.4640770673875,0.003395700542352556,0.0001047863406711258,20.44047619047619,20.0,0.0157429718875502,0.6011904761904762,0.75,0.30522088353413657,0.3344716972112656,0.3431258499622345,0.675532301068306,0.6735771298408508
149,5,random,reference,33526,main,data/simulation_output/thesis_final_runs_v1/design_0149/rule_random/seed_33526/run_0,puzzle,54.66,31.252,21.292,0.6,47.44047619047619,44.0,0.05357429718875502,40.845238095238095,40.0,0.016987951807228917,589.5006291328054,0.22512486878050758,0.006617308594286442,22.416666666666668,19.0,0.023654618473895585,0.6130952380952381,0.75,0.31626506024096385,0.321808264374733,0.3245309591293335,0.7211110727787018,0.7562580704689026
149,5,random,reference,33956,main,data/simulation_output/thesis_final_runs_v1/design_0149/rule_random/seed_33956/run_0,puzzle,57.272,16.608,22.612,0.653,48.285714285714285,49.0,0.05586345381526105,21.05952380952381,20.0,0.004698795180722892,439.7040237099383,0.013686880958370498,0.00018534234550315887,23.69047619047619,22.0,0.025140562248995985,0.6428571428571429,1.0,0.26907630522088355,0.3156251230835915,0.3193173110485077,0.6502505574226379,0.6348891854286194
149,5,random,reference,34037,main,data/simulation_output/thesis_final_runs_v1/design_0149/rule_random/seed_34037/run_0,puzzle,53.412,35.02,21.236,0.601,44.23809523809524,30.0,0.058634538152610445,45.583333333333336,45.0,0.017309236947791164,648.1459204928875,2.2477248162031174,0.6318528056144714,21.0,20.0,0.016666666666666666,0.5654761904761905,0.75,0.27309236947791166,0.3230549501180649,0.3263544738292694,0.706193462729454,0.6785399913787842
149,5,random,reference,34459,main,data/simulation_output/thesis_final_runs_v1/design_0149/rule_random/seed_34459/run_0,puzzle,53.584,32.696,18.892,0.635,45.964285714285715,44.0,0.05349397590361446,34.154761904761905,28.0,0.01923694779116466,438.74526142621414,0.21516289314742953,0.012096090242266655,19.214285714285715,18.0,0.015542168674698795,0.6339285714285714,0.75,0.2680722891566265,0.32611686742305757,0.32297593355178833,0.6984700934886933,0.7460641860961914
149,5,random,reference,35086,main,data/simulation_output/thesis_final_runs_v1/design_0149/rule_random/seed_35086/run_0,puzzle,54.416,26.732,18.632,0.599,44.345238095238095,39.0,0.05437751004016064,27.107142857142858,26.0,0.013775100401606425,489.19358246009705,0.06717831514764666,0.003545501735061407,18.976190476190474,20.0,0.01538152610441767,0.6071428571428571,0.75,0.285140562248996,0.33787672185897827,0.31512486934661865,0.7028163861036301,0.672434389591217
149,5,random,reference,35690,main,data/simulation_output/thesis_final_runs_v1/design_0149/rule_random/seed_35690/run_0,puzzle,53.812,22.908,19.332,0.645,46.51190476190476,40.0,0.05445783132530121,36.86904761904762,26.0,0.015180722891566266,573.378600730291,0.0048404942844215496,9.253866301150993e-05,19.142857142857142,20.0,0.01706827309236948,0.6279761904761905,0.25,0.25502008032128515,0.3206228437423706,0.3014262020587921,0.7058607175350189,0.7541429996490479
149,5,random,reference,36007,main,data/simulation_output/thesis_final_runs_v1/design_0149/rule_random/seed_36007/run_0,puzzle,55.168,38.044,18.976,0.64,46.79761904761905,42.0,0.050883534136546185,44.5,44.0,0.01738955823293173,342.00740914014796,0.03240598749479908,8.254552813014016e-05,18.5,15.0,0.016506024096385543,0.6607142857142857,0.25,0.24497991967871485,0.3247197726368904,0.3633165955543518,0.6771327233314515,0.5294921398162842
149,5,random,reference,36338,main,data/simulation_output/thesis_final_runs_v1/design_0149/rule_random/seed_36338/run_0,puzzle,54.596,19.268,21.616,0.604,47.523809523809526,47.0,0.052730923694779115,25.30952380952381,23.0,0.015582329317269076,577.2514187226808,0.3008166652455527,0.0032966823782771826,21.488095238095237,23.0,0.013534136546184738,0.6220238095238095,0.75,0.33433734939759036,0.3130853728055954,0.304187536239624,0.7282647848129272,0.7431930303573608
149,5,random,reference,36675,main,data/simulation_output/thesis_final_runs_v1/design_0149/rule_random/seed_36675/run_0,puzzle,54.664,11.472,20.072,0.624,43.773809523809526,47.0,0.05807228915662651,13.238095238095237,16.0,0.007469879518072289,772.9107703311365,0.03570896118686678,0.00041409171535633504,19.404761904761905,17.0,0.024417670682730926,0.6309523809523809,0.5,0.2891566265060241,0.3228491227030754,0.35187283158302307,0.6394016314744949,0.6913788914680481
149,5,random,reference,37319,main,data/simulation_output/thesis_final_runs_v1/design_0149/rule_random/seed_37319/run_0,puzzle,52.824,42.028,16.824,0.654,43.44047619047619,44.0,0.05690763052208835,70.3452380952381,76.0,0.01538152610441767,460.0062891529506,0.007624440429069745,0.00015029555652290583,16.488095238095237,19.0,0.019156626506024097,0.6488095238095238,0.75,0.28112449799196787,0.3498484171628952,0.30414867401123047,0.7042390546798706,0.7186521291732788
149,5,random,reference,37444,main,data/simulation_output/thesis_final_runs_v1/design_0149/rule_random/seed_37444/run_0,puzzle,57.032,30.18,20.312,0.653,50.07142857142857,50.0,0.06112449799196787,34.26190476190476,27.0,0.014658634538152611,385.8411860172973,0.012445312414813867,1.5847519534872845e-05,19.726190476190474,17.0,0.017710843373493976,0.6666666666666666,0.25,0.2600401606425703,0.33559175992012025,0.3952442407608032,0.6668970658779144,0.5419709086418152
149,5,random,reference,38360,main,data/simulation_output/thesis_final_runs_v1/design_0149/rule_random/seed_38360/run_0,puzzle,55.364,29.584,20.636,0.596,47.785714285714285,48.0,0.052008032128514056,27.345238095238095,30.0,0.015582329317269076,524.7414669786748,0.13314108658648496,0.00429919920861721,20.464285714285715,20.0,0.014939759036144577,0.6071428571428571,0.5,0.28413654618473894,0.3045996246933937,0.3609894812107086,0.7346118564605713,0.6392970681190491
149,5,random,reference,39061,main,data/simulation_output/thesis_final_runs_v1/design_0149/rule_random/seed_39061/run_0,puzzle,55.444,15.456,20.276,0.603,46.86904761904762,40.0,0.058674698795180724,15.095238095238095,20.0,0.016305220883534137,423.78203264715523,0.9216159213822157,0.025475338101387024,19.80952380952381,17.0,0.017228915662650602,0.6398809523809523,0.75,0.26506024096385544,0.32495464742183683,0.3784361779689789,0.6855704739093781,0.6543624997138977
149,5,random,reference,39208,main,data/simulation_output/thesis_final_runs_v1/design_0149/rule_random/seed_39208/run_0,puzzle,48.432,41.28,19.768,0.641,40.30952380952381,30.0,0.058634538152610445,59.0,72.0,0.018032128514056226,396.988132099343,0.006583670768166138,0.0008213966502808034,19.083333333333332,16.0,0.022811244979919678,0.625,0.5,0.22791164658634538,0.34449050986766816,0.45306915044784546,0.6405715065002442,0.6481548547744751
149,5,random,reference,39427,main,data/simulation_output/thesis_final_runs_v1/design_0149/rule_random/seed_39427/run_0,puzzle,54.48,17.336,20.004,0.643,44.38095238095238,42.0,0.05289156626506024,21.095238095238095,22.0,0.015261044176706828,376.6588264038602,0.003527012598732697,6.054826735635288e-05,21.13095238095238,21.0,0.01497991967871486,0.6517857142857143,0.5,0.2620481927710843,0.32279838049411774,0.280767560005188,0.6724570395946503,0.6224872469902039
149,5,random,reference,39467,main,data/simulation_output/thesis_final_runs_v1/design_0149/rule_random/seed_39467/run_0,puzzle,56.252,23.456,19.092,0.639,49.904761904761905,55.0,0.05678714859437751,28.083333333333332,26.0,0.01783132530120482,593.4729400142885,0.008671196534470212,0.0004332670068833977,18.928571428571427,20.0,0.010923694779116467,0.6190476190476191,0.5,0.2740963855421687,0.3282743159532547,0.3016444742679596,0.7100430600643158,0.77288818359375
149,5,random,reference,39503,main,data/simulation_output/thesis_final_runs_v1/design_0149/rule_random/seed_39503/run_0,puzzle,56.072,22.816,22.076,0.607,48.76190476190476,52.0,0.05991967871485944,33.98809523809524,39.0,0.012891566265060241,1086.3179801630379,0.792363721522547,0.013986154459416866,21.94047619047619,23.0,0.02289156626506024,0.6071428571428571,1.0,0.3042168674698795,0.31304233860969544,0.3088430166244507,0.7049247057437896,0.7021159529685974
149,5,random,reference,39628,main,data/simulation_output/thesis_final_runs_v1/design_0149/rule_random/seed_39628/run_0,puzzle,55.644,19.004,22.128,0.62,47.19047619047619,52.0,0.05349397590361446,24.13095238095238,11.0,0.015261044176706828,756.5534632581658,0.2900023021003498,0.0074277473613619804,22.404761904761905,27.0,0.01923694779116466,0.6369047619047619,1.0,0.29417670682730923,0.31795124065876007,0.24083445966243744,0.689974940776825,0.5600914359092712
149,5,random,reference,39712,main,data/simulation_output/thesis_final_runs_v1/design_0149/rule_random/seed_39712/run_0,puzzle,54.98,9.404,18.676,0.625,47.76190476190476,44.0,0.05666666666666667,10.607142857142858,13.0,0.014176706827309237,645.1598442413563,0.02389200015611658,0.0004897994222119451,19.273809523809526,19.0,0.022369477911646583,0.6488095238095238,0.75,0.285140562248996,0.322325064599514,0.3005165755748749,0.6800033938884735,0.6977199912071228
149,5,random,reference,40118,main,data/simulation_output/thesis_final_runs_v1/design_0149/rule_random/seed_40118/run_0,puzzle,55.552,16.076,21.704,0.624,47.63095238095238,48.0,0.057991967871485944,18.654761904761905,11.0,0.019156626506024097,702.7362860186377,0.004198340060784609,0.00010890949488384649,21.69047619047619,21.0,0.01895582329317269,0.5922619047619048,0.5,0.3032128514056225,0.3088741325139999,0.30434733629226685,0.704684210062027,0.7126689553260803
149,5,random,reference,40255,main,data/simulation_output/thesis_final_runs_v1/design_0149/rule_random/seed_40255/run_0,puzzle,55.88,16.26,19.836,0.631,46.416666666666664,50.0,0.056385542168674696,18.86904761904762,26.0,0.013172690763052209,408.2948526582951,0.007887166151444294,0.0022247761953622103,20.321428571428573,19.0,0.01751004016064257,0.5803571428571429,0.75,0.2901606425702811,0.3352914606332779,0.3413624167442322,0.6960721035003662,0.6765379905700684
149,5,random,reference,40716,main,data/simulation_output/thesis_final_runs_v1/design_0149/rule_random/seed_40716/run_0,puzzle,55.76,26.024,18.056,0.62,47.51190476190476,45.0,0.06305220883534136,29.05952380952381,24.0,0.013493975903614458,1019.6567779462086,0.017340942787649555,0.0014706136425957084,18.154761904761905,20.0,0.01642570281124498,0.6041666666666666,0.5,0.28112449799196787,0.3256868082284927,0.31357237696647644,0.6858058644533157,0.6381845474243164
149,5,random,reference,40825,main,data/simulation_output/thesis_final_runs_v1/design_0149/rule_random/seed_40825/run_0,puzzle,54.244,38.772,20.204,0.632,46.94047619047619,45.0,0.05076305220883534,47.595238095238095,56.0,0.01690763052208835,1598.8168454545635,0.08892793879411849,0.0012196294264867902,20.428571428571427,19.0,0.017309236947791164,0.6369047619047619,0.75,0.2781124497991968,0.31157089602947236,0.3028913736343384,0.6865294369459152,0.6761031150817871
149,5,random,reference,41038,main,data/simulation_output/thesis_final_runs_v1/design_0149/rule_random/seed_41038/run_0,puzzle,54.864,33.888,19.492,0.615,47.42857142857143,44.0,0.06152610441767068,47.51190476190476,49.0,0.018433734939759038,723.2332133795954,0.08231311496568933,0.0024463755544275045,19.785714285714285,20.0,0.01895582329317269,0.6369047619047619,0.25,0.286144578313253,0.34796363914012907,0.3373413383960724,0.6806818733215332,0.5882666110992432
149,5,random,reference,41114,main,data/simulation_output/thesis_final_runs_v1/design_0149/rule_random/seed_41114/run_0,puzzle,62.952,20.908,20.52,0.646,58.48809523809524,57.0,0.05622489959839357,27.11904761904762,35.0,0.004658634538152611,506.8266982651574,0.13584977554620264,0.0006534636486321688,19.952380952380953,21.0,0.021164658634538154,0.6726190476190477,0.75,0.3042168674698795,0.3107206194400787,0.30960920453071594,0.7010908099412918,0.7357061505317688
149,5,random,reference,41458,main,data/simulation_output/thesis_final_runs_v1/design_0149/rule_random/seed_41458/run_0,puzzle,55.884,14.332,22.452,0.651,49.80952380952381,43.0,0.051365461847389556,17.404761904761905,28.0,0.02140562248995984,465.71569821652946,0.005229466732998844,4.09505155403167e-05,22.5,21.0,0.018835341365461847,0.6607142857142857,0.25,0.28413654618473894,0.31625109243392946,0.30088797211647034,0.6515310354232788,0.6149142384529114
149,5,random,reference,42022,main,data/simulation_output/thesis_final_runs_v1/design_0149/rule_random/seed_42022/run_0,puzzle,53.924,36.62,21.516,0.636,46.595238095238095,45.0,0.05285140562248996,44.42857142857143,58.0,0.01751004016064257,488.3181580140905,0.0028982332600467737,0.00012834506924264133,22.011904761904763,23.0,0.016345381526104416,0.6339285714285714,0.5,0.29116465863453816,0.30849481296539305,0.3388257324695587,0.723106187582016,0.6260380148887634
149,5,random,reference,42247,main,data/simulation_output/thesis_final_runs_v1/design_0149/rule_random/seed_42247/run_0,puzzle,59.344,31.684,19.332,0.61,52.535714285714285,46.0,0.057550200803212846,38.166666666666664,31.0,0.010240963855421687,1297.7225802183682,0.12060131041965048,0.005093970336019993,18.523809523809526,17.0,0.018393574297188756,0.5922619047619048,0.5,0.3152610441767068,0.3356593012809753,0.3451586365699768,0.6914431940317154,0.7538360953330994
149,5,random,reference,42286,main,data/simulation_output/thesis_final_runs_v1/design_0149/rule_random/seed_42286/run_0,puzzle,54.868,20.024,18.996,0.603,47.13095238095238,49.0,0.05188755020080321,19.178571428571427,20.0,0.013534136546184738,887.3303659707606,0.3512639223287503,0.03832072764635086,18.904761904761905,20.0,0.017429718875502008,0.6160714285714286,0.25,0.25301204819277107,0.3215977066755295,0.28581294417381287,0.7076027802228928,0.7520850300788879
149,5,random,reference,42715,main,data/simulation_output/thesis_final_runs_v1/design_0149/rule_random/seed_42715/run_0,puzzle,56.544,32.504,19.26,0.625,49.04761904761905,41.0,0.0553413654618474,40.0,41.0,0.01738955823293173,491.7334018036234,0.002825747353545878,6.59449869999662e-05,19.654761904761905,23.0,0.0142570281124498,0.6011904761904762,0.75,0.2921686746987952,0.35047235536575316,0.3225761353969574,0.7025289607048034,0.6418112516403198
149,5,random,reference,42943,main,data/simulation_output/thesis_final_runs_v1/design_0149/rule_random/seed_42943/run_0,puzzle,55.6,16.596,20.392,0.632,45.98809523809524,44.0,0.051164658634538146,23.392857142857142,19.0,0.009116465863453816,641.8908745563347,0.1443512135551178,0.0016644587740302086,20.488095238095237,21.0,0.021686746987951807,0.6696428571428571,0.75,0.30823293172690763,0.328775609254837,0.30282267928123474,0.6846249737739563,0.7128608226776123
149,5,random,reference,43401,main,data/simulation_output/thesis_final_runs_v1/design_0149/rule_random/seed_43401/run_0,puzzle,52.82,31.732,22.596,0.589,44.69047619047619,35.0,0.05526104417670683,47.79761904761905,53.0,0.012570281124497993,668.4680704491734,0.5119483721043382,0.1274852305650711,22.25,24.0,0.020522088353413657,0.5684523809523809,0.75,0.28112449799196787,0.310725745677948,0.2845357358455658,0.7003365201950074,0.7954612374305725
149,5,random,reference,44015,main,data/simulation_output/thesis_final_runs_v1/design_0149/rule_random/seed_44015/run_0,puzzle,53.376,23.544,20.632,0.628,45.44047619047619,38.0,0.05734939759036145,34.75,30.0,0.01429718875502008,735.3878715233104,0.02092194855712088,0.0003225307445973158,20.714285714285715,23.0,0.01967871485943775,0.6339285714285714,1.0,0.29417670682730923,0.32329156959056854,0.2963728606700897,0.6952307370901107,0.609968364238739
149,5,random,reference,45211,main,data/simulation_output/thesis_final_runs_v1/design_0149/rule_random/seed_45211/run_0,puzzle,54.52,21.408,22.316,0.634,47.38095238095238,40.0,0.05927710843373494,24.238095238095237,22.0,0.01538152610441767,505.2303058638405,0.4040510214011495,0.005571723449975252,22.726190476190474,23.0,0.015863453815261042,0.6547619047619048,0.75,0.30120481927710846,0.3194914640188217,0.31782978773117065,0.7303470597267151,0.6402021050453186
149,5,random,reference,45673,main,data/simulation_output/thesis_final_runs_v1/design_0149/rule_random/seed_45673/run_0,puzzle,53.596,31.144,20.944,0.607,45.36904761904762,39.0,0.057068273092369476,46.79761904761905,62.0,0.019558232931726906,472.82732287578096,0.14420745179744526,0.009992810897529125,20.678571428571427,21.0,0.013333333333333332,0.6041666666666666,0.5,0.2640562248995984,0.3333953742980957,0.33849555253982544,0.6931199235916138,0.7056643962860107
149,5,random,reference,46513,main,data/simulation_output/thesis_final_runs_v1/design_0149/rule_random/seed_46513/run_0,puzzle,56.544,22.468,21.144,0.638,51.226190476190474,41.0,0.053253012048192765,35.51190476190476,24.0,0.012971887550200803,1105.729048091323,0.06489632394195291,0.0003795663360506296,20.75,20.0,0.018032128514056226,0.6339285714285714,0.5,0.2680722891566265,0.3384514337778091,0.35266417264938354,0.6979622702598571,0.7988771200180054
149,5,random,reference,46847,main,data/simulation_output/thesis_final_runs_v1/design_0149/rule_random/seed_46847/run_0,puzzle,55.448,16.364,20.744,0.644,47.845238095238095,47.0,0.0578714859437751,14.892857142857142,22.0,0.010963855421686748,952.6440150359115,0.0069613987994411475,6.29010028205812e-05,21.13095238095238,21.0,0.01783132530120482,0.6339285714285714,0.25,0.2570281124497992,0.3194974628686905,0.31748539209365845,0.728082273721695,0.7716193795204163
149,5,random,reference,48615,main,data/simulation_output/thesis_final_runs_v1/design_0149/rule_random/seed_48615/run_0,puzzle,54.888,15.828,20.224,0.608,47.54761904761905,46.0,0.0506425702811245,19.595238095238095,14.0,0.013172690763052209,470.9166350572482,0.5794760493694672,0.015283594839274883,20.107142857142858,24.0,0.023855421686746987,0.6190476190476191,1.0,0.28012048192771083,0.32258479022979736,0.2864043414592743,0.6787106294631958,0.7875161170959473
149,5,random,reference,48647,main,data/simulation_output/thesis_final_runs_v1/design_0149/rule_random/seed_48647/run_0,puzzle,51.044,24.104,22.96,0.599,43.01190476190476,38.0,0.05610441767068273,24.535714285714285,16.0,0.016746987951807228,603.6410532304049,2.248977763666993,0.0698569044470787,23.488095238095237,22.0,0.017188755020080323,0.5982142857142857,0.5,0.33433734939759036,0.3347011402845383,0.3446945250034332,0.662963603258133,0.683096170425415
149,5,random,reference,49126,main,data/simulation_output/thesis_final_runs_v1/design_0149/rule_random/seed_49126/run_0,puzzle,54.016,26.344,19.924,0.64,46.98809523809524,42.0,0.05807228915662651,30.964285714285715,27.0,0.011927710843373494,617.1543865937816,0.020260786882274607,7.16246067895554e-05,19.761904761904763,21.0,0.020963855421686745,0.6666666666666666,1.0,0.26706827309236947,0.32765893828868864,0.3159438669681549,0.70179316675663,0.6182291507720947
149,5,random,reference,49425,main,data/simulation_output/thesis_final_runs_v1/design_0149/rule_random/seed_49425/run_0,puzzle,56.892,19.004,20.164,0.648,50.76190476190476,48.0,0.05048192771084337,15.226190476190476,21.0,0.018514056224899596,369.4740760788147,0.01221273869755567,0.0002897512458730489,20.083333333333332,28.0,0.01738955823293173,0.6398809523809523,0.5,0.24497991967871485,0.32048953545093534,0.36126258969306946,0.6859455169439316,0.7758751511573792
149,5,random,reference,49907,main,data/simulation_output/thesis_final_runs_v1/design_0149/rule_random/seed_49907/run_0,puzzle,55.556,12.712,22.1,0.628,49.57142857142857,55.0,0.05108433734939759,17.678571428571427,15.0,0.009759036144578313,406.0878520903239,0.009615942643514635,0.00029317106236703694,22.845238095238095,22.0,0.022409638554216866,0.6279761904761905,1.0,0.3042168674698795,0.3208791630268097,0.30810222029685974,0.6562867095470428,0.6526946425437927
149,5,random,reference,51108,main,data/simulation_output/thesis_final_runs_v1/design_0149/rule_random/seed_51108/run_0,puzzle,53.116,10.56,19.456,0.613,43.17857142857143,39.0,0.05518072289156627,14.785714285714286,17.0,0.010240963855421687,257.6143804182361,0.01245160887247905,0.0005159936263225973,19.547619047619047,21.0,0.018514056224899596,0.6071428571428571,0.75,0.26907630522088355,0.33756004327535627,0.3185272514820099,0.6284736835956574,0.7139305472373962
149,5,random,reference,51505,main,data/simulation_output/thesis_final_runs_v1/design_0149/rule_random/seed_51505/run_0,puzzle,54.784,33.656,21.476,0.626,45.583333333333336,37.0,0.05036144578313253,48.642857142857146,58.0,0.01602409638554217,633.8247586974753,0.006504763923744793,0.00014787292457185686,21.964285714285715,19.0,0.017269076305220885,0.625,0.75,0.2781124497991968,0.333385999917984,0.3306450843811035,0.684604787349701,0.5788867473602295
149,5,random,reference,51722,main,data/simulation_output/thesis_final_runs_v1/design_0149/rule_random/seed_51722/run_0,puzzle,56.636,31.824,21.64,0.624,48.80952380952381,50.0,0.051606425702811244,38.26190476190476,42.0,0.01321285140562249,801.830321019111,0.010307534902018406,0.0005826686974614859,21.714285714285715,21.0,0.013534136546184738,0.6130952380952381,0.75,0.3032128514056225,0.35339093434810637,0.3548567295074463,0.7071405589580536,0.6756666898727417
149,5,random,reference,52722,main,data/simulation_output/thesis_final_runs_v1/design_0149/rule_random/seed_52722/run_0,puzzle,54.912,15.352,21.232,0.649,47.19047619047619,41.0,0.06068273092369478,23.428571428571427,12.0,0.01248995983935743,842.7132890811921,0.0008262188433231391,6.0053762354073115e-06,21.976190476190474,17.0,0.020642570281124498,0.6607142857142857,0.75,0.27309236947791166,0.31422150260210036,0.36396172642707825,0.6877255138158799,0.7012709379196167
149,5,random,reference,53334,main,data/simulation_output/thesis_final_runs_v1/design_0149/rule_random/seed_53334/run_0,puzzle,57.204,18.484,20.26,0.64,52.857142857142854,54.0,0.06032128514056225,21.75,27.0,0.012971887550200803,336.33299621133557,0.006256046617809694,0.00019819980661850423,20.595238095238095,18.0,0.02160642570281125,0.6339285714285714,0.5,0.30220883534136544,0.323856120467186,0.36777186393737793,0.684738398551941,0.5710747241973877
149,5,random,reference,54065,main,data/simulation_output/thesis_final_runs_v1/design_0149/rule_random/seed_54065/run_0,puzzle,53.748,23.352,19.688,0.626,45.76190476190476,40.0,0.052690763052208836,27.36904761904762,30.0,0.013333333333333332,1028.7873693674132,0.07907604902894014,0.0019407592481002212,19.642857142857142,17.0,0.01610441767068273,0.6309523809523809,0.5,0.2761044176706827,0.329410463809967,0.39583098888397217,0.7054198343753815,0.716435432434082
149,5,random,reference,54726,main,data/simulation_output/thesis_final_runs_v1/design_0149/rule_random/seed_54726/run_0,puzzle,55.272,14.76,20.148,0.618,48.42857142857143,50.0,0.0606425702811245,13.797619047619047,12.0,0.017469879518072287,668.8631598489843,0.5969296291004866,0.009264455176889896,20.595238095238095,27.0,0.01859437751004016,0.6547619047619048,0.75,0.26706827309236947,0.3146669075489044,0.2805030345916748,0.7220211970806122,0.7245545387268066
149,5,random,reference,55401,main,data/simulation_output/thesis_final_runs_v1/design_0149/rule_random/seed_55401/run_0,puzzle,55.844,14.048,19.332,0.62,48.36904761904762,46.0,0.052208835341365466,17.38095238095238,20.0,0.016305220883534137,468.3681896106694,0.1535942446540243,0.00114084267988801,18.821428571428573,18.0,0.013694779116465862,0.6577380952380952,0.75,0.28012048192771083,0.3293649733066559,0.3227063715457916,0.7087585113048553,0.7102199792861938
149,5,random,reference,57389,main,data/simulation_output/thesis_final_runs_v1/design_0149/rule_random/seed_57389/run_0,puzzle,53.572,19.56,19.98,0.64,45.285714285714285,41.0,0.05405622489959839,20.773809523809526,23.0,0.014176706827309237,549.1802460080478,0.1232389697993529,0.001018516137264669,19.345238095238095,20.0,0.017028112449799196,0.6517857142857143,0.75,0.3092369477911647,0.32437299942970277,0.28959324955940247,0.7025047142505646,0.7965779900550842
149,5,random,reference,57979,main,data/simulation_output/thesis_final_runs_v1/design_0149/rule_random/seed_57979/run_0,puzzle,54.784,17.548,20.032,0.609,47.05952380952381,51.0,0.057228915662650606,14.30952380952381,12.0,0.01642570281124498,867.8303825631998,0.15538248090472603,0.013350499793887138,19.797619047619047,19.0,0.017429718875502008,0.5982142857142857,0.5,0.30622489959839355,0.30811497604846955,0.3275800347328186,0.702213930606842,0.657417893409729
149,5,random,reference,58051,main,data/simulation_output/thesis_final_runs_v1/design_0149/rule_random/seed_58051/run_0,puzzle,58.736,16.38,20.176,0.645,52.976190476190474,50.0,0.05542168674698795,21.738095238095237,19.0,0.007068273092369478,505.2796775087503,0.0029375564919887224,0.00010768770152935758,20.214285714285715,29.0,0.020923694779116465,0.6160714285714286,0.25,0.26305220883534136,0.3285906398296356,0.2367878407239914,0.692311097741127,0.6920493245124817
149,5,random,reference,58075,main,data/simulation_output/thesis_final_runs_v1/design_0149/rule_random/seed_58075/run_0,puzzle,54.864,22.18,19.412,0.613,46.166666666666664,40.0,0.05333333333333333,29.61904761904762,30.0,0.012931726907630524,829.9045945484936,0.24897590217490992,0.015033694915473461,20.142857142857142,20.0,0.014216867469879517,0.6130952380952381,0.75,0.3102409638554217,0.3405778067111969,0.3160369098186493,0.6816207692623139,0.7223259210586548
149,5,random,reference,58185,main,data/simulation_output/thesis_final_runs_v1/design_0149/rule_random/seed_58185/run_0,puzzle,55.296,14.74,20.852,0.617,48.726190476190474,51.0,0.05469879518072289,19.178571428571427,27.0,0.012931726907630524,984.7907270613313,0.4001037650519893,0.0060511198826134205,21.392857142857142,20.0,0.016546184738955822,0.6488095238095238,0.75,0.30622489959839355,0.32178884172439576,0.35482028126716614,0.7187312653064728,0.6478914022445679
149,5,random,reference,58309,main,data/simulation_output/thesis_final_runs_v1/design_0149/rule_random/seed_58309/run_0,puzzle,55.96,24.516,19.66,0.632,47.26190476190476,46.0,0.05518072289156627,33.523809523809526,43.0,0.014738955823293171,292.7976579323041,0.023898056997235732,0.0006868777563795447,20.142857142857142,18.0,0.014337349397590363,0.6517857142857143,0.75,0.29116465863453816,0.32287952411174775,0.34647032618522644,0.6764824014902114,0.5888509154319763
149,5,random,reference,58606,main,data/simulation_output/thesis_final_runs_v1/design_0149/rule_random/seed_58606/run_0,puzzle,56.648,10.704,19.164,0.635,50.345238095238095,50.0,0.05,13.023809523809524,16.0,0.007911646586345382,424.3624539334582,0.022321815678359207,0.00045552049414254725,19.166666666666668,17.0,0.02176706827309237,0.625,0.75,0.2931726907630522,0.3263068474531174,0.3262544572353363,0.6236529842615127,0.590116560459137
149,5,random,reference,58705,main,data/simulation_output/thesis_final_runs_v1/design_0149/rule_random/seed_58705/run_0,puzzle,55.14,21.948,18.84,0.618,46.23809523809524,36.0,0.05461847389558233,25.5,33.0,0.012931726907630524,643.9916423753984,0.2724041141946578,0.007597416173666716,19.154761904761905,22.0,0.01827309236947791,0.6279761904761905,0.0,0.2931726907630522,0.324606363594532,0.2785018980503082,0.6999421409368515,0.5608891844749451
149,5,random,reference,58738,main,data/simulation_output/thesis_final_runs_v1/design_0149/rule_random/seed_58738/run_0,puzzle,53.756,22.944,21.38,0.614,47.904761904761905,49.0,0.060361445783132524,25.773809523809526,29.0,0.019759036144578312,984.9251216019205,0.49309411745828885,0.00870224367827177,21.5,20.0,0.017670682730923693,0.6369047619047619,0.75,0.2570281124497992,0.3047475861907005,0.3092384934425354,0.6775948746204377,0.725210428237915
149,5,random,reference,59237,main,data/simulation_output/thesis_final_runs_v1/design_0149/rule_random/seed_59237/run_0,puzzle,56.004,10.692,17.536,0.625,47.57142857142857,42.0,0.05582329317269077,15.821428571428571,13.0,0.008072289156626507,508.80618972871645,0.01644500525175577,0.00021106282656546682,17.226190476190474,13.0,0.01887550200803213,0.6428571428571429,0.75,0.28112449799196787,0.330241435945034,0.3703667223453522,0.663364026427269,0.6063016653060913
149,5,random,reference,59392,main,data/simulation_output/thesis_final_runs_v1/design_0149/rule_random/seed_59392/run_0,puzzle,55.644,20.336,20.652,0.634,48.214285714285715,37.0,0.06140562248995984,27.11904761904762,22.0,0.013333333333333332,781.9400238974529,0.007718531145049686,6.344931171042845e-05,20.273809523809526,21.0,0.0163855421686747,0.6517857142857143,1.0,0.29819277108433734,0.3129202753305435,0.27545109391212463,0.7033807072639465,0.7616019248962402
149,5,random,reference,59830,main,data/simulation_output/thesis_final_runs_v1/design_0149/rule_random/seed_59830/run_0,puzzle,57.312,29.908,20.272,0.608,49.642857142857146,51.0,0.05289156626506024,39.82142857142857,48.0,0.0142570281124498,1243.3211775447437,0.05479984721889542,0.002789170714095235,20.083333333333332,19.0,0.01108433734939759,0.6071428571428571,0.25,0.29116465863453816,0.32140599536895753,0.3619700074195862,0.7123886215686798,0.655252993106842
149,5,random,reference,59902,main,data/simulation_output/thesis_final_runs_v1/design_0149/rule_random/seed_59902/run_0,puzzle,54.164,35.448,20.22,0.638,46.26190476190476,43.0,0.05192771084337349,30.904761904761905,20.0,0.017228915662650602,563.0907352357525,0.06793856035940171,0.0015529635129496455,20.107142857142858,20.0,0.01570281124497992,0.6547619047619048,0.75,0.28313253012048195,0.33156459736824034,0.3462758958339691,0.6912895159721375,0.6723018288612366
149,5,random,reference,60225,main,data/simulation_output/thesis_final_runs_v1/design_0149/rule_random/seed_60225/run_0,puzzle,54.804,25.8,19.088,0.596,44.82142857142857,38.0,0.056184738955823293,39.11904761904762,24.0,0.016867469879518072,525.7669644711874,0.1162397186382718,0.010329842567443848,18.702380952380953,18.0,0.01895582329317269,0.5922619047619048,0.75,0.27309236947791166,0.32469763481616976,0.3062591850757599,0.6852578723430633,0.5629339218139648
149,5,random,reference,60506,main,data/simulation_output/thesis_final_runs_v1/design_0149/rule_random/seed_60506/run_0,puzzle,54.86,16.432,20.216,0.642,47.70238095238095,37.0,0.05738955823293173,23.523809523809526,25.0,0.015983935742971887,406.8943607481848,0.014932011957994075,0.00020132841018494219,20.083333333333332,19.0,0.0157429718875502,0.6726190476190477,0.75,0.27710843373493976,0.3230638551712036,0.35351958870887756,0.6817824811935425,0.623989999294281
149,5,random,reference,61704,main,data/simulation_output/thesis_final_runs_v1/design_0149/rule_random/seed_61704/run_0,puzzle,55.424,15.48,21.228,0.626,46.07142857142857,40.0,0.05927710843373494,20.202380952380953,17.0,0.012329317269076306,635.1592418016908,0.05912743742893716,0.0015649262350052595,20.392857142857142,20.0,0.0157429718875502,0.6160714285714286,0.75,0.2751004016064257,0.3342799695730209,0.34921619296073914,0.6959913442134857,0.6066659688949585
149,5,random,reference,62237,main,data/simulation_output/thesis_final_runs_v1/design_0149/rule_random/seed_62237/run_0,puzzle,52.92,24.636,20.472,0.619,44.01190476190476,44.0,0.05329317269076305,28.821428571428573,30.0,0.0178714859437751,468.2798187169947,0.02210149290719225,0.0007058253977447748,20.952380952380953,22.0,0.021526104417670684,0.6041666666666666,0.75,0.26104417670682734,0.34375405967235567,0.31549760699272156,0.6910324566364289,0.6782302856445312
149,5,random,reference,62282,main,data/simulation_output/thesis_final_runs_v1/design_0149/rule_random/seed_62282/run_0,puzzle,51.42,37.096,20.684,0.636,42.642857142857146,34.0,0.057068273092369476,52.30952380952381,50.0,0.01819277108433735,642.8681833200991,0.0008042723352012953,2.0154051526333205e-05,21.154761904761905,18.0,0.01678714859437751,0.625,1.0,0.2781124497991968,0.3439846065044403,0.37041160464286804,0.6587110563516617,0.695012092590332
149,5,random,reference,62468,main,data/simulation_output/thesis_final_runs_v1/design_0149/rule_random/seed_62468/run_0,puzzle,49.892,44.764,19.008,0.618,41.57142857142857,37.0,0.057269076305220885,58.07142857142857,60.0,0.013132530120481926,358.62276456945597,0.009783267781520928,0.000780693138949573,19.833333333333332,18.0,0.018072289156626505,0.625,1.0,0.28413654618473894,0.34807126367092134,0.3415025472640991,0.6705754046440124,0.7080760598182678
149,5,random,reference,62546,main,data/simulation_output/thesis_final_runs_v1/design_0149/rule_random/seed_62546/run_0,puzzle,52.344,32.14,19.436,0.639,45.142857142857146,45.0,0.05485943775100401,58.98809523809524,59.0,0.015502008032128513,459.72333883936096,0.007314989369704216,0.00011221129534533247,21.154761904761905,18.0,0.014377510040160642,0.6815476190476191,0.75,0.2821285140562249,0.33094639813899995,0.326262891292572,0.6715001631975174,0.6689208745956421
149,5,random,reference,63093,main,data/simulation_output/thesis_final_runs_v1/design_0149/rule_random/seed_63093/run_0,puzzle,57.688,12.076,20.072,0.617,52.714285714285715,42.0,0.05602409638554217,14.916666666666666,7.0,0.017911646586345382,632.5064085972216,0.0744641174595537,0.0024244042579084635,19.154761904761905,15.0,0.021566265060240966,0.6071428571428571,0.5,0.24799196787148595,0.3154836584329605,0.3936333656311035,0.6657861847877502,0.5548754930496216
149,5,random,reference,63196,main,data/simulation_output/thesis_final_runs_v1/design_0149/rule_random/seed_63196/run_0,puzzle,54.676,19.82,21.728,0.613,45.904761904761905,35.0,0.05072289156626506,29.321428571428573,13.0,0.017309236947791164,1346.497323512233,0.2480196929065555,0.0019046681700274348,21.75,17.0,0.018995983935742974,0.6607142857142857,0.25,0.30522088353413657,0.3140883295536041,0.39157047867774963,0.7262246165275573,0.6621881723403931
149,5,random,reference,63551,main,data/simulation_output/thesis_final_runs_v1/design_0149/rule_random/seed_63551/run_0,puzzle,54.3,25.936,19.74,0.62,46.333333333333336,39.0,0.057469879518072295,24.857142857142858,22.0,0.021244979919678716,685.4358567831591,0.1404455233409646,0.02352111227810383,20.166666666666668,20.0,0.016506024096385543,0.5625,0.75,0.2891566265060241,0.3449590508937836,0.34315380454063416,0.6871206030845642,0.6909068822860718
149,5,random,reference,63676,main,data/simulation_output/thesis_final_runs_v1/design_0149/rule_random/seed_63676/run_0,puzzle,53.896,18.904,18.844,0.621,43.98809523809524,60.0,0.05562248995983936,28.797619047619047,17.0,0.014176706827309237,515.6663712542793,0.18907312786905095,0.0047220997512340546,18.785714285714285,18.0,0.01783132530120482,0.6428571428571429,0.25,0.3102409638554217,0.31704662799835204,0.33867812156677246,0.6419832156896591,0.6324799060821533
149,5,random,reference,63848,main,data/simulation_output/thesis_final_runs_v1/design_0149/rule_random/seed_63848/run_0,puzzle,59.752,18.504,19.644,0.627,53.36904761904762,46.0,0.052088353413654614,19.964285714285715,28.0,0.009839357429718875,1602.0666206357275,0.10868675716864389,0.0011565780732780695,19.63095238095238,19.0,0.021204819277108437,0.6696428571428571,0.5,0.2720883534136546,0.32359301567077636,0.3155543804168701,0.6721903678178788,0.5684427618980408
149,5,random,reference,64405,main,data/simulation_output/thesis_final_runs_v1/design_0149/rule_random/seed_64405/run_0,puzzle,54.952,37.868,20.652,0.634,47.19047619047619,48.0,0.04903614457831325,42.892857142857146,36.0,0.01759036144578313,530.1085977047081,0.1395685085569442,0.0012005704920738935,21.11904761904762,20.0,0.017228915662650602,0.6577380952380952,1.0,0.2921686746987952,0.3168210326433182,0.3456302583217621,0.7236575137376785,0.7140427827835083
149,5,random,reference,64944,main,data/simulation_output/thesis_final_runs_v1/design_0149/rule_random/seed_64944/run_0,puzzle,55.656,15.668,20.876,0.628,47.964285714285715,40.0,0.05188755020080321,21.952380952380953,23.0,0.018674698795180723,593.9905006515717,0.015718542848238332,0.0001281985896639526,20.88095238095238,27.0,0.01610441767068273,0.6488095238095238,1.0,0.27710843373493976,0.31983212995529176,0.28720614314079285,0.6713504002094269,0.7185639142990112
149,5,random,reference,65039,main,data/simulation_output/thesis_final_runs_v1/design_0149/rule_random/seed_65039/run_0,puzzle,57.492,23.9,19.388,0.623,50.17857142857143,55.0,0.05401606425702811,27.38095238095238,17.0,0.009799196787148594,514.9562710113377,0.08343992945516393,0.0073488736525177956,18.583333333333332,14.0,0.019397590361445782,0.6011904761904762,0.75,0.2791164658634538,0.32907786387205124,0.45952922105789185,0.6867266923189164,0.5369583368301392
149,5,random,reference,65494,main,data/simulation_output/thesis_final_runs_v1/design_0149/rule_random/seed_65494/run_0,puzzle,59.424,17.332,20.064,0.603,56.63095238095238,58.0,0.060040160642570284,23.821428571428573,24.0,0.008393574297188755,1307.0708959868402,2.0761332577094436,0.08024625480175018,20.0,25.0,0.01738955823293173,0.6190476190476191,0.5,0.3072289156626506,0.31636176562309265,0.25239789485931396,0.6951645964384079,0.6947653293609619
149,5,random,reference,66476,main,data/simulation_output/thesis_final_runs_v1/design_0149/rule_random/seed_66476/run_0,puzzle,54.428,14.616,18.352,0.631,46.964285714285715,49.0,0.057309236947791165,19.226190476190474,19.0,0.010522088353413655,678.8660044593989,0.006013292073908988,8.72605451149866e-05,18.678571428571427,17.0,0.016746987951807228,0.6279761904761905,0.75,0.26506024096385544,0.33760733717679975,0.35328248143196106,0.6834200192689895,0.7675212025642395
149,5,random,reference,66652,main,data/simulation_output/thesis_final_runs_v1/design_0149/rule_random/seed_66652/run_0,puzzle,56.188,10.084,21.152,0.616,49.464285714285715,42.0,0.05329317269076305,15.095238095238095,10.0,0.011686746987951808,702.9051087076917,0.03033330494197019,0.0006556485313922167,20.571428571428573,22.0,0.021204819277108437,0.5952380952380952,0.75,0.2660642570281124,0.3235950533747673,0.3030296266078949,0.6950777025222779,0.600655734539032
149,5,random,reference,66660,main,data/simulation_output/thesis_final_runs_v1/design_0149/rule_random/seed_66660/run_0,puzzle,56.316,28.236,22.464,0.61,48.44047619047619,41.0,0.052690763052208836,34.86904761904762,29.0,0.015542168674698795,469.9096316750646,0.010654631647325698,0.0010548813734203577,22.523809523809526,17.0,0.01606425702811245,0.5863095238095238,0.75,0.3142570281124498,0.3357495092153549,0.4078191816806793,0.7156296907663345,0.7388348579406738
149,5,random,reference,67034,main,data/simulation_output/thesis_final_runs_v1/design_0149/rule_random/seed_67034/run_0,puzzle,55.132,21.512,19.916,0.647,47.57142857142857,44.0,0.05305220883534137,26.69047619047619,15.0,0.013855421686746987,480.83386982047335,0.01129372018138903,3.8563317502848804e-05,19.25,22.0,0.015863453815261042,0.6607142857142857,0.25,0.2520080321285141,0.32442207288742064,0.3140478730201721,0.7022602784633637,0.6787543296813965
149,5,random,reference,67228,main,data/simulation_output/thesis_final_runs_v1/design_0149/rule_random/seed_67228/run_0,puzzle,56.992,33.152,22.256,0.624,50.154761904761905,47.0,0.057469879518072295,37.23809523809524,40.0,0.01642570281124498,1164.0923348935326,0.15834263625826375,0.0009912846144288778,22.13095238095238,23.0,0.01859437751004016,0.6636904761904762,0.5,0.29518072289156627,0.3032636407613754,0.2716936469078064,0.6925532393455506,0.5793538093566895
149,5,random,reference,68518,main,data/simulation_output/thesis_final_runs_v1/design_0149/rule_random/seed_68518/run_0,puzzle,55.028,16.648,20.456,0.606,50.976190476190474,48.0,0.05598393574297189,23.535714285714285,20.0,0.011686746987951808,550.221539950503,0.044312503937232704,0.0024612683337181807,21.904761904761905,21.0,0.014779116465863454,0.5922619047619048,0.75,0.2901606425702811,0.33738435608148576,0.3297997713088989,0.6839739855527878,0.6578212976455688
149,5,random,reference,68743,main,data/simulation_output/thesis_final_runs_v1/design_0149/rule_random/seed_68743/run_0,puzzle,55.64,16.492,19.948,0.601,48.595238095238095,43.0,0.05610441767068273,26.214285714285715,30.0,0.010481927710843372,547.0203791409228,0.25466984672848847,0.004748635925352573,19.761904761904763,20.0,0.015903614457831325,0.6309523809523809,0.0,0.2680722891566265,0.3173410561680794,0.32409095764160156,0.6697371479272842,0.7390373945236206
149,5,random,reference,69003,main,data/simulation_output/thesis_final_runs_v1/design_0149/rule_random/seed_69003/run_0,puzzle,55.796,31.928,19.2,0.622,48.392857142857146,39.0,0.05582329317269077,37.61904761904762,42.0,0.009638554216867469,507.9525490835032,0.059703253304524834,0.0007792984251864254,18.726190476190474,20.0,0.013092369477911647,0.6339285714285714,0.5,0.2791164658634538,0.3398965768814087,0.31286177039146423,0.7125387412309646,0.6449601054191589
149,5,random,reference,70197,main,data/simulation_output/thesis_final_runs_v1/design_0149/rule_random/seed_70197/run_0,puzzle,58.064,19.424,19.136,0.599,50.892857142857146,45.0,0.0521285140562249,16.095238095238095,21.0,0.014698795180722892,1930.1710810085983,0.37547350404340596,0.02123040333390236,19.261904761904763,21.0,0.016746987951807228,0.6160714285714286,1.0,0.3032128514056225,0.3219415920972824,0.2948181927204132,0.680358515739441,0.6424398422241211
149,5,random,reference,71382,main,data/simulation_output/thesis_final_runs_v1/design_0149/rule_random/seed_71382/run_0,puzzle,54.684,14.66,19.004,0.626,46.55952380952381,35.0,0.06044176706827309,15.845238095238095,16.0,0.016184738955823293,458.7967178437643,0.008519510452710424,0.0003700634988490492,19.55952380952381,16.0,0.015180722891566266,0.6190476190476191,0.75,0.286144578313253,0.3328923720121384,0.39442574977874756,0.7029660131931305,0.6228888630867004
149,5,random,reference,72328,main,data/simulation_output/thesis_final_runs_v1/design_0149/rule_random/seed_72328/run_0,puzzle,55.9,23.732,22.196,0.628,48.38095238095238,49.0,0.05281124497991968,31.345238095238095,27.0,0.008514056224899598,368.4913408333815,0.012400244542125924,0.00016704986046534032,21.833333333333332,23.0,0.01819277108433735,0.6011904761904762,0.75,0.3102409638554217,0.31426549154520034,0.315362811088562,0.7562161910533906,0.688591480255127
149,5,random,reference,72460,main,data/simulation_output/thesis_final_runs_v1/design_0149/rule_random/seed_72460/run_0,puzzle,53.968,27.248,19.476,0.632,45.857142857142854,35.0,0.05614457831325301,31.833333333333332,37.0,0.01606425702811245,783.0114568711615,0.016311739422581878,0.00020310116815380752,19.702380952380953,20.0,0.019879518072289156,0.6160714285714286,0.75,0.28112449799196787,0.3142294065952301,0.28453657031059265,0.6990777699947357,0.7433372735977173
149,5,random,reference,72967,main,data/simulation_output/thesis_final_runs_v1/design_0149/rule_random/seed_72967/run_0,puzzle,55.4,17.704,20.564,0.602,47.464285714285715,48.0,0.05373493975903615,26.642857142857142,17.0,0.015502008032128513,577.4095068762635,0.005368526880331393,0.0002951428759843111,20.202380952380953,21.0,0.015140562248995983,0.5803571428571429,1.0,0.2921686746987952,0.34379573142528536,0.3510696291923523,0.6920528811216354,0.7733064293861389
149,5,random,reference,72968,main,data/simulation_output/thesis_final_runs_v1/design_0149/rule_random/seed_72968/run_0,puzzle,54.512,36.552,21.584,0.64,45.92857142857143,49.0,0.052971887550200804,48.023809523809526,42.0,0.016506024096385543,326.9622533978384,0.0011090614445406356,9.580450569046661e-05,21.416666666666668,23.0,0.011646586345381526,0.5833333333333334,0.75,0.28112449799196787,0.3221977697610855,0.30895909667015076,0.7353997039794922,0.6652066707611084
149,5,random,reference,73225,main,data/simulation_output/thesis_final_runs_v1/design_0149/rule_random/seed_73225/run_0,puzzle,56.004,16.008,20.968,0.622,47.5,42.0,0.04931726907630522,24.607142857142858,40.0,0.010200803212851406,565.0117670355439,0.11024427147848266,0.004637410398572683,20.55952380952381,17.0,0.017269076305220885,0.6160714285714286,0.75,0.286144578313253,0.3261846985816956,0.4170477092266083,0.720992167711258,0.6590511798858643
149,5,random,reference,73651,main,data/simulation_output/thesis_final_runs_v1/design_0149/rule_random/seed_73651/run_0,puzzle,53.836,32.58,19.604,0.665,42.55952380952381,37.0,0.05389558232931727,47.92857142857143,51.0,0.010160642570281124,593.7367286459506,0.002050299319784071,4.116394120501354e-05,19.428571428571427,20.0,0.016506024096385543,0.6398809523809523,0.75,0.2961847389558233,0.3454351804256439,0.33655253052711487,0.6798787391185761,0.7890419363975525
149,5,random,reference,73728,main,data/simulation_output/thesis_final_runs_v1/design_0149/rule_random/seed_73728/run_0,puzzle,53.828,40.876,18.296,0.638,46.357142857142854,42.0,0.05301204819277108,46.38095238095238,38.0,0.014658634538152611,332.7838424883055,0.0017600525109823398,1.2173745744803455e-05,19.11904761904762,18.0,0.01795180722891566,0.6279761904761905,0.5,0.2720883534136546,0.32723609364032746,0.31864219903945923,0.6875735174417495,0.638150691986084
149,5,random,reference,74144,main,data/simulation_output/thesis_final_runs_v1/design_0149/rule_random/seed_74144/run_0,puzzle,53.964,19.056,19.36,0.622,44.80952380952381,39.0,0.05582329317269077,31.297619047619047,53.0,0.020963855421686745,1243.9029134042655,0.03507513546806183,0.004526832606643438,19.047619047619047,22.0,0.01534136546184739,0.6190476190476191,0.75,0.285140562248996,0.34979519283771515,0.3544173240661621,0.6800057879686355,0.6950380802154541
149,5,random,reference,74671,main,data/simulation_output/thesis_final_runs_v1/design_0149/rule_random/seed_74671/run_0,puzzle,52.06,16.88,19.832,0.634,43.523809523809526,36.0,0.05875502008032129,16.857142857142858,17.0,0.015220883534136547,268.3323429237373,0.007172753211697065,0.0002184677287004888,19.607142857142858,19.0,0.017791164658634537,0.6279761904761905,0.25,0.2429718875502008,0.34820681214332583,0.30273234844207764,0.6922258634567261,0.7373799085617065
149,5,random,reference,75796,main,data/simulation_output/thesis_final_runs_v1/design_0149/rule_random/seed_75796/run_0,puzzle,53.144,37.932,19.756,0.604,45.32142857142857,40.0,0.04863453815261044,52.714285714285715,55.0,0.014698795180722892,686.2047872241568,0.13103333358941155,0.009816975332796574,19.404761904761905,20.0,0.015542168674698795,0.5952380952380952,0.25,0.26104417670682734,0.32205091285705567,0.33238711953163147,0.721670547246933,0.7019585967063904
149,5,random,reference,76462,main,data/simulation_output/thesis_final_runs_v1/design_0149/rule_random/seed_76462/run_0,puzzle,54.156,30.092,19.74,0.633,47.226190476190474,49.0,0.0551004016064257,34.464285714285715,33.0,0.016626506024096387,535.4182501972703,0.07293323137335912,0.00028236652724444866,19.821428571428573,18.0,0.01321285140562249,0.6696428571428571,0.75,0.28012048192771083,0.34521020209789277,0.35335126519203186,0.7094730041027069,0.7181109189987183
149,5,random,reference,76631,main,data/simulation_output/thesis_final_runs_v1/design_0149/rule_random/seed_76631/run_0,puzzle,55.58,17.136,21.708,0.616,48.595238095238095,37.0,0.05188755020080321,19.761904761904763,13.0,0.014016064257028114,822.5319792827045,0.01311236051523814,0.0006906068883836269,21.071428571428573,22.0,0.013132530120481926,0.5982142857142857,0.5,0.2580321285140562,0.3267199641466141,0.3266553580760956,0.6898962600231171,0.6037790179252625
149,5,random,reference,76636,main,data/simulation_output/thesis_final_runs_v1/design_0149/rule_random/seed_76636/run_0,puzzle,54.424,14.728,20.696,0.66,48.80952380952381,50.0,0.058152610441767075,20.357142857142858,28.0,0.014698795180722892,569.0196533105316,0.002879550241860194,7.552788702014368e-06,21.678571428571427,19.0,0.018674698795180723,0.6845238095238095,0.75,0.2931726907630522,0.3261072540283203,0.36133328080177307,0.6990180139541626,0.441019743680954
149,5,random,reference,76875,main,data/simulation_output/thesis_final_runs_v1/design_0149/rule_random/seed_76875/run_0,puzzle,54.208,30.908,20.18,0.644,47.404761904761905,42.0,0.05546184738955823,34.0,36.0,0.013614457831325302,575.48903103006,0.01654961137908339,0.00015274566248990595,19.904761904761905,17.0,0.016265060240963854,0.6607142857142857,0.75,0.28112449799196787,0.34584105694293976,0.37617483735084534,0.70059565615654,0.6224175095558167
149,5,random,reference,77410,main,data/simulation_output/thesis_final_runs_v1/design_0149/rule_random/seed_77410/run_0,puzzle,56.444,18.228,18.936,0.608,50.76190476190476,37.0,0.05839357429718875,22.202380952380953,15.0,0.014136546184738957,556.7854089109809,0.15175387544496471,0.0018298294162377715,18.86904761904762,16.0,0.01855421686746988,0.6130952380952381,0.5,0.2580321285140562,0.34149726998806,0.36666372418403625,0.7063281708955764,0.7174700498580933
149,5,random,reference,77667,main,data/simulation_output/thesis_final_runs_v1/design_0149/rule_random/seed_77667/run_0,puzzle,53.288,25.296,19.72,0.615,46.285714285714285,43.0,0.0542570281124498,24.80952380952381,20.0,0.019477911646586344,552.1676564201662,0.012885571442200757,0.0005874204216524959,19.80952380952381,21.0,0.013092369477911647,0.6041666666666666,0.75,0.2791164658634538,0.337990159869194,0.307778924703598,0.711533861875534,0.8326923847198486
149,5,random,reference,79086,main,data/simulation_output/thesis_final_runs_v1/design_0149/rule_random/seed_79086/run_0,puzzle,55.792,18.032,20.62,0.591,49.61904761904762,49.0,0.057228915662650606,17.297619047619047,16.0,0.012690763052208835,387.03844777521493,0.32466855281520457,0.09631028026342392,21.821428571428573,23.0,0.01775100401606426,0.5625,0.75,0.27710843373493976,0.31994506913423537,0.2638227343559265,0.6984357303380966,0.7732495665550232
149,5,random,reference,79234,main,data/simulation_output/thesis_final_runs_v1/design_0149/rule_random/seed_79234/run_0,puzzle,54.724,20.944,18.168,0.598,47.107142857142854,37.0,0.05951807228915663,27.761904761904763,19.0,0.015983935742971887,673.3170734358365,0.040329665635778965,0.002148989588022232,18.714285714285715,15.0,0.019959839357429718,0.6011904761904762,0.75,0.2961847389558233,0.3354622950553894,0.3615453243255615,0.7125615828037262,0.7122792601585388
149,5,random,reference,79264,main,data/simulation_output/thesis_final_runs_v1/design_0149/rule_random/seed_79264/run_0,puzzle,58.728,29.924,19.952,0.62,50.88095238095238,48.0,0.057309236947791165,31.488095238095237,25.0,0.011204819277108433,586.5045942605997,0.15713365206431176,0.0006853797240182757,18.88095238095238,17.0,0.02068273092369478,0.6190476190476191,0.5,0.285140562248996,0.3095689284205437,0.33150866627693176,0.7056268837451934,0.7682794332504272
149,5,random,reference,79516,main,data/simulation_output/thesis_final_runs_v1/design_0149/rule_random/seed_79516/run_0,puzzle,55.484,10.868,18.34,0.623,47.07142857142857,52.0,0.051767068273092375,15.30952380952381,14.0,0.007991967871485943,736.9981278609746,0.04188049321895787,0.0005384350661188364,17.821428571428573,20.0,0.015261044176706828,0.6488095238095238,0.75,0.30823293172690763,0.30069963830709456,0.29835402965545654,0.6510343357324601,0.6555874347686768
149,5,random,reference,79715,main,data/simulation_output/thesis_final_runs_v1/design_0149/rule_random/seed_79715/run_0,puzzle,53.312,27.992,22.052,0.608,43.976190476190474,41.0,0.05389558232931727,48.642857142857146,64.0,0.015903614457831325,489.76008803597466,0.02524855711852156,0.005541832651942968,22.107142857142858,23.0,0.010080321285140564,0.5476190476190477,0.75,0.2720883534136546,0.3517051666975021,0.3414094150066376,0.6788873009681702,0.7429879903793335
149,5,random,reference,79802,main,data/simulation_output/thesis_final_runs_v1/design_0149/rule_random/seed_79802/run_0,puzzle,54.844,10.444,20.064,0.636,46.892857142857146,51.0,0.05594377510040161,12.547619047619047,21.0,0.014738955823293171,490.75341039714056,0.0076860927351628475,0.00027887249598279595,20.13095238095238,17.0,0.016305220883534137,0.6339285714285714,0.75,0.28714859437751006,0.343052229642868,0.3564654290676117,0.6804898793697357,0.610617458820343
149,5,random,reference,80130,main,data/simulation_output/thesis_final_runs_v1/design_0149/rule_random/seed_80130/run_0,puzzle,57.792,25.648,21.596,0.578,50.63095238095238,41.0,0.05461847389558233,28.023809523809526,42.0,0.017911646586345382,1081.6927532670795,0.16190917940721625,0.016561107710003853,23.107142857142858,22.0,0.020281124497991968,0.5505952380952381,0.75,0.28012048192771083,0.3318327981233597,0.3432210683822632,0.7084367594718933,0.6597280502319336
149,5,random,reference,80295,main,data/simulation_output/thesis_final_runs_v1/design_0149/rule_random/seed_80295/run_0,puzzle,55.228,22.08,20.312,0.615,47.54761904761905,47.0,0.05216867469879518,31.476190476190474,16.0,0.015301204819277109,430.80039759323745,0.07045217135566331,0.0008504466386511922,20.226190476190474,19.0,0.014377510040160642,0.625,0.75,0.285140562248996,0.3249771205186844,0.3242073655128479,0.7287781064510346,0.6596764326095581
149,5,random,reference,80424,main,data/simulation_output/thesis_final_runs_v1/design_0149/rule_random/seed_80424/run_0,puzzle,53.668,35.58,20.708,0.639,46.404761904761905,46.0,0.054136546184738954,47.92857142857143,56.0,0.0142570281124498,818.7434585828875,0.005877300681147192,0.00011193120008101687,19.892857142857142,19.0,0.021325301204819277,0.625,0.5,0.26907630522088355,0.3242094048261642,0.34397345781326294,0.715479197025299,0.6235312223434448
149,5,random,reference,81123,main,data/simulation_output/thesis_final_runs_v1/design_0149/rule_random/seed_81123/run_0,puzzle,55.428,24.684,19.496,0.613,47.607142857142854,32.0,0.05473895582329317,28.916666666666668,14.0,0.018232931726907632,473.0356658731773,0.08295642657737647,0.0012160076294094324,19.904761904761905,20.0,0.015301204819277109,0.6517857142857143,0.75,0.2791164658634538,0.3259683345556259,0.3181679844856262,0.730789057970047,0.7165355682373047
149,5,random,reference,81190,main,data/simulation_output/thesis_final_runs_v1/design_0149/rule_random/seed_81190/run_0,puzzle,55.28,19.424,18.88,0.646,50.13095238095238,50.0,0.05811244979919679,32.95238095238095,27.0,0.014658634538152611,435.6236170780192,0.052455427074857564,0.00034638470970094204,18.761904761904763,20.0,0.015461847389558232,0.6547619047619048,0.5,0.28413654618473894,0.3250375053882599,0.3881322741508484,0.6977722887992859,0.6579540371894836
149,5,random,reference,81312,main,data/simulation_output/thesis_final_runs_v1/design_0149/rule_random/seed_81312/run_0,puzzle,57.184,28.336,21.696,0.644,50.98809523809524,52.0,0.05076305220883534,37.70238095238095,33.0,0.012891566265060241,830.1882708053987,0.01515105006027235,0.00042504683369770646,21.226190476190474,24.0,0.014698795180722892,0.6547619047619048,0.5,0.2570281124497992,0.3376313797235489,0.2806861102581024,0.7122722370624542,0.6733649969100952
149,5,random,reference,82070,main,data/simulation_output/thesis_final_runs_v1/design_0149/rule_random/seed_82070/run_0,puzzle,58.148,9.816,20.42,0.633,47.76190476190476,45.0,0.05100401606425703,10.130952380952381,12.0,0.0055020080321285135,473.0431393017492,0.003570798435941383,7.668189937248826e-05,20.464285714285715,17.0,0.023293172690763052,0.6279761904761905,0.5,0.2710843373493976,0.2956803420782089,0.33604130148887634,0.6285751211643219,0.6691354513168335
149,5,random,reference,82168,main,data/simulation_output/thesis_final_runs_v1/design_0149/rule_random/seed_82168/run_0,puzzle,54.432,13.644,19.588,0.613,46.44047619047619,42.0,0.052530120481927706,15.523809523809524,13.0,0.018795180722891568,861.5617818561121,1.7470115467329466,0.017673594877123833,19.738095238095237,17.0,0.022610441767068275,0.6339285714285714,0.5,0.2931726907630522,0.308946141064167,0.35019591450691223,0.6589140219688415,0.6667242050170898
149,5,random,reference,82292,main,data/simulation_output/thesis_final_runs_v1/design_0149/rule_random/seed_82292/run_0,puzzle,55.224,19.888,19.6,0.643,46.333333333333336,39.0,0.05385542168674699,31.392857142857142,45.0,0.014377510040160642,699.3437332403963,0.004382110025170775,1.0255404959025327e-05,19.154761904761905,21.0,0.016224899598393575,0.6666666666666666,0.75,0.2921686746987952,0.33085956078767775,0.32283979654312134,0.6800900692939759,0.6144167184829712
149,5,random,reference,82404,main,data/simulation_output/thesis_final_runs_v1/design_0149/rule_random/seed_82404/run_0,puzzle,54.812,9.704,17.908,0.619,45.857142857142854,43.0,0.058955823293172685,11.607142857142858,10.0,0.011726907630522088,695.5864098578263,0.05508708657275531,0.001082896371372044,17.166666666666668,12.0,0.019759036144578312,0.5892857142857143,0.0,0.2600401606425703,0.32345951306819914,0.37998971343040466,0.70480173432827,0.5950499773025513
149,5,random,reference,82986,main,data/simulation_output/thesis_final_runs_v1/design_0149/rule_random/seed_82986/run_0,puzzle,57.708,20.188,19.372,0.605,52.48809523809524,48.0,0.051365461847389556,14.642857142857142,9.0,0.01497991967871486,965.7363284050244,0.26435646308874267,0.0011184149188920856,19.214285714285715,20.0,0.018835341365461847,0.6547619047619048,0.75,0.2740963855421687,0.3420361404418945,0.3360941410064697,0.672742406129837,0.5677660703659058
149,5,random,reference,83099,main,data/simulation_output/thesis_final_runs_v1/design_0149/rule_random/seed_83099/run_0,puzzle,56.332,15.46,19.712,0.628,48.36904761904762,42.0,0.056385542168674696,15.880952380952381,14.0,0.011124497991967873,1002.712305978761,0.2978111859882206,0.0016268673352897167,19.321428571428573,20.0,0.014417670682730923,0.6279761904761905,0.0,0.29116465863453816,0.3283594698905945,0.30509719252586365,0.7003789415359497,0.7300626635551453
149,5,random,reference,85860,main,data/simulation_output/thesis_final_runs_v1/design_0149/rule_random/seed_85860/run_0,puzzle,58.688,21.32,20.588,0.599,53.333333333333336,51.0,0.05144578313253012,29.107142857142858,31.0,0.012570281124497993,525.2173818908334,2.689794408600955,0.21441034972667694,20.726190476190474,21.0,0.017911646586345382,0.6190476190476191,0.75,0.28112449799196787,0.32244576489925386,0.3028637170791626,0.7185409774780274,0.7212345004081726
149,5,random,reference,86194,main,data/simulation_output/thesis_final_runs_v1/design_0149/rule_random/seed_86194/run_0,puzzle,47.472,36.448,20.088,0.645,38.73809523809524,39.0,0.05694779116465863,47.976190476190474,45.0,0.022048192771084336,564.0767186372739,0.0016769410944583623,2.1575784558081068e-05,20.333333333333332,23.0,0.0142570281124498,0.6547619047619048,0.75,0.2640562248995984,0.31663606172800063,0.2640955448150635,0.6717424790859222,0.7535593509674072
149,5,random,reference,86474,main,data/simulation_output/thesis_final_runs_v1/design_0149/rule_random/seed_86474/run_0,puzzle,53.056,28.436,22.656,0.647,45.654761904761905,43.0,0.0542570281124498,31.952380952380953,19.0,0.017991967871485944,407.24343329741936,0.0005704554173949614,2.3318355033552507e-06,22.702380952380953,24.0,0.014497991967871486,0.6458333333333334,0.5,0.2761044176706827,0.332274862408638,0.32192179560661316,0.7026171324253082,0.6477518677711487
149,5,random,reference,87521,main,data/simulation_output/thesis_final_runs_v1/design_0149/rule_random/seed_87521/run_0,puzzle,59.8,32.104,19.952,0.651,54.416666666666664,45.0,0.05100401606425703,45.142857142857146,38.0,0.011164658634538152,757.012822137403,0.02288137212945869,9.233343735104427e-05,19.571428571428573,16.0,0.01738955823293173,0.6547619047619048,0.5,0.26506024096385544,0.320416318655014,0.3755437135696411,0.6974058665037155,0.5967339277267456
149,5,random,reference,88242,main,data/simulation_output/thesis_final_runs_v1/design_0149/rule_random/seed_88242/run_0,puzzle,53.564,26.448,22.992,0.599,48.142857142857146,56.0,0.05835341365461847,33.95238095238095,30.0,0.01502008032128514,546.8532302219868,2.0759950131177902,0.15779168903827667,23.821428571428573,22.0,0.019277108433734938,0.5803571428571429,1.0,0.2971887550200803,0.3197868527173996,0.310975044965744,0.7063750371932983,0.7097892165184021
149,5,random,reference,88324,main,data/simulation_output/thesis_final_runs_v1/design_0149/rule_random/seed_88324/run_0,puzzle,54.124,20.148,19.692,0.646,48.61904761904762,38.0,0.05622489959839357,24.428571428571427,26.0,0.015823293172690763,621.3031171205479,0.045288321647344025,0.0006052224198356271,19.69047619047619,19.0,0.011606425702811245,0.6636904761904762,0.25,0.2520080321285141,0.34226918840408327,0.3580356538295746,0.6838727636337281,0.6060369610786438
149,5,random,reference,88856,main,data/simulation_output/thesis_final_runs_v1/design_0149/rule_random/seed_88856/run_0,puzzle,54.944,20.108,18.688,0.643,49.857142857142854,51.0,0.05530120481927711,22.035714285714285,30.0,0.015622489959839359,292.44922756058213,0.0014103522836800646,3.212146839359775e-05,19.214285714285715,17.0,0.01963855421686747,0.6190476190476191,0.5,0.2891566265060241,0.34446194279193876,0.3322010636329651,0.6703633304834365,0.6957548260688782
149,5,random,reference,89337,main,data/simulation_output/thesis_final_runs_v1/design_0149/rule_random/seed_89337/run_0,puzzle,53.7,15.62,20.348,0.605,46.01190476190476,42.0,0.05453815261044177,20.952380952380953,11.0,0.018393574297188756,899.6347494788915,0.2113505050628668,0.022727584466338158,19.904761904761905,19.0,0.021847389558232934,0.5892857142857143,0.5,0.2781124497991968,0.3318180160522461,0.33177754282951355,0.6807445772886276,0.7181063890457153
149,5,random,reference,90419,main,data/simulation_output/thesis_final_runs_v1/design_0149/rule_random/seed_90419/run_0,puzzle,56.772,15.376,20.376,0.616,50.07142857142857,44.0,0.05646586345381526,15.94047619047619,23.0,0.01108433734939759,664.722908795298,0.01576325067019622,0.003657406661659479,20.928571428571427,19.0,0.01646586345381526,0.5625,0.5,0.28313253012048195,0.32773251819610594,0.3232010006904602,0.6912425734996795,0.7890390157699585
149,5,random,reference,90948,main,data/simulation_output/thesis_final_runs_v1/design_0149/rule_random/seed_90948/run_0,puzzle,54.616,15.692,19.852,0.614,45.845238095238095,45.0,0.05546184738955823,26.047619047619047,33.0,0.013293172690763053,1427.901038842272,0.31104714834752184,0.015724359080195427,19.61904761904762,19.0,0.018112449799196788,0.6041666666666666,0.5,0.28112449799196787,0.33449713015556337,0.35992762446403503,0.7222185864448547,0.6487351059913635
149,5,random,reference,91449,main,data/simulation_output/thesis_final_runs_v1/design_0149/rule_random/seed_91449/run_0,puzzle,54.536,14.976,20.736,0.659,46.54761904761905,40.0,0.05124497991967871,19.011904761904763,34.0,0.01606425702811245,923.1500098738287,0.01937410632013953,0.0001098716602427885,20.488095238095237,23.0,0.018393574297188756,0.7261904761904762,0.75,0.28112449799196787,0.3105381338596344,0.29808247089385986,0.6760218653678894,0.7401461601257324
149,5,random,reference,91734,main,data/simulation_output/thesis_final_runs_v1/design_0149/rule_random/seed_91734/run_0,puzzle,60.012,21.676,22.14,0.639,56.05952380952381,49.0,0.04991967871485944,28.666666666666668,31.0,0.007469879518072289,557.0441638098973,0.02699926442887989,0.0012705768458545208,23.238095238095237,24.0,0.021927710843373496,0.6339285714285714,0.75,0.2991967871485944,0.3281024057865143,0.33088135719299316,0.6467888789176941,0.6466234922409058
149,5,random,reference,92005,main,data/simulation_output/thesis_final_runs_v1/design_0149/rule_random/seed_92005/run_0,puzzle,54.74,22.184,20.52,0.63,47.666666666666664,43.0,0.05032128514056225,32.11904761904762,33.0,0.011726907630522088,1638.1703210607911,0.0601902785475388,0.002120380289852619,20.13095238095238,17.0,0.01759036144578313,0.6130952380952381,0.5,0.28112449799196787,0.3066233160495758,0.3411142826080322,0.705823911190033,0.6392441987991333
149,5,random,reference,92453,main,data/simulation_output/thesis_final_runs_v1/design_0149/rule_random/seed_92453/run_0,puzzle,54.728,21.624,20.424,0.609,47.20238095238095,42.0,0.05734939759036145,24.273809523809526,33.0,0.013614457831325302,816.352795633718,0.07106518758588382,0.002089268760755658,20.25,20.0,0.013092369477911647,0.6130952380952381,0.5,0.28413654618473894,0.3187162574529648,0.3325950801372528,0.7002513868808746,0.5648633241653442
149,5,random,reference,92463,main,data/simulation_output/thesis_final_runs_v1/design_0149/rule_random/seed_92463/run_0,puzzle,60.288,19.852,19.3,0.607,56.666666666666664,53.0,0.04995983935742972,29.916666666666668,34.0,0.007108433734939758,674.7709103131145,1.2674864146947151,0.024343784898519516,19.5,19.0,0.015060240963855422,0.6309523809523809,1.0,0.2660642570281124,0.32814678239822387,0.3770531415939331,0.691943962931633,0.6702711582183838
149,5,random,reference,92472,main,data/simulation_output/thesis_final_runs_v1/design_0149/rule_random/seed_92472/run_0,puzzle,52.92,26.78,17.568,0.595,46.285714285714285,49.0,0.05670682730923695,26.535714285714285,26.0,0.018393574297188756,846.4180464964137,0.16132993931837736,0.00638964120298624,18.80952380952381,22.0,0.016224899598393575,0.6190476190476191,0.5,0.3273092369477912,0.32736175882816315,0.3015032708644867,0.6690841126441955,0.5965304970741272
149,5,random,reference,93235,main,data/simulation_output/thesis_final_runs_v1/design_0149/rule_random/seed_93235/run_0,puzzle,54.276,21.048,19.84,0.612,46.595238095238095,35.0,0.0542570281124498,21.19047619047619,36.0,0.01759036144578313,705.8261998728523,0.16506241368673122,0.005334874615073204,19.785714285714285,23.0,0.013172690763052209,0.6041666666666666,0.5,0.29116465863453816,0.3388856565952301,0.3425334393978119,0.7012522485256195,0.6675317287445068
149,5,random,reference,94073,main,data/simulation_output/thesis_final_runs_v1/design_0149/rule_random/seed_94073/run_0,puzzle,56.284,22.744,20.244,0.592,48.666666666666664,32.0,0.05401606425702811,36.107142857142854,57.0,0.020763052208835342,1060.6083940380588,0.06240194851887368,0.016342878341674805,20.261904761904763,19.0,0.013775100401606425,0.5565476190476191,0.5,0.2791164658634538,0.36089172029495237,0.3656504154205322,0.6791257543563842,0.5806158185005188
149,5,random,reference,94738,main,data/simulation_output/thesis_final_runs_v1/design_0149/rule_random/seed_94738/run_0,puzzle,52.228,19.888,22.148,0.657,44.98809523809524,47.0,0.06240963855421687,19.05952380952381,22.0,0.020923694779116465,540.2217307811583,0.001304442461928158,1.503121620771708e-05,21.88095238095238,20.0,0.013012048192771084,0.6547619047619048,0.5,0.2660642570281124,0.32255879962444306,0.34804651141166687,0.7102246779203415,0.8175283074378967
149,5,random,reference,95664,main,data/simulation_output/thesis_final_runs_v1/design_0149/rule_random/seed_95664/run_0,puzzle,55.668,27.08,21.468,0.625,48.04761904761905,47.0,0.05457831325301205,33.70238095238095,32.0,0.012208835341365463,907.7407615970345,0.08225651297418933,0.001024206168949604,21.202380952380953,22.0,0.015461847389558232,0.625,0.5,0.27710843373493976,0.3405985403060913,0.329940527677536,0.7061028506755829,0.7029739618301392
149,5,random,reference,96659,main,data/simulation_output/thesis_final_runs_v1/design_0149/rule_random/seed_96659/run_0,puzzle,55.272,32.164,19.304,0.622,47.42857142857143,45.0,0.056586345381526106,38.773809523809526,27.0,0.014417670682730923,1018.4818475880207,0.030138050215360375,0.0002551092184148729,20.023809523809526,25.0,0.017429718875502008,0.6190476190476191,0.5,0.3112449799196787,0.3333632366657257,0.2734438180923462,0.7028938982486724,0.7202961444854736
149,5,random,reference,97030,main,data/simulation_output/thesis_final_runs_v1/design_0149/rule_random/seed_97030/run_0,puzzle,54.604,40.268,22.796,0.626,46.80952380952381,53.0,0.05578313253012048,49.38095238095238,53.0,0.017188755020080323,676.4451175872676,0.01677150917696833,0.0008429576409980655,23.595238095238095,22.0,0.011244979919678716,0.5833333333333334,0.25,0.29518072289156627,0.32711753237247465,0.35881152749061584,0.6973400686979294,0.7412322759628296
149,5,random,reference,98303,main,data/simulation_output/thesis_final_runs_v1/design_0149/rule_random/seed_98303/run_0,puzzle,59.868,15.7,21.816,0.637,53.76190476190476,54.0,0.053253012048192765,16.69047619047619,31.0,0.012369477911646587,500.9685801862283,0.017243945824226274,0.0011635367991402745,22.05952380952381,24.0,0.020441767068273095,0.6279761904761905,0.25,0.27710843373493976,0.3171457561850548,0.29492583870887756,0.6687659446001053,0.6261783838272095
149,5,random,reference,98366,main,data/simulation_output/thesis_final_runs_v1/design_0149/rule_random/seed_98366/run_0,puzzle,55.792,19.408,20.108,0.615,48.226190476190474,41.0,0.05056224899598393,21.154761904761905,15.0,0.014538152610441769,325.00764200539516,0.02411875211899834,0.0028260976541787386,20.607142857142858,17.0,0.01502008032128514,0.5714285714285714,0.5,0.2740963855421687,0.34251075303554535,0.37176111340522766,0.712749813079834,0.648212194442749
149,5,random,reference,99085,main,data/simulation_output/thesis_final_runs_v1/design_0149/rule_random/seed_99085/run_0,puzzle,56.136,14.932,21.436,0.63,48.88095238095238,43.0,0.057550200803212846,16.095238095238095,22.0,0.016265060240963854,550.8283103369018,0.005467534040300441,0.00014806364197283983,21.535714285714285,21.0,0.018433734939759038,0.6309523809523809,1.0,0.29518072289156627,0.3238553729057312,0.33159270882606506,0.6797986094951629,0.7849031090736389
149,5,random,reference,99163,main,data/simulation_output/thesis_final_runs_v1/design_0149/rule_random/seed_99163/run_0,puzzle,56.36,21.948,19.756,0.655,50.964285714285715,59.0,0.05473895582329317,34.142857142857146,47.0,0.018835341365461847,416.21695800652674,0.00026669313732392245,1.752315802150406e-05,20.047619047619047,21.0,0.021887550200803213,0.6369047619047619,0.5,0.2520080321285141,0.3361335490942001,0.33005663752555847,0.6980884504318238,0.8099215626716614
149,5,random,reference,99173,main,data/simulation_output/thesis_final_runs_v1/design_0149/rule_random/seed_99173/run_0,puzzle,57.996,21.148,19.156,0.63,49.82142857142857,41.0,0.05040160642570281,22.107142857142858,32.0,0.009116465863453816,527.626971806288,0.02811273985744698,0.0006270893500186503,19.55952380952381,21.0,0.013654618473895583,0.6428571428571429,0.5,0.29819277108433734,0.32587401258945464,0.2812958061695099,0.6736235451698304,0.6791525483131409
